storage_type,uid,basin,formation_id,state,lon,lat
SALINE,1,,Arbuckle1,OK,-98.623787,36.493306
SALINE,2,,Arbuckle2,CO,-102.936109,38.64941
SALINE,3,,Arbuckle3,KS,-101.816956,39.276326
SALINE,4,,Arbuckle4,KS,-99.205676,37.695016
SALINE,5,,Atoka1,TX,-102.443718,31.793246
SALINE,6,,Atoka2,NM,-103.618913,32.964927
SALINE,7,,Basal Cambrian1,MT,-111.340871,48.435289
SALINE,8,,Basal Cambrian2,MT,-104.316713,47.842869
SALINE,9,,Basal Cambrian3,MT,-105.134155,47.614156
SALINE,10,,Basal Cambrian4,MT,-106.224958,47.390368
SALINE,11,,Basal Cambrian5,ND,-103.002938,47.784371
SALINE,12,,Basal Cambrian6,ND,-102.372194,47.229709
SALINE,13,,Basal Cambrian7,ND,-100.88397,47.471859
SALINE,14,,Basal Cambrian8,ND,-99.541962,47.85124
SALINE,15,,Basal Sandstone TN Zone 1,TN,-86.666865,35.785163
SALINE,16,,Basal Sandstone TN Zone 2,TN,-85.086487,35.737442
SALINE,17,,BassIsland01,MI,-84.548849,43.876485
SALINE,18,,Broom Creek1,MT,-104.378479,46.26644
SALINE,19,,Broom Creek2,ND,-102.444209,46.848871
SALINE,20,,Broom Creek3,SD,-102.437334,45.107174
SALINE,21,,Canyon1,TX,-101.641749,34.680495
SALINE,22,,Canyon2,NM,-103.845977,34.630852
SALINE,23,,Canyon3,TX,-102.456551,31.762763
SALINE,24,,Canyon4,NM,-103.637044,32.933798
SALINE,25,,Cedar Keys-Lawson1,FL,-81.232485,27.839607
SALINE,26,,Cedar Keys-Lawson2,FL,-81.245866,26.760484
SALINE,27,,Cedar Keys-Lawson3,FL,-80.766134,25.318595
SALINE,28,,CedarHills01,NE,-103.055053,41.997395
SALINE,29,,CedarHills02,SD,-103.124554,43.401913
SALINE,30,,CedarHills03,WY,-104.628989,41.877417
SALINE,31,,CedarHills04,CO,-104.121491,40.20082
SALINE,32,,Cisco1,TX,-101.65746,34.678773
SALINE,33,,Cisco2,NM,-103.845977,34.630852
SALINE,34,,Cisco3,TX,-102.456551,31.762763
SALINE,35,,Cisco4,NM,-103.637044,32.933798
SALINE,36,,Codell1,WY,-104.516247,41.618104
SALINE,37,,Codell2,NE,-103.260074,41.641797
SALINE,38,,Codell3,CO,-103.768497,39.919537
SALINE,39,,Conasauga1,OH,-81.966527,40.523108
SALINE,40,,Copper Ridge1,OH,-81.678052,39.292768
SALINE,41,,Copper Ridge2,PA,-79.902285,40.290126
SALINE,42,,Copper Ridge3,WV,-81.236855,39.066248
SALINE,43,,Copper Ridge4,OH,-81.744828,40.03234
SALINE,44,,Crow Mountain 1,WY,-108.620741,44.409192
SALINE,45,,Crow Mountain 2,MT,-109.232242,45.100491
SALINE,46,,Crow Mountain 3,MT,-109.181934,45.186981
SALINE,47,,Crow Mountain 4,WY,-108.405712,44.225225
SALINE,48,,Dakota1,CO,-108.067845,39.537561
SALINE,49,,Dakota2,CO,-106.286837,40.637939
SALINE,50,,Dakota3,CO,-107.842042,37.196487
SALINE,51,,Dakota4,NM,-107.860282,36.35666
SALINE,52,,Dakota5,UT,-110.418893,39.731114
SALINE,53,,Dakota6,CO,-104.972078,37.354395
SALINE,54,,Dakota7,NM,-104.972436,36.767704
SALINE,55,,Dakota8,CO,-103.829364,39.955409
SALINE,56,,Dakota9,WY,-104.531272,41.662894
SALINE,57,,Dakota10,NE,-103.237192,41.669831
SALINE,58,,Dakota11,WY,-108.951827,41.837934
SALINE,59,,Devonian1,NM,-104.018957,33.030687
SALINE,60,,Domengine,CA,-120.12411,36.688649
SALINE,61,,Domengine1,CA,-121.358152,38.071841
SALINE,62,,Domengine2,CA,-121.914081,39.433532
SALINE,63,,Duperow-Lower1,MT,-111.608297,48.437306
SALINE,64,,Duperow-Upper1,MT,-111.608297,48.437306
SALINE,65,,Entrada1,CO,-108.043892,39.586576
SALINE,66,,Entrada2,UT,-110.408938,39.645765
SALINE,67,,Entrada3,CO,-104.922716,37.393966
SALINE,68,,Entrada4,NM,-104.833223,36.780506
SALINE,69,,Entrada5,CO,-103.744671,39.716428
SALINE,70,,Entrada6,WY,-104.531272,41.662894
SALINE,71,,Entrada7,NE,-103.237192,41.669831
SALINE,72,,Entrada8,CO,-107.908338,37.152901
SALINE,73,,Entrada9,NM,-107.603557,36.504894
SALINE,74,,Eutaw1,MS,-89.894158,31.994275
SALINE,75,,Eutaw2,AL,-87.648408,31.18116
SALINE,76,,Eutaw3,FL,-85.406059,30.503717
SALINE,77,,Eutaw4,GA,-82.755628,30.860447
SALINE,78,,Forbes,CA,-121.914919,39.442685
SALINE,79,,Fort Union1a,WY,-109.022469,41.804261
SALINE,80,,Fort Union1b,WY,-109.022469,41.804261
SALINE,81,,Fort Union2,WY,-108.180249,43.06611
SALINE,82,,Fountain1a,CO,-104.74694,40.096938
SALINE,83,,Fountain1b,CO,-104.74694,40.096938
SALINE,84,,Fountain2a,CO,-103.708012,40.190548
SALINE,85,,Fountain2b,CO,-103.708012,40.190548
SALINE,86,,Frio1,TX,-95.662353,29.795656
SALINE,87,,Frio2,TX,-97.928856,27.505359
SALINE,88,,Frio3a,TX,-94.238304,30.231414
SALINE,89,,Frio3b,TX,-94.2397,30.231406
SALINE,90,,Frio4,TX,-94.054696,30.027196
SALINE,91,,Frio5,TX,-94.048754,29.778215
SALINE,92,,Frio6,TX,-95.375951,29.671482
SALINE,93,,Frio7a,TX,-95.042701,29.543107
SALINE,94,,Frio7b,TX,-95.042701,29.543107
SALINE,95,,Frio8,TX,-94.945694,29.33855
SALINE,96,,Frio9a,TX,-96.77459,28.604953
SALINE,97,,Frio9b,TX,-96.77459,28.604953
SALINE,98,,Frio10,TX,-96.500092,28.515259
SALINE,99,,Frio11,TX,-95.66782,28.860671
SALINE,100,,Frio12a,TX,-97.939954,26.865191
SALINE,101,,Frio12b,TX,-97.944623,26.857127
SALINE,102,,Frio13a,TX,-97.658205,26.763223
SALINE,103,,Frio13b,TX,-97.658205,26.763223
SALINE,104,,Frio13c,TX,-97.658205,26.763223
SALINE,105,,Frontier1,MT,-106.335923,45.32074
SALINE,106,,Frontier2,WY,-105.732547,43.860527
SALINE,107,,Frontier3,WY,-108.489624,44.262418
SALINE,108,,Frontier4,WY,-109.96198,41.857891
SALINE,109,,Fusselman1,TX,-102.443718,31.793246
SALINE,110,,Fusselman2,NM,-103.618913,32.964927
SALINE,111,,Glorieta1,NM,-106.359433,35.331517
SALINE,112,,Green River1,UT,-109.986768,39.986064
SALINE,113,,Hermosa1a,CO,-108.364208,37.210988
SALINE,114,,Hermosa1b,CO,-108.368257,37.207819
SALINE,115,,InyanKara1,MT,-105.26819,47.403704
SALINE,116,,InyanKara2,SD,-102.646774,45.346961
SALINE,117,,InyanKara3,ND,-102.432213,47.40825
SALINE,118,,Knox1,IL,-88.808935,38.884721
SALINE,119,,Knox2,IL,-88.498717,38.153149
SALINE,120,,Knox3,IN,-87.114343,38.699345
SALINE,121,,Knox4,IN,-87.638568,38.085161
SALINE,122,,Knox5,KY,-87.295219,37.482424
SALINE,123,,Knox6,KY,-87.624044,37.541511
SALINE,124,,Lakota01,MT,-106.061443,45.432586
SALINE,125,,Lakota02,WY,-105.620597,43.86603
SALINE,126,,Lance1,WY,-107.756669,43.079182
SALINE,127,,Lansing01,NE,-100.980746,41.237771
SALINE,128,,Lansing02,KS,-99.80935,39.078221
SALINE,129,,Leadville1,CO,-108.368257,37.207819
SALINE,130,,Leonard1,TX,-102.452467,31.794064
SALINE,131,,Leonard2,NM,-103.618913,32.964927
SALINE,132,,Lockport01,KY,-82.850442,37.30154
SALINE,133,,Lockport02,OH,-81.401583,40.272727
SALINE,134,,Lockport03,WV,-80.699289,38.618676
SALINE,135,,Lockport04,PA,-78.648327,41.001534
SALINE,136,,Lockport05,MD,-79.067462,39.561828
SALINE,137,,Lockport06,NY,-77.313265,42.27949
SALINE,138,,Lower Tuscaloosa1,AL,-87.054397,31.45445
SALINE,139,,Lower Tuscaloosa2,AL,-87.980554,30.736916
SALINE,140,,Lower Tuscaloosa3,FL,-85.802593,30.513013
SALINE,141,,Lower Tuscaloosa4,FL,-84.247302,30.432467
SALINE,142,,Lower Tuscaloosa5,GA,-84.459381,31.008075
SALINE,143,,Lower Tuscaloosa6,LA,-92.129244,31.796701
SALINE,144,,Lower Tuscaloosa7,LA,-90.441911,30.770204
SALINE,145,,Lower Tuscaloosa8,MS,-89.913294,32.332237
SALINE,146,,Lower Tuscaloosa9,MS,-90.094294,31.364063
SALINE,147,,Lower Tuscaloosa10,MS,-89.078338,30.725223
SALINE,148,,Lyons1,CO,-104.746924,40.096968
SALINE,149,,Lyons2,CO,-103.708007,40.189039
SALINE,150,,Lyons3,CO,-104.932373,38.498043
SALINE,151,,Madison Gp-Mission Canyon Fm1,ND,-102.248011,47.523975
SALINE,152,,Madison Gp-Mission Canyon Fm2,ND,-103.437718,47.254191
SALINE,153,,Madison Gp-Mission Canyon Fm3,SD,-102.735499,45.334918
SALINE,154,,Madison Gp-Mission Canyon Fm4,MT,-105.802876,47.237959
SALINE,155,,Madison1,WY,-105.661428,43.852303
SALINE,156,,Madison2,WY,-108.427627,44.254067
SALINE,157,,Madison3,WY,-108.032945,43.062783
SALINE,158,,Madison5,WY,-109.005803,41.857385
SALINE,159,,Maha01,NE,-102.504843,41.364664
SALINE,160,,Medina01,OH,-81.487049,40.32532
SALINE,161,,Medina02,WV,-80.870266,38.580979
SALINE,162,,Medina03,MD,-79.200154,39.542546
SALINE,163,,Medina04,PA,-78.882952,41.072115
SALINE,164,,Medina05,NY,-77.670706,42.304072
SALINE,165,,Mesaverde1,CO,-107.789933,37.189233
SALINE,166,,Mesaverde2,NM,-107.651734,36.36326
SALINE,167,,Mesaverde3,UT,-109.942216,39.846619
SALINE,168,,Mesaverde4,WY,-109.004687,41.844944
SALINE,169,,Mesaverde5,WY,-107.791841,43.057494
SALINE,170,,Minnelusa1,WY,-105.723093,43.969281
SALINE,171,,Minnelusa2,MT,-106.228001,45.384305
SALINE,172,,Mokelumne River1,CA,-121.358152,38.071841
SALINE,173,,Mokelumne River2,CA,-121.912997,39.433326
SALINE,174,,Monterey1a,CA,-120.124026,36.688592
SALINE,175,,Monterey1b,CA,-120.123397,36.689265
SALINE,176,,Moreno1(Starkey),CA,-121.914997,39.435899
SALINE,177,,Moreno2,CA,-120.122862,36.687777
SALINE,178,,Morrison1,CO,-107.79039,37.195552
SALINE,179,,Morrison2,NM,-107.652666,36.368147
SALINE,180,,Morrison3,CO,-103.779655,39.885283
SALINE,181,,Morrison4,WY,-104.516272,41.672577
SALINE,182,,Morrison5,NE,-103.221649,41.666621
SALINE,183,,Morrison6,WY,-108.335374,41.721884
SALINE,184,,Morrison7,UT,-110.057661,39.947087
SALINE,185,,Morrison8,CO,-107.684203,40.148758
SALINE,186,,Morrow1,OK,-99.272488,36.469471
SALINE,187,,Mount Simon1,IL,-88.443941,38.321953
SALINE,188,,Mount Simon2,IL,-88.594741,39.041157
SALINE,189,,Mount Simon3,IL,-89.238991,39.919913
SALINE,190,,Mount Simon4,IN,-87.518881,38.174101
SALINE,191,,Mount Simon5,IN,-86.946409,38.747523
SALINE,192,,Mount Simon6,IN,-86.053129,40.205727
SALINE,193,,Mount Simon7,MI,-85.777388,42.285556
SALINE,194,,Mount Simon8,MI,-83.66684,42.225355
SALINE,195,,Mount Simon9,MI,-84.57742,43.875775
SALINE,196,,Mount Simon10,OH,-83.760229,40.092839
SALINE,197,,Mount Simon11,KY,-84.596499,38.291331
SALINE,198,,Muddy1,WY,-108.550954,44.316664
SALINE,199,,Muddy2,WY,-108.409006,44.294862
SALINE,200,,Muddy3,MT,-109.117305,45.152116
SALINE,201,,Muddy4,MT,-106.220976,45.399568
SALINE,202,,Muddy5,CO,-107.939045,40.611594
SALINE,203,,Muddy6,WY,-108.488886,41.830741
SALINE,204,,Muddy7,WY,-105.661316,43.864678
SALINE,205,,Muddy8,WY,-108.068245,43.052502
SALINE,206,,Navajo01,UT,-110.767979,38.962825
SALINE,207,,Niagaran01,MI,-84.548851,43.876485
SALINE,208,,Nugget1,CO,-107.939045,40.611594
SALINE,209,,Nugget2,WY,-108.488886,41.830741
SALINE,210,,Nugget3,WY,-110.774115,42.004354
SALINE,211,,Nugget4,WY,-108.273065,43.067759
SALINE,212,,Oriskany1,MD,-79.197851,39.539686
SALINE,213,,Oriskany2,OH,-81.432463,40.061158
SALINE,214,,Oriskany3,OH,-80.855459,40.478602
SALINE,215,,Oriskany4,PA,-77.929209,40.91741
SALINE,216,,Oriskany5,PA,-78.99886,41.504503
SALINE,217,,Oriskany6,WV,-80.508034,38.611997
SALINE,218,,Oriskany7,WV,-81.798152,38.455235
SALINE,219,,Paluxy1,TX,-95.422424,32.490719
SALINE,220,,Paluxy2,TX,-95.420633,32.267313
SALINE,221,,Paluxy3,TX,-95.242972,32.316896
SALINE,222,,Paluxy4,AL,-87.321291,31.485687
SALINE,223,,Paluxy5,FL,-85.850991,30.522298
SALINE,224,,Paluxy6,MS,-89.648985,31.766773
SALINE,225,,Panoche1a,CA,-120.12411,36.688649
SALINE,226,,Panoche1b,CA,-120.123373,36.68916
SALINE,227,,Paradox1,UT,-109.784291,38.164558
SALINE,228,,Potsdam1,PA,-79.37743,41.538398
SALINE,229,,Queen1,TX,-102.452467,31.794064
SALINE,230,,Queen2,NM,-103.618913,32.964927
SALINE,231,,Reagan01,CO,-102.494834,37.568758
SALINE,232,,Reagan02,NE,-100.773843,40.443608
SALINE,233,,Reagan03,KS,-99.818561,39.078589
SALINE,234,,Reagan04,KS,-100.296748,37.895391
SALINE,235,,Reagan05,OK,-99.004941,36.103341
SALINE,236,,Reagan06,TX,-100.997608,35.998986
SALINE,237,,Red River1,ND,-101.13609,47.614641
SALINE,238,,Red River2,MT,-105.128084,47.582421
SALINE,239,,Repetto Sst1,CA,-118.142696,33.888938
SALINE,240,,Repetto Sst2a,CA,-118.142696,33.888938
SALINE,241,,Repetto Sst2b,CA,-118.142696,33.888938
SALINE,242,,Repetto Sst2c,CA,-118.142696,33.888938
SALINE,243,,Repetto Sst3a,CA,-118.142696,33.888938
SALINE,244,,Repetto Sst3b,CA,-118.142696,33.888938
SALINE,245,,Repetto Sst3c,CA,-118.142696,33.888938
SALINE,246,,Repetto Sst3d,CA,-118.142696,33.888938
SALINE,247,,Rome Trough Sst1,KY,-83.541567,37.313802
SALINE,248,,Rome Trough Sst2,WV,-81.794997,38.546028
SALINE,249,,Rose Run1,KY,-83.460799,37.418126
SALINE,250,,Rose Run2,OH,-81.731723,40.036197
SALINE,251,,Rose Run3,PA,-78.868883,40.92619
SALINE,252,,Rose Run4,PA,-79.692934,41.461703
SALINE,253,,Rose Run5,WV,-81.534913,38.750221
SALINE,254,,Rose Run6,NY,-77.366171,42.673771
SALINE,255,,San Andres1,TX,-102.452467,31.794064
SALINE,256,,San Andres2,NM,-103.618913,32.964927
SALINE,257,,Seven Rivers1,TX,-102.452467,31.794064
SALINE,258,,Seven Rivers2,NM,-103.618913,32.964927
SALINE,259,,Simpson01,KS,-99.878463,37.599931
SALINE,260,,Simpson02,OK,-99.012367,36.120517
SALINE,261,,Simpson03,TX,-100.978564,35.990167
SALINE,262,,Simpson04,CO,-102.380417,37.084567
SALINE,263,,St.Peter1,IL,-88.808935,38.884721
SALINE,264,,St.Peter2,IL,-88.498717,38.153149
SALINE,265,,St.Peter3,IN,-87.114343,38.699345
SALINE,266,,St.Peter4,IN,-87.638568,38.085161
SALINE,267,,St.Peter5,KY,-87.295219,37.482424
SALINE,268,,St.Peter6,KY,-87.624044,37.541511
SALINE,269,,St.Peter7,MI,-84.296037,45.372119
SALINE,270,,St.Peter8,MI,-85.062088,42.443894
SALINE,271,,St.Peter9,MI,-84.44558,43.707425
SALINE,272,,St.Peter10,MI,-84.423265,44.035145
SALINE,273,,Starkey1,CA,-121.358152,38.071841
SALINE,274,,Stevens1,CA,-119.319149,35.410859
SALINE,275,,Strawn1,TX,-102.452467,31.794064
SALINE,276,,Strawn2,NM,-103.618913,32.964927
SALINE,277,,Sundance1,MT,-106.078871,45.431621
SALINE,278,,Sundance2,WY,-105.60585,43.864477
SALINE,279,,Sunniland1,FL,-81.137761,26.15994
SALINE,280,,Sylvania1,MI,-84.696178,43.913044
SALINE,281,,Temblor1a,CA,-119.319142,35.410859
SALINE,282,,Temblor1b,CA,-119.319142,35.410859
SALINE,283,,Temblor2a,CA,-120.12411,36.688649
SALINE,284,,Temblor2b,CA,-120.12411,36.688649
SALINE,285,,Temblor3a,CA,-120.124026,36.688592
SALINE,286,,Temblor3b,CA,-120.124026,36.688592
SALINE,287,,Temblor3c,CA,-120.124026,36.688592
SALINE,288,,Tensleep1,WY,-108.48701200000001,44.230322
SALINE,289,,Tensleep2,WY,-108.5924,44.403095
SALINE,290,,Tensleep3,MT,-109.180956,45.177169
SALINE,291,,Tensleep4,WY,-110.592718,41.988206
SALINE,292,,Tensleep5,UT,-111.185568,41.139183
SALINE,293,,Tensleep 6,WY,-108.082819,43.059416
SALINE,294,,Viola01,CO,-102.35125,37.697923
SALINE,295,,Viola02,KS,-100.369175,37.860986
SALINE,296,,Viola03,OK,-99.07061,36.074148
SALINE,297,,Viola04,TX,-100.929434,35.997845
SALINE,298,,Wasatch1,UT,-109.786108,40.019588
SALINE,299,,Washita-Fredericksburg1,AL,-87.453907,31.394198
SALINE,300,,Washita-Fredericksburg2,FL,-85.779607,30.511104
SALINE,301,,Washita-Fredericksburg3,MS,-89.680548,31.735258
SALINE,302,,Waste Gate1,MD,-75.511496,38.237383
SALINE,303,,Weber1,CO,-107.589686,39.133874
SALINE,304,,Weber2,CO,-108.372587,39.794882
SALINE,305,,Weber3,CO,-107.81779,40.608238
SALINE,306,,Weber4,WY,-106.627097,41.600899
SALINE,307,,WhiteRim01,UT,-110.775813,38.96364
SALINE,308,,Winters1a,CA,-121.358152,38.071841
SALINE,309,,Winters1b,CA,-121.358152,38.071841
SALINE,310,,Winters1c,CA,-121.358152,38.071841
SALINE,311,,Winters2,CA,-121.913304,39.441286
SALINE,312,,Wolfcamp1,TX,-101.65746,34.678773
SALINE,313,,Wolfcamp2,NM,-103.845977,34.630852
SALINE,314,,Woodbine1,TX,-95.574182,31.698111
EOR,DOKS6344800,Anadarko Basin - KS,DOKS6344800,KS,-101.50785,37.183145
EOR,DOKS6345200,Anadarko Basin - KS,DOKS6345200,KS,-101.50785,37.183145
EOR,DOKS6345500,Anadarko Basin - KS,DOKS6345500,KS,-101.50785,37.183145
EOR,DOKS6345900,Anadarko Basin - KS,DOKS6345900,KS,-101.50785,37.183145
EOR,DOKS6346000,Anadarko Basin - KS,DOKS6346000,KS,-101.50785,37.183145
EOR,DOKS6346400,Anadarko Basin - KS,DOKS6346400,KS,-101.50785,37.183145
EOR,DOKS6346500,Anadarko Basin - KS,DOKS6346500,KS,-101.50785,37.183145
EOR,DOKS6347000,Anadarko Basin - KS,DOKS6347000,KS,-101.50785,37.183145
EOR,DOKS6347200,Anadarko Basin - KS,DOKS6347200,KS,-101.50785,37.183145
EOR,DOKS6348100,Anadarko Basin - KS,DOKS6348100,KS,-101.50785,37.183145
EOR,DOKS6350100,Anadarko Basin - KS,DOKS6350100,KS,-101.50785,37.183145
EOR,DOKS6351600,Anadarko Basin - KS,DOKS6351600,KS,-101.50785,37.183145
EOR,DOKS6354800,Anadarko Basin - KS,DOKS6354800,KS,-101.50785,37.183145
EOR,DOKS6356100,Anadarko Basin - KS,DOKS6356100,KS,-101.50785,37.183145
EOR,DOKS6357100,Anadarko Basin - KS,DOKS6357100,KS,-101.50785,37.183145
EOR,DOKS6357500,Anadarko Basin - KS,DOKS6357500,KS,-101.50785,37.183145
EOR,DOKS6359000,Anadarko Basin - KS,DOKS6359000,KS,-101.50785,37.183145
EOR,DOKS6361400,Anadarko Basin - KS,DOKS6361400,KS,-101.50785,37.183145
EOR,DOKS6362100,Anadarko Basin - KS,DOKS6362100,KS,-101.50785,37.183145
EOR,DOKS6366300,Anadarko Basin - KS,DOKS6366300,KS,-101.50785,37.183145
EOR,DOKS6369200,Anadarko Basin - KS,DOKS6369200,KS,-101.50785,37.183145
EOR,DOKS6372000,Anadarko Basin - KS,DOKS6372000,KS,-101.50785,37.183145
EOR,DOKS6375500,Anadarko Basin - KS,DOKS6375500,KS,-101.50785,37.183145
EOR,DOKS6377600,Anadarko Basin - KS,DOKS6377600,KS,-101.50785,37.183145
EOR,DOKS6377900,Anadarko Basin - KS,DOKS6377900,KS,-101.50785,37.183145
EOR,DOOK6337300,Anadarko Basin - OK,DOOK6337300,OK,-98.811518,35.643089
EOR,DOOK6340500,Anadarko Basin - OK,DOOK6340500,OK,-98.811518,35.643089
EOR,DOOK6344300,Anadarko Basin - OK,DOOK6344300,OK,-98.811518,35.643089
EOR,DOOK6344600,Anadarko Basin - OK,DOOK6344600,OK,-98.811518,35.643089
EOR,DOOK6344700,Anadarko Basin - OK,DOOK6344700,OK,-98.811518,35.643089
EOR,DOOK6345100,Anadarko Basin - OK,DOOK6345100,OK,-98.811518,35.643089
EOR,DOOK6345300,Anadarko Basin - OK,DOOK6345300,OK,-98.811518,35.643089
EOR,DOOK6345400,Anadarko Basin - OK,DOOK6345400,OK,-98.811518,35.643089
EOR,DOOK6345700,Anadarko Basin - OK,DOOK6345700,OK,-98.811518,35.643089
EOR,DOOK6346200,Anadarko Basin - OK,DOOK6346200,OK,-98.811518,35.643089
EOR,DOOK6346300,Anadarko Basin - OK,DOOK6346300,OK,-98.811518,35.643089
EOR,DOOK6346600,Anadarko Basin - OK,DOOK6346600,OK,-98.811518,35.643089
EOR,DOOK6347500,Anadarko Basin - OK,DOOK6347500,OK,-98.811518,35.643089
EOR,DOOK6348300,Anadarko Basin - OK,DOOK6348300,OK,-98.811518,35.643089
EOR,DOOK6348700,Anadarko Basin - OK,DOOK6348700,OK,-98.811518,35.643089
EOR,DOOK6348800,Anadarko Basin - OK,DOOK6348800,OK,-98.811518,35.643089
EOR,DOOK6349100,Anadarko Basin - OK,DOOK6349100,OK,-98.811518,35.643089
EOR,DOOK6349400,Anadarko Basin - OK,DOOK6349400,OK,-98.811518,35.643089
EOR,DOOK6351000,Anadarko Basin - OK,DOOK6351000,OK,-98.811518,35.643089
EOR,DOOK6351100,Anadarko Basin - OK,DOOK6351100,OK,-98.811518,35.643089
EOR,DOOK6351200,Anadarko Basin - OK,DOOK6351200,OK,-98.811518,35.643089
EOR,DOOK6351400,Anadarko Basin - OK,DOOK6351400,OK,-98.811518,35.643089
EOR,DOOK6351900,Anadarko Basin - OK,DOOK6351900,OK,-98.811518,35.643089
EOR,DOOK6352100,Anadarko Basin - OK,DOOK6352100,OK,-98.811518,35.643089
EOR,DOOK6352200,Anadarko Basin - OK,DOOK6352200,OK,-98.811518,35.643089
EOR,DOOK6352500,Anadarko Basin - OK,DOOK6352500,OK,-98.811518,35.643089
EOR,DOOK6352900,Anadarko Basin - OK,DOOK6352900,OK,-98.811518,35.643089
EOR,DOOK6354000,Anadarko Basin - OK,DOOK6354000,OK,-98.811518,35.643089
EOR,DOOK6354400,Anadarko Basin - OK,DOOK6354400,OK,-98.811518,35.643089
EOR,DOOK6354500,Anadarko Basin - OK,DOOK6354500,OK,-98.811518,35.643089
EOR,DOOK6355300,Anadarko Basin - OK,DOOK6355300,OK,-98.811518,35.643089
EOR,DOOK6356200,Anadarko Basin - OK,DOOK6356200,OK,-98.811518,35.643089
EOR,DOOK6356400,Anadarko Basin - OK,DOOK6356400,OK,-98.811518,35.643089
EOR,DOOK6357600,Anadarko Basin - OK,DOOK6357600,OK,-98.811518,35.643089
EOR,DOOK6357700,Anadarko Basin - OK,DOOK6357700,OK,-98.811518,35.643089
EOR,DOOK6357900,Anadarko Basin - OK,DOOK6357900,OK,-98.811518,35.643089
EOR,DOOK6358000,Anadarko Basin - OK,DOOK6358000,OK,-98.811518,35.643089
EOR,DOOK6359400,Anadarko Basin - OK,DOOK6359400,OK,-98.811518,35.643089
EOR,DOOK6360400,Anadarko Basin - OK,DOOK6360400,OK,-98.811518,35.643089
EOR,DOOK6360500,Anadarko Basin - OK,DOOK6360500,OK,-98.811518,35.643089
EOR,DOOK6360700,Anadarko Basin - OK,DOOK6360700,OK,-98.811518,35.643089
EOR,DOOK6360800,Anadarko Basin - OK,DOOK6360800,OK,-98.811518,35.643089
EOR,DOOK6360900,Anadarko Basin - OK,DOOK6360900,OK,-98.811518,35.643089
EOR,DOOK6362600,Anadarko Basin - OK,DOOK6362600,OK,-98.811518,35.643089
EOR,DOOK6363100,Anadarko Basin - OK,DOOK6363100,OK,-98.811518,35.643089
EOR,DOOK6363300,Anadarko Basin - OK,DOOK6363300,OK,-98.811518,35.643089
EOR,DOOK6365900,Anadarko Basin - OK,DOOK6365900,OK,-98.811518,35.643089
EOR,DOOK6366000,Anadarko Basin - OK,DOOK6366000,OK,-98.811518,35.643089
EOR,DOOK6367300,Anadarko Basin - OK,DOOK6367300,OK,-98.811518,35.643089
EOR,DOOK6367900,Anadarko Basin - OK,DOOK6367900,OK,-98.811518,35.643089
EOR,DOOK6368200,Anadarko Basin - OK,DOOK6368200,OK,-98.811518,35.643089
EOR,DOOK6370000,Anadarko Basin - OK,DOOK6370000,OK,-98.811518,35.643089
EOR,DOOK6370200,Anadarko Basin - OK,DOOK6370200,OK,-98.811518,35.643089
EOR,DOOK6371300,Anadarko Basin - OK,DOOK6371300,OK,-98.811518,35.643089
EOR,DOOK6371600,Anadarko Basin - OK,DOOK6371600,OK,-98.811518,35.643089
EOR,DOOK6373500,Anadarko Basin - OK,DOOK6373500,OK,-98.811518,35.643089
EOR,DOOK6373800,Anadarko Basin - OK,DOOK6373800,OK,-98.811518,35.643089
EOR,DOOK6376200,Anadarko Basin - OK,DOOK6376200,OK,-98.811518,35.643089
EOR,DOOK6376400,Anadarko Basin - OK,DOOK6376400,OK,-98.811518,35.643089
EOR,DOOK6376500,Anadarko Basin - OK,DOOK6376500,OK,-98.811518,35.643089
EOR,DOOK6377300,Anadarko Basin - OK,DOOK6377300,OK,-98.811518,35.643089
EOR,DOOK6378100,Anadarko Basin - OK,DOOK6378100,OK,-98.811518,35.643089
EOR,DOOK6378200,Anadarko Basin - OK,DOOK6378200,OK,-98.811518,35.643089
EOR,DOOK6379200,Anadarko Basin - OK,DOOK6379200,OK,-98.811518,35.643089
EOR,DOOK7309900,Anadarko Basin - OK,DOOK7309900,OK,-98.811518,35.643089
EOR,DOOK7310700,Anadarko Basin - OK,DOOK7310700,OK,-98.811518,35.643089
EOR,DOOK7311100,Anadarko Basin - OK,DOOK7311100,OK,-98.811518,35.643089
EOR,DOOK7311300,Anadarko Basin - OK,DOOK7311300,OK,-98.811518,35.643089
EOR,DOOK7311500,Anadarko Basin - OK,DOOK7311500,OK,-98.811518,35.643089
EOR,DOOK7312300,Anadarko Basin - OK,DOOK7312300,OK,-98.811518,35.643089
EOR,DOOK7312800,Anadarko Basin - OK,DOOK7312800,OK,-98.811518,35.643089
EOR,DOOK7313100,Anadarko Basin - OK,DOOK7313100,OK,-98.811518,35.643089
EOR,DOOK7316100,Anadarko Basin - OK,DOOK7316100,OK,-98.811518,35.643089
EOR,DOOK7316400,Anadarko Basin - OK,DOOK7316400,OK,-98.811518,35.643089
EOR,DOOK7316700,Anadarko Basin - OK,DOOK7316700,OK,-98.811518,35.643089
EOR,DOOK7317200,Anadarko Basin - OK,DOOK7317200,OK,-98.811518,35.643089
EOR,DOOK7317300,Anadarko Basin - OK,DOOK7317300,OK,-98.811518,35.643089
EOR,DOOK7318900,Anadarko Basin - OK,DOOK7318900,OK,-98.811518,35.643089
EOR,DOOK7319100,Anadarko Basin - OK,DOOK7319100,OK,-98.811518,35.643089
EOR,DOOK7320400,Anadarko Basin - OK,DOOK7320400,OK,-98.811518,35.643089
EOR,DOOK7321900,Anadarko Basin - OK,DOOK7321900,OK,-98.811518,35.643089
EOR,DOOK7322600,Anadarko Basin - OK,DOOK7322600,OK,-98.811518,35.643089
EOR,DOOK7322900,Anadarko Basin - OK,DOOK7322900,OK,-98.811518,35.643089
EOR,DOOK7323000,Anadarko Basin - OK,DOOK7323000,OK,-98.811518,35.643089
EOR,DOOK7323100,Anadarko Basin - OK,DOOK7323100,OK,-98.811518,35.643089
EOR,DOOK7323300,Anadarko Basin - OK,DOOK7323300,OK,-98.811518,35.643089
EOR,DOOK7323400,Anadarko Basin - OK,DOOK7323400,OK,-98.811518,35.643089
EOR,DOOK7323500,Anadarko Basin - OK,DOOK7323500,OK,-98.811518,35.643089
EOR,DOOK7323600,Anadarko Basin - OK,DOOK7323600,OK,-98.811518,35.643089
EOR,DOOK7323900,Anadarko Basin - OK,DOOK7323900,OK,-98.811518,35.643089
EOR,DOOK7324100,Anadarko Basin - OK,DOOK7324100,OK,-98.811518,35.643089
EOR,DOOK7324700,Anadarko Basin - OK,DOOK7324700,OK,-98.811518,35.643089
EOR,DOOK7325100,Anadarko Basin - OK,DOOK7325100,OK,-98.811518,35.643089
EOR,DOOK7325300,Anadarko Basin - OK,DOOK7325300,OK,-98.811518,35.643089
EOR,DOOK7325800,Anadarko Basin - OK,DOOK7325800,OK,-98.811518,35.643089
EOR,DOOK7326200,Anadarko Basin - OK,DOOK7326200,OK,-98.811518,35.643089
EOR,DOOK7326500,Anadarko Basin - OK,DOOK7326500,OK,-98.811518,35.643089
EOR,DOOK7326900,Anadarko Basin - OK,DOOK7326900,OK,-98.811518,35.643089
EOR,DOOK7327000,Anadarko Basin - OK,DOOK7327000,OK,-98.811518,35.643089
EOR,DOOK7327400,Anadarko Basin - OK,DOOK7327400,OK,-98.811518,35.643089
EOR,DOOK7328100,Anadarko Basin - OK,DOOK7328100,OK,-98.811518,35.643089
EOR,DOOK7328900,Anadarko Basin - OK,DOOK7328900,OK,-98.811518,35.643089
EOR,DOOK7329300,Anadarko Basin - OK,DOOK7329300,OK,-98.811518,35.643089
EOR,DOOK7329700,Anadarko Basin - OK,DOOK7329700,OK,-98.811518,35.643089
EOR,DOOK7329900,Anadarko Basin - OK,DOOK7329900,OK,-98.811518,35.643089
EOR,DOOK7330000,Anadarko Basin - OK,DOOK7330000,OK,-98.811518,35.643089
EOR,DOOK7330700,Anadarko Basin - OK,DOOK7330700,OK,-98.811518,35.643089
EOR,DOOK7331400,Anadarko Basin - OK,DOOK7331400,OK,-98.811518,35.643089
EOR,DOOK7331600,Anadarko Basin - OK,DOOK7331600,OK,-98.811518,35.643089
EOR,DOOK7331700,Anadarko Basin - OK,DOOK7331700,OK,-98.811518,35.643089
EOR,DOOK7331900,Anadarko Basin - OK,DOOK7331900,OK,-98.811518,35.643089
EOR,DOOK7332000,Anadarko Basin - OK,DOOK7332000,OK,-98.811518,35.643089
EOR,DOOK7333200,Anadarko Basin - OK,DOOK7333200,OK,-98.811518,35.643089
EOR,DOOK7333800,Anadarko Basin - OK,DOOK7333800,OK,-98.811518,35.643089
EOR,DOOK7334600,Anadarko Basin - OK,DOOK7334600,OK,-98.811518,35.643089
EOR,DOOK7336100,Anadarko Basin - OK,DOOK7336100,OK,-98.811518,35.643089
EOR,DOOK7336300,Anadarko Basin - OK,DOOK7336300,OK,-98.811518,35.643089
EOR,DOOK7336400,Anadarko Basin - OK,DOOK7336400,OK,-98.811518,35.643089
EOR,DOOK7336800,Anadarko Basin - OK,DOOK7336800,OK,-98.811518,35.643089
EOR,DOOK7337100,Anadarko Basin - OK,DOOK7337100,OK,-98.811518,35.643089
EOR,DOOK7338200,Anadarko Basin - OK,DOOK7338200,OK,-98.811518,35.643089
EOR,DOOK7338300,Anadarko Basin - OK,DOOK7338300,OK,-98.811518,35.643089
EOR,DOOK7338500,Anadarko Basin - OK,DOOK7338500,OK,-98.811518,35.643089
EOR,DOOK7339700,Anadarko Basin - OK,DOOK7339700,OK,-98.811518,35.643089
EOR,DOOK7340400,Anadarko Basin - OK,DOOK7340400,OK,-98.811518,35.643089
EOR,DOOK7340500,Anadarko Basin - OK,DOOK7340500,OK,-98.811518,35.643089
EOR,DOOK7342200,Anadarko Basin - OK,DOOK7342200,OK,-98.811518,35.643089
EOR,DOOK7343500,Anadarko Basin - OK,DOOK7343500,OK,-98.811518,35.643089
EOR,DOOK7343600,Anadarko Basin - OK,DOOK7343600,OK,-98.811518,35.643089
EOR,DOOK7343800,Anadarko Basin - OK,DOOK7343800,OK,-98.811518,35.643089
EOR,DOOK7344600,Anadarko Basin - OK,DOOK7344600,OK,-98.811518,35.643089
EOR,DOOK7345700,Anadarko Basin - OK,DOOK7345700,OK,-98.811518,35.643089
EOR,DOOK7345800,Anadarko Basin - OK,DOOK7345800,OK,-98.811518,35.643089
EOR,DOOK7345900,Anadarko Basin - OK,DOOK7345900,OK,-98.811518,35.643089
EOR,DOOK7346000,Anadarko Basin - OK,DOOK7346000,OK,-98.811518,35.643089
EOR,DOOK7346500,Anadarko Basin - OK,DOOK7346500,OK,-98.811518,35.643089
EOR,DOOK7346700,Anadarko Basin - OK,DOOK7346700,OK,-98.811518,35.643089
EOR,DOOK7347700,Anadarko Basin - OK,DOOK7347700,OK,-98.811518,35.643089
EOR,DOOK7349100,Anadarko Basin - OK,DOOK7349100,OK,-98.811518,35.643089
EOR,DOOK7349200,Anadarko Basin - OK,DOOK7349200,OK,-98.811518,35.643089
EOR,DOOK7349300,Anadarko Basin - OK,DOOK7349300,OK,-98.811518,35.643089
EOR,DOOK7349500,Anadarko Basin - OK,DOOK7349500,OK,-98.811518,35.643089
EOR,DOOK7349600,Anadarko Basin - OK,DOOK7349600,OK,-98.811518,35.643089
EOR,DOOK7349900,Anadarko Basin - OK,DOOK7349900,OK,-98.811518,35.643089
EOR,DOOK7350100,Anadarko Basin - OK,DOOK7350100,OK,-98.811518,35.643089
EOR,DOOK7350300,Anadarko Basin - OK,DOOK7350300,OK,-98.811518,35.643089
EOR,DOOK7350700,Anadarko Basin - OK,DOOK7350700,OK,-98.811518,35.643089
EOR,DOOK7350900,Anadarko Basin - OK,DOOK7350900,OK,-98.811518,35.643089
EOR,DOOK7351900,Anadarko Basin - OK,DOOK7351900,OK,-98.811518,35.643089
EOR,DOOK7352100,Anadarko Basin - OK,DOOK7352100,OK,-98.811518,35.643089
EOR,DOOK7352200,Anadarko Basin - OK,DOOK7352200,OK,-98.811518,35.643089
EOR,DOOK7352700,Anadarko Basin - OK,DOOK7352700,OK,-98.811518,35.643089
EOR,DOOK7353900,Anadarko Basin - OK,DOOK7353900,OK,-98.811518,35.643089
EOR,DOOK7354400,Anadarko Basin - OK,DOOK7354400,OK,-98.811518,35.643089
EOR,DOOK7354600,Anadarko Basin - OK,DOOK7354600,OK,-98.811518,35.643089
EOR,DOOK7354700,Anadarko Basin - OK,DOOK7354700,OK,-98.811518,35.643089
EOR,DOOK7355000,Anadarko Basin - OK,DOOK7355000,OK,-98.811518,35.643089
EOR,DOOK7355300,Anadarko Basin - OK,DOOK7355300,OK,-98.811518,35.643089
EOR,DOOK7356700,Anadarko Basin - OK,DOOK7356700,OK,-98.811518,35.643089
EOR,DOOK7359100,Anadarko Basin - OK,DOOK7359100,OK,-98.811518,35.643089
EOR,DOOK7359400,Anadarko Basin - OK,DOOK7359400,OK,-98.811518,35.643089
EOR,DOOK7359700,Anadarko Basin - OK,DOOK7359700,OK,-98.811518,35.643089
EOR,DOOK7359800,Anadarko Basin - OK,DOOK7359800,OK,-98.811518,35.643089
EOR,DOOK7359900,Anadarko Basin - OK,DOOK7359900,OK,-98.811518,35.643089
EOR,DOOK7360100,Anadarko Basin - OK,DOOK7360100,OK,-98.811518,35.643089
EOR,DOOK7360300,Anadarko Basin - OK,DOOK7360300,OK,-98.811518,35.643089
EOR,DOOK7360600,Anadarko Basin - OK,DOOK7360600,OK,-98.811518,35.643089
EOR,DOOK7361100,Anadarko Basin - OK,DOOK7361100,OK,-98.811518,35.643089
EOR,DOOK7361600,Anadarko Basin - OK,DOOK7361600,OK,-98.811518,35.643089
EOR,DOTX6347400,Anadarko Basin - TX,DOTX6347400,TX,-100.423451,35.951881
EOR,DOTX6347600,Anadarko Basin - TX,DOTX6347600,TX,-100.423451,35.951881
EOR,DOTX6347800,Anadarko Basin - TX,DOTX6347800,TX,-100.423451,35.951881
EOR,DOTX6348400,Anadarko Basin - TX,DOTX6348400,TX,-100.423451,35.951881
EOR,DOTX6348900,Anadarko Basin - TX,DOTX6348900,TX,-100.423451,35.951881
EOR,DOTX6349000,Anadarko Basin - TX,DOTX6349000,TX,-100.423451,35.951881
EOR,DOTX6351800,Anadarko Basin - TX,DOTX6351800,TX,-100.423451,35.951881
EOR,DOTX6352800,Anadarko Basin - TX,DOTX6352800,TX,-100.423451,35.951881
EOR,DOTX6353800,Anadarko Basin - TX,DOTX6353800,TX,-100.423451,35.951881
EOR,DOTX6354100,Anadarko Basin - TX,DOTX6354100,TX,-100.423451,35.951881
EOR,DOTX6369500,Anadarko Basin - TX,DOTX6369500,TX,-100.423451,35.951881
EOR,DOTX6377400,Anadarko Basin - TX,DOTX6377400,TX,-100.423451,35.951881
EOR,DOTX6381000,Anadarko Basin - TX,DOTX6381000,TX,-100.423451,35.951881
EOR,DOTX6382600,Anadarko Basin - TX,DOTX6382600,TX,-100.423451,35.951881
EOR,DOTX6383900,Anadarko Basin - TX,DOTX6383900,TX,-100.423451,35.951881
EOR,DOTX6744600,Anadarko Basin - TX,DOTX6744600,TX,-100.423451,35.951881
EOR,DONY7299100,Appalachian Basin - NY,DONY7299100,NY,-76.413601,42.609829
EOR,DOTN6499900,Appalachian Basin - TN,DOTN6499900,TN,-84.477099,36.301836
EOR,DOVA6799900,Appalachian Basin - VA,DOVA6799900,VA,-80.893616,37.494133
EOR,DOOK6264900,Arkoma Basin - OK,DOOK6264900,OK,-95.537519,35.050822
EOR,DOOK6265000,Arkoma Basin - OK,DOOK6265000,OK,-95.537519,35.050822
EOR,DOOK6298200,Arkoma Basin - OK,DOOK6298200,OK,-95.537519,35.050822
EOR,DOOK6298300,Arkoma Basin - OK,DOOK6298300,OK,-95.537519,35.050822
EOR,DOOK6306800,Arkoma Basin - OK,DOOK6306800,OK,-95.537519,35.050822
EOR,DOOK6317200,Arkoma Basin - OK,DOOK6317200,OK,-95.537519,35.050822
EOR,DOOK6327400,Arkoma Basin - OK,DOOK6327400,OK,-95.537519,35.050822
EOR,DOOK6327600,Arkoma Basin - OK,DOOK6327600,OK,-95.537519,35.050822
EOR,DOOK6339900,Arkoma Basin - OK,DOOK6339900,OK,-95.537519,35.050822
EOR,DOOK6270500,Bend Arch - Ft. Worth Basin - OK,DOOK6270500,OK,-98.288856,34.240032
EOR,DOOK6737400,Bend Arch - Ft. Worth Basin - OK,DOOK6737400,OK,-98.288856,34.240032
EOR,DOOK6737500,Bend Arch - Ft. Worth Basin - OK,DOOK6737500,OK,-98.288856,34.240032
EOR,DOOK6737600,Bend Arch - Ft. Worth Basin - OK,DOOK6737600,OK,-98.288856,34.240032
EOR,DOOK6737700,Bend Arch - Ft. Worth Basin - OK,DOOK6737700,OK,-98.288856,34.240032
EOR,DOOK6737800,Bend Arch - Ft. Worth Basin - OK,DOOK6737800,OK,-98.288856,34.240032
EOR,DOOK6738500,Bend Arch - Ft. Worth Basin - OK,DOOK6738500,OK,-98.288856,34.240032
EOR,DOOK6738600,Bend Arch - Ft. Worth Basin - OK,DOOK6738600,OK,-98.288856,34.240032
EOR,DOOK6743600,Bend Arch - Ft. Worth Basin - OK,DOOK6743600,OK,-98.288856,34.240032
EOR,DOTX6268400,Bend Arch - Ft. Worth Basin - TX,DOTX6268400,TX,-98.661315,32.528536
EOR,DOTX6268500,Bend Arch - Ft. Worth Basin - TX,DOTX6268500,TX,-98.661315,32.528536
EOR,DOTX6268700,Bend Arch - Ft. Worth Basin - TX,DOTX6268700,TX,-98.661315,32.528536
EOR,DOTX6269800,Bend Arch - Ft. Worth Basin - TX,DOTX6269800,TX,-98.661315,32.528536
EOR,DOTX6270600,Bend Arch - Ft. Worth Basin - TX,DOTX6270600,TX,-98.661315,32.528536
EOR,DOTX6270800,Bend Arch - Ft. Worth Basin - TX,DOTX6270800,TX,-98.661315,32.528536
EOR,DOTX6272700,Bend Arch - Ft. Worth Basin - TX,DOTX6272700,TX,-98.661315,32.528536
EOR,DOTX6272800,Bend Arch - Ft. Worth Basin - TX,DOTX6272800,TX,-98.661315,32.528536
EOR,DOTX6272900,Bend Arch - Ft. Worth Basin - TX,DOTX6272900,TX,-98.661315,32.528536
EOR,DOTX6273300,Bend Arch - Ft. Worth Basin - TX,DOTX6273300,TX,-98.661315,32.528536
EOR,DOTX6273500,Bend Arch - Ft. Worth Basin - TX,DOTX6273500,TX,-98.661315,32.528536
EOR,DOTX6273600,Bend Arch - Ft. Worth Basin - TX,DOTX6273600,TX,-98.661315,32.528536
EOR,DOTX6273900,Bend Arch - Ft. Worth Basin - TX,DOTX6273900,TX,-98.661315,32.528536
EOR,DOTX6274000,Bend Arch - Ft. Worth Basin - TX,DOTX6274000,TX,-98.661315,32.528536
EOR,DOTX6274500,Bend Arch - Ft. Worth Basin - TX,DOTX6274500,TX,-98.661315,32.528536
EOR,DOTX6275700,Bend Arch - Ft. Worth Basin - TX,DOTX6275700,TX,-98.661315,32.528536
EOR,DOTX6276200,Bend Arch - Ft. Worth Basin - TX,DOTX6276200,TX,-98.661315,32.528536
EOR,DOTX6276800,Bend Arch - Ft. Worth Basin - TX,DOTX6276800,TX,-98.661315,32.528536
EOR,DOTX6278400,Bend Arch - Ft. Worth Basin - TX,DOTX6278400,TX,-98.661315,32.528536
EOR,DOTX6278500,Bend Arch - Ft. Worth Basin - TX,DOTX6278500,TX,-98.661315,32.528536
EOR,DOTX6279700,Bend Arch - Ft. Worth Basin - TX,DOTX6279700,TX,-98.661315,32.528536
EOR,DOTX6282000,Bend Arch - Ft. Worth Basin - TX,DOTX6282000,TX,-98.661315,32.528536
EOR,DOTX6282900,Bend Arch - Ft. Worth Basin - TX,DOTX6282900,TX,-98.661315,32.528536
EOR,DOTX6525600,Bend Arch - Ft. Worth Basin - TX,DOTX6525600,TX,-98.661315,32.528536
EOR,DOTX6525700,Bend Arch - Ft. Worth Basin - TX,DOTX6525700,TX,-98.661315,32.528536
EOR,DOTX6526000,Bend Arch - Ft. Worth Basin - TX,DOTX6526000,TX,-98.661315,32.528536
EOR,DOTX6526100,Bend Arch - Ft. Worth Basin - TX,DOTX6526100,TX,-98.661315,32.528536
EOR,DOTX6526200,Bend Arch - Ft. Worth Basin - TX,DOTX6526200,TX,-98.661315,32.528536
EOR,DOTX6526300,Bend Arch - Ft. Worth Basin - TX,DOTX6526300,TX,-98.661315,32.528536
EOR,DOTX6526400,Bend Arch - Ft. Worth Basin - TX,DOTX6526400,TX,-98.661315,32.528536
EOR,DOTX6527400,Bend Arch - Ft. Worth Basin - TX,DOTX6527400,TX,-98.661315,32.528536
EOR,DOTX6527800,Bend Arch - Ft. Worth Basin - TX,DOTX6527800,TX,-98.661315,32.528536
EOR,DOTX6528600,Bend Arch - Ft. Worth Basin - TX,DOTX6528600,TX,-98.661315,32.528536
EOR,DOTX6529000,Bend Arch - Ft. Worth Basin - TX,DOTX6529000,TX,-98.661315,32.528536
EOR,DOTX6529100,Bend Arch - Ft. Worth Basin - TX,DOTX6529100,TX,-98.661315,32.528536
EOR,DOTX6530300,Bend Arch - Ft. Worth Basin - TX,DOTX6530300,TX,-98.661315,32.528536
EOR,DOTX6530400,Bend Arch - Ft. Worth Basin - TX,DOTX6530400,TX,-98.661315,32.528536
EOR,DOTX6531500,Bend Arch - Ft. Worth Basin - TX,DOTX6531500,TX,-98.661315,32.528536
EOR,DOTX6532200,Bend Arch - Ft. Worth Basin - TX,DOTX6532200,TX,-98.661315,32.528536
EOR,DOTX6532300,Bend Arch - Ft. Worth Basin - TX,DOTX6532300,TX,-98.661315,32.528536
EOR,DOTX6532800,Bend Arch - Ft. Worth Basin - TX,DOTX6532800,TX,-98.661315,32.528536
EOR,DOTX6533000,Bend Arch - Ft. Worth Basin - TX,DOTX6533000,TX,-98.661315,32.528536
EOR,DOTX6534000,Bend Arch - Ft. Worth Basin - TX,DOTX6534000,TX,-98.661315,32.528536
EOR,DOTX6534100,Bend Arch - Ft. Worth Basin - TX,DOTX6534100,TX,-98.661315,32.528536
EOR,DOTX6534400,Bend Arch - Ft. Worth Basin - TX,DOTX6534400,TX,-98.661315,32.528536
EOR,DOTX6535300,Bend Arch - Ft. Worth Basin - TX,DOTX6535300,TX,-98.661315,32.528536
EOR,DOTX6535500,Bend Arch - Ft. Worth Basin - TX,DOTX6535500,TX,-98.661315,32.528536
EOR,DOTX6535700,Bend Arch - Ft. Worth Basin - TX,DOTX6535700,TX,-98.661315,32.528536
EOR,DOTX6536800,Bend Arch - Ft. Worth Basin - TX,DOTX6536800,TX,-98.661315,32.528536
EOR,DOTX6537100,Bend Arch - Ft. Worth Basin - TX,DOTX6537100,TX,-98.661315,32.528536
EOR,DOTX6537500,Bend Arch - Ft. Worth Basin - TX,DOTX6537500,TX,-98.661315,32.528536
EOR,DOTX6538000,Bend Arch - Ft. Worth Basin - TX,DOTX6538000,TX,-98.661315,32.528536
EOR,DOTX6538400,Bend Arch - Ft. Worth Basin - TX,DOTX6538400,TX,-98.661315,32.528536
EOR,DOTX6538500,Bend Arch - Ft. Worth Basin - TX,DOTX6538500,TX,-98.661315,32.528536
EOR,DOTX6540700,Bend Arch - Ft. Worth Basin - TX,DOTX6540700,TX,-98.661315,32.528536
EOR,DOTX6541000,Bend Arch - Ft. Worth Basin - TX,DOTX6541000,TX,-98.661315,32.528536
EOR,DOTX6541500,Bend Arch - Ft. Worth Basin - TX,DOTX6541500,TX,-98.661315,32.528536
EOR,DOTX6542800,Bend Arch - Ft. Worth Basin - TX,DOTX6542800,TX,-98.661315,32.528536
EOR,DOTX6543400,Bend Arch - Ft. Worth Basin - TX,DOTX6543400,TX,-98.661315,32.528536
EOR,DOTX6543500,Bend Arch - Ft. Worth Basin - TX,DOTX6543500,TX,-98.661315,32.528536
EOR,DOTX6544300,Bend Arch - Ft. Worth Basin - TX,DOTX6544300,TX,-98.661315,32.528536
EOR,DOTX6544500,Bend Arch - Ft. Worth Basin - TX,DOTX6544500,TX,-98.661315,32.528536
EOR,DOTX6544800,Bend Arch - Ft. Worth Basin - TX,DOTX6544800,TX,-98.661315,32.528536
EOR,DOTX6545000,Bend Arch - Ft. Worth Basin - TX,DOTX6545000,TX,-98.661315,32.528536
EOR,DOTX6545100,Bend Arch - Ft. Worth Basin - TX,DOTX6545100,TX,-98.661315,32.528536
EOR,DOTX6545200,Bend Arch - Ft. Worth Basin - TX,DOTX6545200,TX,-98.661315,32.528536
EOR,DOTX6545600,Bend Arch - Ft. Worth Basin - TX,DOTX6545600,TX,-98.661315,32.528536
EOR,DOTX6545800,Bend Arch - Ft. Worth Basin - TX,DOTX6545800,TX,-98.661315,32.528536
EOR,DOTX6546300,Bend Arch - Ft. Worth Basin - TX,DOTX6546300,TX,-98.661315,32.528536
EOR,DOTX6546800,Bend Arch - Ft. Worth Basin - TX,DOTX6546800,TX,-98.661315,32.528536
EOR,DOTX6547400,Bend Arch - Ft. Worth Basin - TX,DOTX6547400,TX,-98.661315,32.528536
EOR,DOTX6549200,Bend Arch - Ft. Worth Basin - TX,DOTX6549200,TX,-98.661315,32.528536
EOR,DOTX6549600,Bend Arch - Ft. Worth Basin - TX,DOTX6549600,TX,-98.661315,32.528536
EOR,DOTX6550000,Bend Arch - Ft. Worth Basin - TX,DOTX6550000,TX,-98.661315,32.528536
EOR,DOTX6550100,Bend Arch - Ft. Worth Basin - TX,DOTX6550100,TX,-98.661315,32.528536
EOR,DOTX6550200,Bend Arch - Ft. Worth Basin - TX,DOTX6550200,TX,-98.661315,32.528536
EOR,DOTX6550600,Bend Arch - Ft. Worth Basin - TX,DOTX6550600,TX,-98.661315,32.528536
EOR,DOTX6550700,Bend Arch - Ft. Worth Basin - TX,DOTX6550700,TX,-98.661315,32.528536
EOR,DOTX6552300,Bend Arch - Ft. Worth Basin - TX,DOTX6552300,TX,-98.661315,32.528536
EOR,DOTX6552400,Bend Arch - Ft. Worth Basin - TX,DOTX6552400,TX,-98.661315,32.528536
EOR,DOTX6552800,Bend Arch - Ft. Worth Basin - TX,DOTX6552800,TX,-98.661315,32.528536
EOR,DOTX6553300,Bend Arch - Ft. Worth Basin - TX,DOTX6553300,TX,-98.661315,32.528536
EOR,DOTX6554500,Bend Arch - Ft. Worth Basin - TX,DOTX6554500,TX,-98.661315,32.528536
EOR,DOTX6555300,Bend Arch - Ft. Worth Basin - TX,DOTX6555300,TX,-98.661315,32.528536
EOR,DOTX6555700,Bend Arch - Ft. Worth Basin - TX,DOTX6555700,TX,-98.661315,32.528536
EOR,DOTX6556000,Bend Arch - Ft. Worth Basin - TX,DOTX6556000,TX,-98.661315,32.528536
EOR,DOTX6558300,Bend Arch - Ft. Worth Basin - TX,DOTX6558300,TX,-98.661315,32.528536
EOR,DOTX6558700,Bend Arch - Ft. Worth Basin - TX,DOTX6558700,TX,-98.661315,32.528536
EOR,DOTX6559000,Bend Arch - Ft. Worth Basin - TX,DOTX6559000,TX,-98.661315,32.528536
EOR,DOTX6559500,Bend Arch - Ft. Worth Basin - TX,DOTX6559500,TX,-98.661315,32.528536
EOR,DOTX6559600,Bend Arch - Ft. Worth Basin - TX,DOTX6559600,TX,-98.661315,32.528536
EOR,DOTX6560000,Bend Arch - Ft. Worth Basin - TX,DOTX6560000,TX,-98.661315,32.528536
EOR,DOTX6560400,Bend Arch - Ft. Worth Basin - TX,DOTX6560400,TX,-98.661315,32.528536
EOR,DOTX6582700,Bend Arch - Ft. Worth Basin - TX,DOTX6582700,TX,-98.661315,32.528536
EOR,DOTX6587700,Bend Arch - Ft. Worth Basin - TX,DOTX6587700,TX,-98.661315,32.528536
EOR,DOTX6588900,Bend Arch - Ft. Worth Basin - TX,DOTX6588900,TX,-98.661315,32.528536
EOR,DOTX6589800,Bend Arch - Ft. Worth Basin - TX,DOTX6589800,TX,-98.661315,32.528536
EOR,DOTX6591000,Bend Arch - Ft. Worth Basin - TX,DOTX6591000,TX,-98.661315,32.528536
EOR,DOTX6598900,Bend Arch - Ft. Worth Basin - TX,DOTX6598900,TX,-98.661315,32.528536
EOR,DOTX6599700,Bend Arch - Ft. Worth Basin - TX,DOTX6599700,TX,-98.661315,32.528536
EOR,DOTX6601800,Bend Arch - Ft. Worth Basin - TX,DOTX6601800,TX,-98.661315,32.528536
EOR,DOTX6605900,Bend Arch - Ft. Worth Basin - TX,DOTX6605900,TX,-98.661315,32.528536
EOR,DOTX6607800,Bend Arch - Ft. Worth Basin - TX,DOTX6607800,TX,-98.661315,32.528536
EOR,DOTX6608200,Bend Arch - Ft. Worth Basin - TX,DOTX6608200,TX,-98.661315,32.528536
EOR,DOTX6610200,Bend Arch - Ft. Worth Basin - TX,DOTX6610200,TX,-98.661315,32.528536
EOR,DOTX6611300,Bend Arch - Ft. Worth Basin - TX,DOTX6611300,TX,-98.661315,32.528536
EOR,DOTX6612800,Bend Arch - Ft. Worth Basin - TX,DOTX6612800,TX,-98.661315,32.528536
EOR,DOTX6613600,Bend Arch - Ft. Worth Basin - TX,DOTX6613600,TX,-98.661315,32.528536
EOR,DOTX6614200,Bend Arch - Ft. Worth Basin - TX,DOTX6614200,TX,-98.661315,32.528536
EOR,DOTX6614300,Bend Arch - Ft. Worth Basin - TX,DOTX6614300,TX,-98.661315,32.528536
EOR,DOTX6614400,Bend Arch - Ft. Worth Basin - TX,DOTX6614400,TX,-98.661315,32.528536
EOR,DOTX6614500,Bend Arch - Ft. Worth Basin - TX,DOTX6614500,TX,-98.661315,32.528536
EOR,DOTX6615400,Bend Arch - Ft. Worth Basin - TX,DOTX6615400,TX,-98.661315,32.528536
EOR,DOTX6616600,Bend Arch - Ft. Worth Basin - TX,DOTX6616600,TX,-98.661315,32.528536
EOR,DOTX6617200,Bend Arch - Ft. Worth Basin - TX,DOTX6617200,TX,-98.661315,32.528536
EOR,DOTX6618500,Bend Arch - Ft. Worth Basin - TX,DOTX6618500,TX,-98.661315,32.528536
EOR,DOTX6620700,Bend Arch - Ft. Worth Basin - TX,DOTX6620700,TX,-98.661315,32.528536
EOR,DOTX6621400,Bend Arch - Ft. Worth Basin - TX,DOTX6621400,TX,-98.661315,32.528536
EOR,DOTX6621500,Bend Arch - Ft. Worth Basin - TX,DOTX6621500,TX,-98.661315,32.528536
EOR,DOTX6622200,Bend Arch - Ft. Worth Basin - TX,DOTX6622200,TX,-98.661315,32.528536
EOR,DOTX6622900,Bend Arch - Ft. Worth Basin - TX,DOTX6622900,TX,-98.661315,32.528536
EOR,DOTX6623600,Bend Arch - Ft. Worth Basin - TX,DOTX6623600,TX,-98.661315,32.528536
EOR,DOTX6623900,Bend Arch - Ft. Worth Basin - TX,DOTX6623900,TX,-98.661315,32.528536
EOR,DOTX6630100,Bend Arch - Ft. Worth Basin - TX,DOTX6630100,TX,-98.661315,32.528536
EOR,DOTX6633800,Bend Arch - Ft. Worth Basin - TX,DOTX6633800,TX,-98.661315,32.528536
EOR,DOTX6637200,Bend Arch - Ft. Worth Basin - TX,DOTX6637200,TX,-98.661315,32.528536
EOR,DOTX6638400,Bend Arch - Ft. Worth Basin - TX,DOTX6638400,TX,-98.661315,32.528536
EOR,DOTX6644300,Bend Arch - Ft. Worth Basin - TX,DOTX6644300,TX,-98.661315,32.528536
EOR,DOTX6647800,Bend Arch - Ft. Worth Basin - TX,DOTX6647800,TX,-98.661315,32.528536
EOR,DOTX6649300,Bend Arch - Ft. Worth Basin - TX,DOTX6649300,TX,-98.661315,32.528536
EOR,DOTX6650000,Bend Arch - Ft. Worth Basin - TX,DOTX6650000,TX,-98.661315,32.528536
EOR,DOTX6650900,Bend Arch - Ft. Worth Basin - TX,DOTX6650900,TX,-98.661315,32.528536
EOR,DOTX6651300,Bend Arch - Ft. Worth Basin - TX,DOTX6651300,TX,-98.661315,32.528536
EOR,DOTX6653700,Bend Arch - Ft. Worth Basin - TX,DOTX6653700,TX,-98.661315,32.528536
EOR,DOTX6654900,Bend Arch - Ft. Worth Basin - TX,DOTX6654900,TX,-98.661315,32.528536
EOR,DOTX6656000,Bend Arch - Ft. Worth Basin - TX,DOTX6656000,TX,-98.661315,32.528536
EOR,DOTX6657500,Bend Arch - Ft. Worth Basin - TX,DOTX6657500,TX,-98.661315,32.528536
EOR,DOTX6661400,Bend Arch - Ft. Worth Basin - TX,DOTX6661400,TX,-98.661315,32.528536
EOR,DOTX6668000,Bend Arch - Ft. Worth Basin - TX,DOTX6668000,TX,-98.661315,32.528536
EOR,DOTX6672500,Bend Arch - Ft. Worth Basin - TX,DOTX6672500,TX,-98.661315,32.528536
EOR,DOTX6674400,Bend Arch - Ft. Worth Basin - TX,DOTX6674400,TX,-98.661315,32.528536
EOR,DOTX6676700,Bend Arch - Ft. Worth Basin - TX,DOTX6676700,TX,-98.661315,32.528536
EOR,DOTX6697100,Bend Arch - Ft. Worth Basin - TX,DOTX6697100,TX,-98.661315,32.528536
EOR,DOTX6698600,Bend Arch - Ft. Worth Basin - TX,DOTX6698600,TX,-98.661315,32.528536
EOR,DOTX6698800,Bend Arch - Ft. Worth Basin - TX,DOTX6698800,TX,-98.661315,32.528536
EOR,DOTX6702800,Bend Arch - Ft. Worth Basin - TX,DOTX6702800,TX,-98.661315,32.528536
EOR,DOTX6702900,Bend Arch - Ft. Worth Basin - TX,DOTX6702900,TX,-98.661315,32.528536
EOR,DOTX6704400,Bend Arch - Ft. Worth Basin - TX,DOTX6704400,TX,-98.661315,32.528536
EOR,DOTX6707200,Bend Arch - Ft. Worth Basin - TX,DOTX6707200,TX,-98.661315,32.528536
EOR,DOTX6711400,Bend Arch - Ft. Worth Basin - TX,DOTX6711400,TX,-98.661315,32.528536
EOR,DOTX6711500,Bend Arch - Ft. Worth Basin - TX,DOTX6711500,TX,-98.661315,32.528536
EOR,DOTX6720800,Bend Arch - Ft. Worth Basin - TX,DOTX6720800,TX,-98.661315,32.528536
EOR,DOTX6728100,Bend Arch - Ft. Worth Basin - TX,DOTX6728100,TX,-98.661315,32.528536
EOR,DOTX6737300,Bend Arch - Ft. Worth Basin - TX,DOTX6737300,TX,-98.661315,32.528536
EOR,DOTX6738000,Bend Arch - Ft. Worth Basin - TX,DOTX6738000,TX,-98.661315,32.528536
EOR,DOTX6739000,Bend Arch - Ft. Worth Basin - TX,DOTX6739000,TX,-98.661315,32.528536
EOR,DOTX6740300,Bend Arch - Ft. Worth Basin - TX,DOTX6740300,TX,-98.661315,32.528536
EOR,DOTX6740800,Bend Arch - Ft. Worth Basin - TX,DOTX6740800,TX,-98.661315,32.528536
EOR,DOTX6740900,Bend Arch - Ft. Worth Basin - TX,DOTX6740900,TX,-98.661315,32.528536
EOR,DOTX6741100,Bend Arch - Ft. Worth Basin - TX,DOTX6741100,TX,-98.661315,32.528536
EOR,DOTX6742400,Bend Arch - Ft. Worth Basin - TX,DOTX6742400,TX,-98.661315,32.528536
EOR,DOMT6789900,Bighorn Basin - MT,DOMT6789900,MT,-109.112331,45.206209
EOR,DOMT6794600,Bighorn Basin - MT,DOMT6794600,MT,-109.112331,45.206209
EOR,DOMT6794700,Bighorn Basin - MT,DOMT6794700,MT,-109.112331,45.206209
EOR,DOWY6787700,Bighorn Basin - WY,DOWY6787700,WY,-108.385542,44.283143
EOR,DOWY6788200,Bighorn Basin - WY,DOWY6788200,WY,-108.385542,44.283143
EOR,DOWY6789400,Bighorn Basin - WY,DOWY6789400,WY,-108.385542,44.283143
EOR,DOWY6790300,Bighorn Basin - WY,DOWY6790300,WY,-108.385542,44.283143
EOR,DOWY6791300,Bighorn Basin - WY,DOWY6791300,WY,-108.385542,44.283143
EOR,DOWY6792700,Bighorn Basin - WY,DOWY6792700,WY,-108.385542,44.283143
EOR,DOWY6793000,Bighorn Basin - WY,DOWY6793000,WY,-108.385542,44.283143
EOR,DOWY6793200,Bighorn Basin - WY,DOWY6793200,WY,-108.385542,44.283143
EOR,DOWY6793400,Bighorn Basin - WY,DOWY6793400,WY,-108.385542,44.283143
EOR,DOWY6793700,Bighorn Basin - WY,DOWY6793700,WY,-108.385542,44.283143
EOR,DOWY6794400,Bighorn Basin - WY,DOWY6794400,WY,-108.385542,44.283143
EOR,DOWY6795000,Bighorn Basin - WY,DOWY6795000,WY,-108.385542,44.283143
EOR,DOWY6795100,Bighorn Basin - WY,DOWY6795100,WY,-108.385542,44.283143
EOR,DOWY6795400,Bighorn Basin - WY,DOWY6795400,WY,-108.385542,44.283143
EOR,DOWY6795900,Bighorn Basin - WY,DOWY6795900,WY,-108.385542,44.283143
EOR,DOWY6796000,Bighorn Basin - WY,DOWY6796000,WY,-108.385542,44.283143
EOR,DOWY6796400,Bighorn Basin - WY,DOWY6796400,WY,-108.385542,44.283143
EOR,DOWY6796800,Bighorn Basin - WY,DOWY6796800,WY,-108.385542,44.283143
EOR,DOWY6798000,Bighorn Basin - WY,DOWY6798000,WY,-108.385542,44.283143
EOR,DOWY6798100,Bighorn Basin - WY,DOWY6798100,WY,-108.385542,44.283143
EOR,DOKS6367600,Cambridge Arch - Central Kansas - KS,DOKS6367600,KS,-100.297088,40.057993
EOR,DOKS6422400,Cambridge Arch - Central Kansas - KS,DOKS6422400,KS,-100.297088,40.057993
EOR,DOKS6422700,Cambridge Arch - Central Kansas - KS,DOKS6422700,KS,-100.297088,40.057993
EOR,DOKS6422800,Cambridge Arch - Central Kansas - KS,DOKS6422800,KS,-100.297088,40.057993
EOR,DOKS6423000,Cambridge Arch - Central Kansas - KS,DOKS6423000,KS,-100.297088,40.057993
EOR,DOKS6423100,Cambridge Arch - Central Kansas - KS,DOKS6423100,KS,-100.297088,40.057993
EOR,DOKS6423300,Cambridge Arch - Central Kansas - KS,DOKS6423300,KS,-100.297088,40.057993
EOR,DOKS6423600,Cambridge Arch - Central Kansas - KS,DOKS6423600,KS,-100.297088,40.057993
EOR,DOKS6423800,Cambridge Arch - Central Kansas - KS,DOKS6423800,KS,-100.297088,40.057993
EOR,DOKS6423900,Cambridge Arch - Central Kansas - KS,DOKS6423900,KS,-100.297088,40.057993
EOR,DOKS6424100,Cambridge Arch - Central Kansas - KS,DOKS6424100,KS,-100.297088,40.057993
EOR,DOKS6424300,Cambridge Arch - Central Kansas - KS,DOKS6424300,KS,-100.297088,40.057993
EOR,DOKS6424500,Cambridge Arch - Central Kansas - KS,DOKS6424500,KS,-100.297088,40.057993
EOR,DOKS6424600,Cambridge Arch - Central Kansas - KS,DOKS6424600,KS,-100.297088,40.057993
EOR,DOKS6424700,Cambridge Arch - Central Kansas - KS,DOKS6424700,KS,-100.297088,40.057993
EOR,DOKS6424800,Cambridge Arch - Central Kansas - KS,DOKS6424800,KS,-100.297088,40.057993
EOR,DOKS6424900,Cambridge Arch - Central Kansas - KS,DOKS6424900,KS,-100.297088,40.057993
EOR,DOKS6425100,Cambridge Arch - Central Kansas - KS,DOKS6425100,KS,-100.297088,40.057993
EOR,DOKS6425200,Cambridge Arch - Central Kansas - KS,DOKS6425200,KS,-100.297088,40.057993
EOR,DOKS6425600,Cambridge Arch - Central Kansas - KS,DOKS6425600,KS,-100.297088,40.057993
EOR,DOKS6425800,Cambridge Arch - Central Kansas - KS,DOKS6425800,KS,-100.297088,40.057993
EOR,DOKS6425900,Cambridge Arch - Central Kansas - KS,DOKS6425900,KS,-100.297088,40.057993
EOR,DOKS6426000,Cambridge Arch - Central Kansas - KS,DOKS6426000,KS,-100.297088,40.057993
EOR,DOKS6426100,Cambridge Arch - Central Kansas - KS,DOKS6426100,KS,-100.297088,40.057993
EOR,DOKS6426200,Cambridge Arch - Central Kansas - KS,DOKS6426200,KS,-100.297088,40.057993
EOR,DOKS6426300,Cambridge Arch - Central Kansas - KS,DOKS6426300,KS,-100.297088,40.057993
EOR,DOKS6426500,Cambridge Arch - Central Kansas - KS,DOKS6426500,KS,-100.297088,40.057993
EOR,DOKS6426700,Cambridge Arch - Central Kansas - KS,DOKS6426700,KS,-100.297088,40.057993
EOR,DOKS6427600,Cambridge Arch - Central Kansas - KS,DOKS6427600,KS,-100.297088,40.057993
EOR,DOKS6427800,Cambridge Arch - Central Kansas - KS,DOKS6427800,KS,-100.297088,40.057993
EOR,DOKS6427900,Cambridge Arch - Central Kansas - KS,DOKS6427900,KS,-100.297088,40.057993
EOR,DOKS6428200,Cambridge Arch - Central Kansas - KS,DOKS6428200,KS,-100.297088,40.057993
EOR,DOKS6428400,Cambridge Arch - Central Kansas - KS,DOKS6428400,KS,-100.297088,40.057993
EOR,DOKS6429000,Cambridge Arch - Central Kansas - KS,DOKS6429000,KS,-100.297088,40.057993
EOR,DOKS6429400,Cambridge Arch - Central Kansas - KS,DOKS6429400,KS,-100.297088,40.057993
EOR,DOKS6430100,Cambridge Arch - Central Kansas - KS,DOKS6430100,KS,-100.297088,40.057993
EOR,DOKS6430300,Cambridge Arch - Central Kansas - KS,DOKS6430300,KS,-100.297088,40.057993
EOR,DOKS6430400,Cambridge Arch - Central Kansas - KS,DOKS6430400,KS,-100.297088,40.057993
EOR,DOKS6430500,Cambridge Arch - Central Kansas - KS,DOKS6430500,KS,-100.297088,40.057993
EOR,DOKS6430600,Cambridge Arch - Central Kansas - KS,DOKS6430600,KS,-100.297088,40.057993
EOR,DOKS6431000,Cambridge Arch - Central Kansas - KS,DOKS6431000,KS,-100.297088,40.057993
EOR,DOKS6431300,Cambridge Arch - Central Kansas - KS,DOKS6431300,KS,-100.297088,40.057993
EOR,DOKS6431400,Cambridge Arch - Central Kansas - KS,DOKS6431400,KS,-100.297088,40.057993
EOR,DOKS6431500,Cambridge Arch - Central Kansas - KS,DOKS6431500,KS,-100.297088,40.057993
EOR,DOKS6431700,Cambridge Arch - Central Kansas - KS,DOKS6431700,KS,-100.297088,40.057993
EOR,DOKS6431900,Cambridge Arch - Central Kansas - KS,DOKS6431900,KS,-100.297088,40.057993
EOR,DOKS6432300,Cambridge Arch - Central Kansas - KS,DOKS6432300,KS,-100.297088,40.057993
EOR,DOKS6432400,Cambridge Arch - Central Kansas - KS,DOKS6432400,KS,-100.297088,40.057993
EOR,DOKS6433300,Cambridge Arch - Central Kansas - KS,DOKS6433300,KS,-100.297088,40.057993
EOR,DOKS6433500,Cambridge Arch - Central Kansas - KS,DOKS6433500,KS,-100.297088,40.057993
EOR,DOKS6433600,Cambridge Arch - Central Kansas - KS,DOKS6433600,KS,-100.297088,40.057993
EOR,DOKS6434100,Cambridge Arch - Central Kansas - KS,DOKS6434100,KS,-100.297088,40.057993
EOR,DOKS6434700,Cambridge Arch - Central Kansas - KS,DOKS6434700,KS,-100.297088,40.057993
EOR,DOKS6435100,Cambridge Arch - Central Kansas - KS,DOKS6435100,KS,-100.297088,40.057993
EOR,DOKS6435500,Cambridge Arch - Central Kansas - KS,DOKS6435500,KS,-100.297088,40.057993
EOR,DOKS6435700,Cambridge Arch - Central Kansas - KS,DOKS6435700,KS,-100.297088,40.057993
EOR,DOKS6435900,Cambridge Arch - Central Kansas - KS,DOKS6435900,KS,-100.297088,40.057993
EOR,DOKS6436700,Cambridge Arch - Central Kansas - KS,DOKS6436700,KS,-100.297088,40.057993
EOR,DOKS6437200,Cambridge Arch - Central Kansas - KS,DOKS6437200,KS,-100.297088,40.057993
EOR,DOKS6437300,Cambridge Arch - Central Kansas - KS,DOKS6437300,KS,-100.297088,40.057993
EOR,DOKS6437500,Cambridge Arch - Central Kansas - KS,DOKS6437500,KS,-100.297088,40.057993
EOR,DOKS6437700,Cambridge Arch - Central Kansas - KS,DOKS6437700,KS,-100.297088,40.057993
EOR,DOKS6438000,Cambridge Arch - Central Kansas - KS,DOKS6438000,KS,-100.297088,40.057993
EOR,DOKS6438200,Cambridge Arch - Central Kansas - KS,DOKS6438200,KS,-100.297088,40.057993
EOR,DOKS6438500,Cambridge Arch - Central Kansas - KS,DOKS6438500,KS,-100.297088,40.057993
EOR,DOKS6438700,Cambridge Arch - Central Kansas - KS,DOKS6438700,KS,-100.297088,40.057993
EOR,DOKS6438900,Cambridge Arch - Central Kansas - KS,DOKS6438900,KS,-100.297088,40.057993
EOR,DOKS6440100,Cambridge Arch - Central Kansas - KS,DOKS6440100,KS,-100.297088,40.057993
EOR,DOKS6440300,Cambridge Arch - Central Kansas - KS,DOKS6440300,KS,-100.297088,40.057993
EOR,DOKS6440500,Cambridge Arch - Central Kansas - KS,DOKS6440500,KS,-100.297088,40.057993
EOR,DOKS6440900,Cambridge Arch - Central Kansas - KS,DOKS6440900,KS,-100.297088,40.057993
EOR,DOKS6441200,Cambridge Arch - Central Kansas - KS,DOKS6441200,KS,-100.297088,40.057993
EOR,DOKS6442100,Cambridge Arch - Central Kansas - KS,DOKS6442100,KS,-100.297088,40.057993
EOR,DOKS6442900,Cambridge Arch - Central Kansas - KS,DOKS6442900,KS,-100.297088,40.057993
EOR,DOKS6443100,Cambridge Arch - Central Kansas - KS,DOKS6443100,KS,-100.297088,40.057993
EOR,DOKS6444200,Cambridge Arch - Central Kansas - KS,DOKS6444200,KS,-100.297088,40.057993
EOR,DOKS6444300,Cambridge Arch - Central Kansas - KS,DOKS6444300,KS,-100.297088,40.057993
EOR,DOKS6444400,Cambridge Arch - Central Kansas - KS,DOKS6444400,KS,-100.297088,40.057993
EOR,DOKS6444900,Cambridge Arch - Central Kansas - KS,DOKS6444900,KS,-100.297088,40.057993
EOR,DOKS6445300,Cambridge Arch - Central Kansas - KS,DOKS6445300,KS,-100.297088,40.057993
EOR,DOKS6445500,Cambridge Arch - Central Kansas - KS,DOKS6445500,KS,-100.297088,40.057993
EOR,DOKS6445800,Cambridge Arch - Central Kansas - KS,DOKS6445800,KS,-100.297088,40.057993
EOR,DOKS6446500,Cambridge Arch - Central Kansas - KS,DOKS6446500,KS,-100.297088,40.057993
EOR,DOKS6446800,Cambridge Arch - Central Kansas - KS,DOKS6446800,KS,-100.297088,40.057993
EOR,DOKS6446900,Cambridge Arch - Central Kansas - KS,DOKS6446900,KS,-100.297088,40.057993
EOR,DOKS6447600,Cambridge Arch - Central Kansas - KS,DOKS6447600,KS,-100.297088,40.057993
EOR,DOKS6447900,Cambridge Arch - Central Kansas - KS,DOKS6447900,KS,-100.297088,40.057993
EOR,DOKS6448500,Cambridge Arch - Central Kansas - KS,DOKS6448500,KS,-100.297088,40.057993
EOR,DOKS6449400,Cambridge Arch - Central Kansas - KS,DOKS6449400,KS,-100.297088,40.057993
EOR,DOKS6449500,Cambridge Arch - Central Kansas - KS,DOKS6449500,KS,-100.297088,40.057993
EOR,DOKS6449700,Cambridge Arch - Central Kansas - KS,DOKS6449700,KS,-100.297088,40.057993
EOR,DOKS6449800,Cambridge Arch - Central Kansas - KS,DOKS6449800,KS,-100.297088,40.057993
EOR,DOKS6449900,Cambridge Arch - Central Kansas - KS,DOKS6449900,KS,-100.297088,40.057993
EOR,DOKS6450800,Cambridge Arch - Central Kansas - KS,DOKS6450800,KS,-100.297088,40.057993
EOR,DOKS6450900,Cambridge Arch - Central Kansas - KS,DOKS6450900,KS,-100.297088,40.057993
EOR,DOKS6451300,Cambridge Arch - Central Kansas - KS,DOKS6451300,KS,-100.297088,40.057993
EOR,DOKS6451400,Cambridge Arch - Central Kansas - KS,DOKS6451400,KS,-100.297088,40.057993
EOR,DOKS6451700,Cambridge Arch - Central Kansas - KS,DOKS6451700,KS,-100.297088,40.057993
EOR,DOKS6451800,Cambridge Arch - Central Kansas - KS,DOKS6451800,KS,-100.297088,40.057993
EOR,DOKS6452000,Cambridge Arch - Central Kansas - KS,DOKS6452000,KS,-100.297088,40.057993
EOR,DOKS6452900,Cambridge Arch - Central Kansas - KS,DOKS6452900,KS,-100.297088,40.057993
EOR,DOKS6453500,Cambridge Arch - Central Kansas - KS,DOKS6453500,KS,-100.297088,40.057993
EOR,DOKS6453600,Cambridge Arch - Central Kansas - KS,DOKS6453600,KS,-100.297088,40.057993
EOR,DOKS6454100,Cambridge Arch - Central Kansas - KS,DOKS6454100,KS,-100.297088,40.057993
EOR,DOKS6454300,Cambridge Arch - Central Kansas - KS,DOKS6454300,KS,-100.297088,40.057993
EOR,DOKS6454400,Cambridge Arch - Central Kansas - KS,DOKS6454400,KS,-100.297088,40.057993
EOR,DOKS6455000,Cambridge Arch - Central Kansas - KS,DOKS6455000,KS,-100.297088,40.057993
EOR,DOKS6455300,Cambridge Arch - Central Kansas - KS,DOKS6455300,KS,-100.297088,40.057993
EOR,DOKS6457000,Cambridge Arch - Central Kansas - KS,DOKS6457000,KS,-100.297088,40.057993
EOR,DOKS6457100,Cambridge Arch - Central Kansas - KS,DOKS6457100,KS,-100.297088,40.057993
EOR,DOKS6458100,Cambridge Arch - Central Kansas - KS,DOKS6458100,KS,-100.297088,40.057993
EOR,DOKS6458200,Cambridge Arch - Central Kansas - KS,DOKS6458200,KS,-100.297088,40.057993
EOR,DOKS6459000,Cambridge Arch - Central Kansas - KS,DOKS6459000,KS,-100.297088,40.057993
EOR,DOKS6459500,Cambridge Arch - Central Kansas - KS,DOKS6459500,KS,-100.297088,40.057993
EOR,DOKS6459800,Cambridge Arch - Central Kansas - KS,DOKS6459800,KS,-100.297088,40.057993
EOR,DOKS6460200,Cambridge Arch - Central Kansas - KS,DOKS6460200,KS,-100.297088,40.057993
EOR,DOKS6461300,Cambridge Arch - Central Kansas - KS,DOKS6461300,KS,-100.297088,40.057993
EOR,DOKS6461400,Cambridge Arch - Central Kansas - KS,DOKS6461400,KS,-100.297088,40.057993
EOR,DOKS6461900,Cambridge Arch - Central Kansas - KS,DOKS6461900,KS,-100.297088,40.057993
EOR,DOKS6462500,Cambridge Arch - Central Kansas - KS,DOKS6462500,KS,-100.297088,40.057993
EOR,DOKS6462900,Cambridge Arch - Central Kansas - KS,DOKS6462900,KS,-100.297088,40.057993
EOR,DOKS6463300,Cambridge Arch - Central Kansas - KS,DOKS6463300,KS,-100.297088,40.057993
EOR,DOKS6463700,Cambridge Arch - Central Kansas - KS,DOKS6463700,KS,-100.297088,40.057993
EOR,DOKS6463800,Cambridge Arch - Central Kansas - KS,DOKS6463800,KS,-100.297088,40.057993
EOR,DOKS6464000,Cambridge Arch - Central Kansas - KS,DOKS6464000,KS,-100.297088,40.057993
EOR,DOKS6464600,Cambridge Arch - Central Kansas - KS,DOKS6464600,KS,-100.297088,40.057993
EOR,DOKS6465200,Cambridge Arch - Central Kansas - KS,DOKS6465200,KS,-100.297088,40.057993
EOR,DOKS6465600,Cambridge Arch - Central Kansas - KS,DOKS6465600,KS,-100.297088,40.057993
EOR,DOKS6466900,Cambridge Arch - Central Kansas - KS,DOKS6466900,KS,-100.297088,40.057993
EOR,DOKS6467200,Cambridge Arch - Central Kansas - KS,DOKS6467200,KS,-100.297088,40.057993
EOR,DOKS6467300,Cambridge Arch - Central Kansas - KS,DOKS6467300,KS,-100.297088,40.057993
EOR,DOKS6469300,Cambridge Arch - Central Kansas - KS,DOKS6469300,KS,-100.297088,40.057993
EOR,DOKS6469400,Cambridge Arch - Central Kansas - KS,DOKS6469400,KS,-100.297088,40.057993
EOR,DOKS6469900,Cambridge Arch - Central Kansas - KS,DOKS6469900,KS,-100.297088,40.057993
EOR,DOKS6470300,Cambridge Arch - Central Kansas - KS,DOKS6470300,KS,-100.297088,40.057993
EOR,DOKS6472100,Cambridge Arch - Central Kansas - KS,DOKS6472100,KS,-100.297088,40.057993
EOR,DOKS6472400,Cambridge Arch - Central Kansas - KS,DOKS6472400,KS,-100.297088,40.057993
EOR,DOKS6477200,Cambridge Arch - Central Kansas - KS,DOKS6477200,KS,-100.297088,40.057993
EOR,DOKS6477500,Cambridge Arch - Central Kansas - KS,DOKS6477500,KS,-100.297088,40.057993
EOR,DONE6435800,Cambridge Arch - Central Kansas - NE,DONE6435800,NE,-100.156501,40.458398
EOR,DONE6477100,Cambridge Arch - Central Kansas - NE,DONE6477100,NE,-100.156501,40.458398
EOR,DONE6477600,Cambridge Arch - Central Kansas - NE,DONE6477600,NE,-100.156501,40.458398
EOR,DONE6477800,Cambridge Arch - Central Kansas - NE,DONE6477800,NE,-100.156501,40.458398
EOR,DONE6478000,Cambridge Arch - Central Kansas - NE,DONE6478000,NE,-100.156501,40.458398
EOR,DONE6478100,Cambridge Arch - Central Kansas - NE,DONE6478100,NE,-100.156501,40.458398
EOR,DONE6478300,Cambridge Arch - Central Kansas - NE,DONE6478300,NE,-100.156501,40.458398
EOR,DONE6478500,Cambridge Arch - Central Kansas - NE,DONE6478500,NE,-100.156501,40.458398
EOR,DONE6478900,Cambridge Arch - Central Kansas - NE,DONE6478900,NE,-100.156501,40.458398
EOR,DONE6479500,Cambridge Arch - Central Kansas - NE,DONE6479500,NE,-100.156501,40.458398
EOR,DONE6479900,Cambridge Arch - Central Kansas - NE,DONE6479900,NE,-100.156501,40.458398
EOR,DONE6480000,Cambridge Arch - Central Kansas - NE,DONE6480000,NE,-100.156501,40.458398
EOR,DOMT6520700,Central Montana,DOMT6520700,MT,-108.564125,46.958037
EOR,DOMT6750400,Central Montana,DOMT6750400,MT,-108.564125,46.958037
EOR,DOMT6750900,Central Montana,DOMT6750900,MT,-108.564125,46.958037
EOR,DOMT6751000,Central Montana,DOMT6751000,MT,-108.564125,46.958037
EOR,DOMT6751400,Central Montana,DOMT6751400,MT,-108.564125,46.958037
EOR,DOMT6751700,Central Montana,DOMT6751700,MT,-108.564125,46.958037
EOR,DOMT6751800,Central Montana,DOMT6751800,MT,-108.564125,46.958037
EOR,DOMT6752200,Central Montana,DOMT6752200,MT,-108.564125,46.958037
EOR,DOMT6752600,Central Montana,DOMT6752600,MT,-108.564125,46.958037
EOR,DOMT6753600,Central Montana,DOMT6753600,MT,-108.564125,46.958037
EOR,DOMT6753900,Central Montana,DOMT6753900,MT,-108.564125,46.958037
EOR,DOMT6754200,Central Montana,DOMT6754200,MT,-108.564125,46.958037
EOR,DOMT6754400,Central Montana,DOMT6754400,MT,-108.564125,46.958037
EOR,DOMT6754600,Central Montana,DOMT6754600,MT,-108.564125,46.958037
EOR,DOMT6754700,Central Montana,DOMT6754700,MT,-108.564125,46.958037
EOR,DOMT6754800,Central Montana,DOMT6754800,MT,-108.564125,46.958037
EOR,DOMT6754900,Central Montana,DOMT6754900,MT,-108.564125,46.958037
EOR,DOMT6755100,Central Montana,DOMT6755100,MT,-108.564125,46.958037
EOR,DOMT6755400,Central Montana,DOMT6755400,MT,-108.564125,46.958037
EOR,DOMT6755600,Central Montana,DOMT6755600,MT,-108.564125,46.958037
EOR,DOMT6755900,Central Montana,DOMT6755900,MT,-108.564125,46.958037
EOR,DOMT6756000,Central Montana,DOMT6756000,MT,-108.564125,46.958037
EOR,DOMT6756100,Central Montana,DOMT6756100,MT,-108.564125,46.958037
EOR,DOMT6756200,Central Montana,DOMT6756200,MT,-108.564125,46.958037
EOR,DOKS6391100,Cherokee Platform - KS,DOKS6391100,KS,-95.722576,37.505373
EOR,DOKS6391300,Cherokee Platform - KS,DOKS6391300,KS,-95.722576,37.505373
EOR,DOKS6391800,Cherokee Platform - KS,DOKS6391800,KS,-95.722576,37.505373
EOR,DOKS6391900,Cherokee Platform - KS,DOKS6391900,KS,-95.722576,37.505373
EOR,DOKS6392000,Cherokee Platform - KS,DOKS6392000,KS,-95.722576,37.505373
EOR,DOKS6392400,Cherokee Platform - KS,DOKS6392400,KS,-95.722576,37.505373
EOR,DOKS6393100,Cherokee Platform - KS,DOKS6393100,KS,-95.722576,37.505373
EOR,DOKS6393400,Cherokee Platform - KS,DOKS6393400,KS,-95.722576,37.505373
EOR,DOKS6394800,Cherokee Platform - KS,DOKS6394800,KS,-95.722576,37.505373
EOR,DOKS6395700,Cherokee Platform - KS,DOKS6395700,KS,-95.722576,37.505373
EOR,DOOK6264600,Cherokee Platform - OK,DOOK6264600,OK,-96.428492,36.047454
EOR,DOOK6286100,Cherokee Platform - OK,DOOK6286100,OK,-96.428492,36.047454
EOR,DOOK6287200,Cherokee Platform - OK,DOOK6287200,OK,-96.428492,36.047454
EOR,DOOK6287300,Cherokee Platform - OK,DOOK6287300,OK,-96.428492,36.047454
EOR,DOOK6287500,Cherokee Platform - OK,DOOK6287500,OK,-96.428492,36.047454
EOR,DOOK6287700,Cherokee Platform - OK,DOOK6287700,OK,-96.428492,36.047454
EOR,DOOK6288200,Cherokee Platform - OK,DOOK6288200,OK,-96.428492,36.047454
EOR,DOOK6289500,Cherokee Platform - OK,DOOK6289500,OK,-96.428492,36.047454
EOR,DOOK6290600,Cherokee Platform - OK,DOOK6290600,OK,-96.428492,36.047454
EOR,DOOK6290800,Cherokee Platform - OK,DOOK6290800,OK,-96.428492,36.047454
EOR,DOOK6290900,Cherokee Platform - OK,DOOK6290900,OK,-96.428492,36.047454
EOR,DOOK6291300,Cherokee Platform - OK,DOOK6291300,OK,-96.428492,36.047454
EOR,DOOK6292600,Cherokee Platform - OK,DOOK6292600,OK,-96.428492,36.047454
EOR,DOOK6292700,Cherokee Platform - OK,DOOK6292700,OK,-96.428492,36.047454
EOR,DOOK6293100,Cherokee Platform - OK,DOOK6293100,OK,-96.428492,36.047454
EOR,DOOK6293200,Cherokee Platform - OK,DOOK6293200,OK,-96.428492,36.047454
EOR,DOOK6293600,Cherokee Platform - OK,DOOK6293600,OK,-96.428492,36.047454
EOR,DOOK6294000,Cherokee Platform - OK,DOOK6294000,OK,-96.428492,36.047454
EOR,DOOK6294400,Cherokee Platform - OK,DOOK6294400,OK,-96.428492,36.047454
EOR,DOOK6294600,Cherokee Platform - OK,DOOK6294600,OK,-96.428492,36.047454
EOR,DOOK6295200,Cherokee Platform - OK,DOOK6295200,OK,-96.428492,36.047454
EOR,DOOK6295300,Cherokee Platform - OK,DOOK6295300,OK,-96.428492,36.047454
EOR,DOOK6295400,Cherokee Platform - OK,DOOK6295400,OK,-96.428492,36.047454
EOR,DOOK6295500,Cherokee Platform - OK,DOOK6295500,OK,-96.428492,36.047454
EOR,DOOK6295600,Cherokee Platform - OK,DOOK6295600,OK,-96.428492,36.047454
EOR,DOOK6295800,Cherokee Platform - OK,DOOK6295800,OK,-96.428492,36.047454
EOR,DOOK6295900,Cherokee Platform - OK,DOOK6295900,OK,-96.428492,36.047454
EOR,DOOK6296200,Cherokee Platform - OK,DOOK6296200,OK,-96.428492,36.047454
EOR,DOOK6296600,Cherokee Platform - OK,DOOK6296600,OK,-96.428492,36.047454
EOR,DOOK6296700,Cherokee Platform - OK,DOOK6296700,OK,-96.428492,36.047454
EOR,DOOK6296900,Cherokee Platform - OK,DOOK6296900,OK,-96.428492,36.047454
EOR,DOOK6298100,Cherokee Platform - OK,DOOK6298100,OK,-96.428492,36.047454
EOR,DOOK6298400,Cherokee Platform - OK,DOOK6298400,OK,-96.428492,36.047454
EOR,DOOK6298600,Cherokee Platform - OK,DOOK6298600,OK,-96.428492,36.047454
EOR,DOOK6298700,Cherokee Platform - OK,DOOK6298700,OK,-96.428492,36.047454
EOR,DOOK6299200,Cherokee Platform - OK,DOOK6299200,OK,-96.428492,36.047454
EOR,DOOK6299500,Cherokee Platform - OK,DOOK6299500,OK,-96.428492,36.047454
EOR,DOOK6299700,Cherokee Platform - OK,DOOK6299700,OK,-96.428492,36.047454
EOR,DOOK6299900,Cherokee Platform - OK,DOOK6299900,OK,-96.428492,36.047454
EOR,DOOK6300600,Cherokee Platform - OK,DOOK6300600,OK,-96.428492,36.047454
EOR,DOOK6300700,Cherokee Platform - OK,DOOK6300700,OK,-96.428492,36.047454
EOR,DOOK6300800,Cherokee Platform - OK,DOOK6300800,OK,-96.428492,36.047454
EOR,DOOK6300900,Cherokee Platform - OK,DOOK6300900,OK,-96.428492,36.047454
EOR,DOOK6301200,Cherokee Platform - OK,DOOK6301200,OK,-96.428492,36.047454
EOR,DOOK6301900,Cherokee Platform - OK,DOOK6301900,OK,-96.428492,36.047454
EOR,DOOK6302100,Cherokee Platform - OK,DOOK6302100,OK,-96.428492,36.047454
EOR,DOOK6302700,Cherokee Platform - OK,DOOK6302700,OK,-96.428492,36.047454
EOR,DOOK6303000,Cherokee Platform - OK,DOOK6303000,OK,-96.428492,36.047454
EOR,DOOK6303400,Cherokee Platform - OK,DOOK6303400,OK,-96.428492,36.047454
EOR,DOOK6304300,Cherokee Platform - OK,DOOK6304300,OK,-96.428492,36.047454
EOR,DOOK6305500,Cherokee Platform - OK,DOOK6305500,OK,-96.428492,36.047454
EOR,DOOK6305700,Cherokee Platform - OK,DOOK6305700,OK,-96.428492,36.047454
EOR,DOOK6305800,Cherokee Platform - OK,DOOK6305800,OK,-96.428492,36.047454
EOR,DOOK6305900,Cherokee Platform - OK,DOOK6305900,OK,-96.428492,36.047454
EOR,DOOK6306500,Cherokee Platform - OK,DOOK6306500,OK,-96.428492,36.047454
EOR,DOOK6306600,Cherokee Platform - OK,DOOK6306600,OK,-96.428492,36.047454
EOR,DOOK6307200,Cherokee Platform - OK,DOOK6307200,OK,-96.428492,36.047454
EOR,DOOK6307300,Cherokee Platform - OK,DOOK6307300,OK,-96.428492,36.047454
EOR,DOOK6307400,Cherokee Platform - OK,DOOK6307400,OK,-96.428492,36.047454
EOR,DOOK6307500,Cherokee Platform - OK,DOOK6307500,OK,-96.428492,36.047454
EOR,DOOK6307600,Cherokee Platform - OK,DOOK6307600,OK,-96.428492,36.047454
EOR,DOOK6308700,Cherokee Platform - OK,DOOK6308700,OK,-96.428492,36.047454
EOR,DOOK6308800,Cherokee Platform - OK,DOOK6308800,OK,-96.428492,36.047454
EOR,DOOK6308900,Cherokee Platform - OK,DOOK6308900,OK,-96.428492,36.047454
EOR,DOOK6310600,Cherokee Platform - OK,DOOK6310600,OK,-96.428492,36.047454
EOR,DOOK6310700,Cherokee Platform - OK,DOOK6310700,OK,-96.428492,36.047454
EOR,DOOK6310800,Cherokee Platform - OK,DOOK6310800,OK,-96.428492,36.047454
EOR,DOOK6310900,Cherokee Platform - OK,DOOK6310900,OK,-96.428492,36.047454
EOR,DOOK6311000,Cherokee Platform - OK,DOOK6311000,OK,-96.428492,36.047454
EOR,DOOK6311200,Cherokee Platform - OK,DOOK6311200,OK,-96.428492,36.047454
EOR,DOOK6311300,Cherokee Platform - OK,DOOK6311300,OK,-96.428492,36.047454
EOR,DOOK6311400,Cherokee Platform - OK,DOOK6311400,OK,-96.428492,36.047454
EOR,DOOK6311600,Cherokee Platform - OK,DOOK6311600,OK,-96.428492,36.047454
EOR,DOOK6311800,Cherokee Platform - OK,DOOK6311800,OK,-96.428492,36.047454
EOR,DOOK6311900,Cherokee Platform - OK,DOOK6311900,OK,-96.428492,36.047454
EOR,DOOK6312300,Cherokee Platform - OK,DOOK6312300,OK,-96.428492,36.047454
EOR,DOOK6312400,Cherokee Platform - OK,DOOK6312400,OK,-96.428492,36.047454
EOR,DOOK6313000,Cherokee Platform - OK,DOOK6313000,OK,-96.428492,36.047454
EOR,DOOK6313100,Cherokee Platform - OK,DOOK6313100,OK,-96.428492,36.047454
EOR,DOOK6313300,Cherokee Platform - OK,DOOK6313300,OK,-96.428492,36.047454
EOR,DOOK6313600,Cherokee Platform - OK,DOOK6313600,OK,-96.428492,36.047454
EOR,DOOK6313700,Cherokee Platform - OK,DOOK6313700,OK,-96.428492,36.047454
EOR,DOOK6314000,Cherokee Platform - OK,DOOK6314000,OK,-96.428492,36.047454
EOR,DOOK6314100,Cherokee Platform - OK,DOOK6314100,OK,-96.428492,36.047454
EOR,DOOK6314600,Cherokee Platform - OK,DOOK6314600,OK,-96.428492,36.047454
EOR,DOOK6315300,Cherokee Platform - OK,DOOK6315300,OK,-96.428492,36.047454
EOR,DOOK6315600,Cherokee Platform - OK,DOOK6315600,OK,-96.428492,36.047454
EOR,DOOK6316000,Cherokee Platform - OK,DOOK6316000,OK,-96.428492,36.047454
EOR,DOOK6316300,Cherokee Platform - OK,DOOK6316300,OK,-96.428492,36.047454
EOR,DOOK6316700,Cherokee Platform - OK,DOOK6316700,OK,-96.428492,36.047454
EOR,DOOK6316800,Cherokee Platform - OK,DOOK6316800,OK,-96.428492,36.047454
EOR,DOOK6317100,Cherokee Platform - OK,DOOK6317100,OK,-96.428492,36.047454
EOR,DOOK6317300,Cherokee Platform - OK,DOOK6317300,OK,-96.428492,36.047454
EOR,DOOK6317600,Cherokee Platform - OK,DOOK6317600,OK,-96.428492,36.047454
EOR,DOOK6317700,Cherokee Platform - OK,DOOK6317700,OK,-96.428492,36.047454
EOR,DOOK6318000,Cherokee Platform - OK,DOOK6318000,OK,-96.428492,36.047454
EOR,DOOK6318700,Cherokee Platform - OK,DOOK6318700,OK,-96.428492,36.047454
EOR,DOOK6318800,Cherokee Platform - OK,DOOK6318800,OK,-96.428492,36.047454
EOR,DOOK6319000,Cherokee Platform - OK,DOOK6319000,OK,-96.428492,36.047454
EOR,DOOK6319100,Cherokee Platform - OK,DOOK6319100,OK,-96.428492,36.047454
EOR,DOOK6319200,Cherokee Platform - OK,DOOK6319200,OK,-96.428492,36.047454
EOR,DOOK6319300,Cherokee Platform - OK,DOOK6319300,OK,-96.428492,36.047454
EOR,DOOK6319400,Cherokee Platform - OK,DOOK6319400,OK,-96.428492,36.047454
EOR,DOOK6319500,Cherokee Platform - OK,DOOK6319500,OK,-96.428492,36.047454
EOR,DOOK6319600,Cherokee Platform - OK,DOOK6319600,OK,-96.428492,36.047454
EOR,DOOK6319700,Cherokee Platform - OK,DOOK6319700,OK,-96.428492,36.047454
EOR,DOOK6319800,Cherokee Platform - OK,DOOK6319800,OK,-96.428492,36.047454
EOR,DOOK6320000,Cherokee Platform - OK,DOOK6320000,OK,-96.428492,36.047454
EOR,DOOK6320500,Cherokee Platform - OK,DOOK6320500,OK,-96.428492,36.047454
EOR,DOOK6321000,Cherokee Platform - OK,DOOK6321000,OK,-96.428492,36.047454
EOR,DOOK6321100,Cherokee Platform - OK,DOOK6321100,OK,-96.428492,36.047454
EOR,DOOK6321300,Cherokee Platform - OK,DOOK6321300,OK,-96.428492,36.047454
EOR,DOOK6321700,Cherokee Platform - OK,DOOK6321700,OK,-96.428492,36.047454
EOR,DOOK6322700,Cherokee Platform - OK,DOOK6322700,OK,-96.428492,36.047454
EOR,DOOK6324100,Cherokee Platform - OK,DOOK6324100,OK,-96.428492,36.047454
EOR,DOOK6324200,Cherokee Platform - OK,DOOK6324200,OK,-96.428492,36.047454
EOR,DOOK6324500,Cherokee Platform - OK,DOOK6324500,OK,-96.428492,36.047454
EOR,DOOK6324600,Cherokee Platform - OK,DOOK6324600,OK,-96.428492,36.047454
EOR,DOOK6325000,Cherokee Platform - OK,DOOK6325000,OK,-96.428492,36.047454
EOR,DOOK6325200,Cherokee Platform - OK,DOOK6325200,OK,-96.428492,36.047454
EOR,DOOK6325300,Cherokee Platform - OK,DOOK6325300,OK,-96.428492,36.047454
EOR,DOOK6326200,Cherokee Platform - OK,DOOK6326200,OK,-96.428492,36.047454
EOR,DOOK6326300,Cherokee Platform - OK,DOOK6326300,OK,-96.428492,36.047454
EOR,DOOK6326400,Cherokee Platform - OK,DOOK6326400,OK,-96.428492,36.047454
EOR,DOOK6327300,Cherokee Platform - OK,DOOK6327300,OK,-96.428492,36.047454
EOR,DOOK6327700,Cherokee Platform - OK,DOOK6327700,OK,-96.428492,36.047454
EOR,DOOK6327800,Cherokee Platform - OK,DOOK6327800,OK,-96.428492,36.047454
EOR,DOOK6328200,Cherokee Platform - OK,DOOK6328200,OK,-96.428492,36.047454
EOR,DOOK6328300,Cherokee Platform - OK,DOOK6328300,OK,-96.428492,36.047454
EOR,DOOK6328500,Cherokee Platform - OK,DOOK6328500,OK,-96.428492,36.047454
EOR,DOOK6328600,Cherokee Platform - OK,DOOK6328600,OK,-96.428492,36.047454
EOR,DOOK6329100,Cherokee Platform - OK,DOOK6329100,OK,-96.428492,36.047454
EOR,DOOK6329200,Cherokee Platform - OK,DOOK6329200,OK,-96.428492,36.047454
EOR,DOOK6329500,Cherokee Platform - OK,DOOK6329500,OK,-96.428492,36.047454
EOR,DOOK6329800,Cherokee Platform - OK,DOOK6329800,OK,-96.428492,36.047454
EOR,DOOK6329900,Cherokee Platform - OK,DOOK6329900,OK,-96.428492,36.047454
EOR,DOOK6330000,Cherokee Platform - OK,DOOK6330000,OK,-96.428492,36.047454
EOR,DOOK6330200,Cherokee Platform - OK,DOOK6330200,OK,-96.428492,36.047454
EOR,DOOK6330600,Cherokee Platform - OK,DOOK6330600,OK,-96.428492,36.047454
EOR,DOOK6331400,Cherokee Platform - OK,DOOK6331400,OK,-96.428492,36.047454
EOR,DOOK6331800,Cherokee Platform - OK,DOOK6331800,OK,-96.428492,36.047454
EOR,DOOK6331900,Cherokee Platform - OK,DOOK6331900,OK,-96.428492,36.047454
EOR,DOOK6332600,Cherokee Platform - OK,DOOK6332600,OK,-96.428492,36.047454
EOR,DOOK6333600,Cherokee Platform - OK,DOOK6333600,OK,-96.428492,36.047454
EOR,DOOK6333900,Cherokee Platform - OK,DOOK6333900,OK,-96.428492,36.047454
EOR,DOOK6334300,Cherokee Platform - OK,DOOK6334300,OK,-96.428492,36.047454
EOR,DOOK6334700,Cherokee Platform - OK,DOOK6334700,OK,-96.428492,36.047454
EOR,DOOK6335400,Cherokee Platform - OK,DOOK6335400,OK,-96.428492,36.047454
EOR,DOOK6336400,Cherokee Platform - OK,DOOK6336400,OK,-96.428492,36.047454
EOR,DOOK6336500,Cherokee Platform - OK,DOOK6336500,OK,-96.428492,36.047454
EOR,DOOK6337800,Cherokee Platform - OK,DOOK6337800,OK,-96.428492,36.047454
EOR,DOOK6337900,Cherokee Platform - OK,DOOK6337900,OK,-96.428492,36.047454
EOR,DOOK6338100,Cherokee Platform - OK,DOOK6338100,OK,-96.428492,36.047454
EOR,DOOK6339400,Cherokee Platform - OK,DOOK6339400,OK,-96.428492,36.047454
EOR,DOOK6339800,Cherokee Platform - OK,DOOK6339800,OK,-96.428492,36.047454
EOR,DOOK6340200,Cherokee Platform - OK,DOOK6340200,OK,-96.428492,36.047454
EOR,DOOK6340700,Cherokee Platform - OK,DOOK6340700,OK,-96.428492,36.047454
EOR,DOOK6340800,Cherokee Platform - OK,DOOK6340800,OK,-96.428492,36.047454
EOR,DOOK6341000,Cherokee Platform - OK,DOOK6341000,OK,-96.428492,36.047454
EOR,DOOK6341600,Cherokee Platform - OK,DOOK6341600,OK,-96.428492,36.047454
EOR,DOOK6342100,Cherokee Platform - OK,DOOK6342100,OK,-96.428492,36.047454
EOR,DOOK6343000,Cherokee Platform - OK,DOOK6343000,OK,-96.428492,36.047454
EOR,DOOK6343100,Cherokee Platform - OK,DOOK6343100,OK,-96.428492,36.047454
EOR,DONE6812600,Denver Basin - NE,DONE6812600,NE,-102.488121,41.566958
EOR,DONE6812700,Denver Basin - NE,DONE6812700,NE,-102.488121,41.566958
EOR,DONE6813300,Denver Basin - NE,DONE6813300,NE,-102.488121,41.566958
EOR,DONE6813600,Denver Basin - NE,DONE6813600,NE,-102.488121,41.566958
EOR,DONE6814600,Denver Basin - NE,DONE6814600,NE,-102.488121,41.566958
EOR,DONE6814900,Denver Basin - NE,DONE6814900,NE,-102.488121,41.566958
EOR,DONE6815300,Denver Basin - NE,DONE6815300,NE,-102.488121,41.566958
EOR,DONE6815900,Denver Basin - NE,DONE6815900,NE,-102.488121,41.566958
EOR,DONE6817300,Denver Basin - NE,DONE6817300,NE,-102.488121,41.566958
EOR,DONE6817800,Denver Basin - NE,DONE6817800,NE,-102.488121,41.566958
EOR,DONE6819000,Denver Basin - NE,DONE6819000,NE,-102.488121,41.566958
EOR,DONE6819100,Denver Basin - NE,DONE6819100,NE,-102.488121,41.566958
EOR,DONE6819800,Denver Basin - NE,DONE6819800,NE,-102.488121,41.566958
EOR,DONE6821400,Denver Basin - NE,DONE6821400,NE,-102.488121,41.566958
EOR,DONE6822800,Denver Basin - NE,DONE6822800,NE,-102.488121,41.566958
EOR,DONE6822900,Denver Basin - NE,DONE6822900,NE,-102.488121,41.566958
EOR,DONE6823100,Denver Basin - NE,DONE6823100,NE,-102.488121,41.566958
EOR,DONE6824100,Denver Basin - NE,DONE6824100,NE,-102.488121,41.566958
EOR,DONE6824200,Denver Basin - NE,DONE6824200,NE,-102.488121,41.566958
EOR,DONE6824300,Denver Basin - NE,DONE6824300,NE,-102.488121,41.566958
EOR,DONE6824700,Denver Basin - NE,DONE6824700,NE,-102.488121,41.566958
EOR,DONE6825200,Denver Basin - NE,DONE6825200,NE,-102.488121,41.566958
EOR,DONE6829900,Denver Basin - NE,DONE6829900,NE,-102.488121,41.566958
EOR,DONE6830300,Denver Basin - NE,DONE6830300,NE,-102.488121,41.566958
EOR,DONE6831800,Denver Basin - NE,DONE6831800,NE,-102.488121,41.566958
EOR,DONE6833000,Denver Basin - NE,DONE6833000,NE,-102.488121,41.566958
EOR,DONE6834100,Denver Basin - NE,DONE6834100,NE,-102.488121,41.566958
EOR,DONE6835200,Denver Basin - NE,DONE6835200,NE,-102.488121,41.566958
EOR,DONE6836300,Denver Basin - NE,DONE6836300,NE,-102.488121,41.566958
EOR,DOSD6779800,Denver Basin - SD,DOSD6779800,SD,-103.408902,43.136728
EOR,DOWY6812200,Denver Basin - WY,DOWY6812200,WY,-104.4867,41.743429
EOR,DOWY6812400,Denver Basin - WY,DOWY6812400,WY,-104.4867,41.743429
EOR,DOWY6836000,Denver Basin - WY,DOWY6836000,WY,-104.4867,41.743429
EOR,DOFL6023500,TX-LA-MS Salt Basins - FL,DOFL6023500,FL,-87.274405,30.738074
EOR,DOFL6024700,TX-LA-MS Salt Basins - FL,DOFL6024700,FL,-87.274405,30.738074
EOR,DOLA6019600,TX-LA-MS Salt Basins - LA,DOLA6019600,LA,-92.568814,32.266879
EOR,DOLA6144400,TX-LA-MS Salt Basins - LA,DOLA6144400,LA,-92.568814,32.266879
EOR,DOLA6151500,TX-LA-MS Salt Basins - LA,DOLA6151500,LA,-92.568814,32.266879
EOR,DOLA6152200,TX-LA-MS Salt Basins - LA,DOLA6152200,LA,-92.568814,32.266879
EOR,DOLA6152400,TX-LA-MS Salt Basins - LA,DOLA6152400,LA,-92.568814,32.266879
EOR,DOLA6155700,TX-LA-MS Salt Basins - LA,DOLA6155700,LA,-92.568814,32.266879
EOR,DOLA6162100,TX-LA-MS Salt Basins - LA,DOLA6162100,LA,-92.568814,32.266879
EOR,DOLA6162200,TX-LA-MS Salt Basins - LA,DOLA6162200,LA,-92.568814,32.266879
EOR,DOLA6162300,TX-LA-MS Salt Basins - LA,DOLA6162300,LA,-92.568814,32.266879
EOR,DOLA6162500,TX-LA-MS Salt Basins - LA,DOLA6162500,LA,-92.568814,32.266879
EOR,DOLA6162600,TX-LA-MS Salt Basins - LA,DOLA6162600,LA,-92.568814,32.266879
EOR,DOLA6162700,TX-LA-MS Salt Basins - LA,DOLA6162700,LA,-92.568814,32.266879
EOR,DOLA6162800,TX-LA-MS Salt Basins - LA,DOLA6162800,LA,-92.568814,32.266879
EOR,DOLA6163000,TX-LA-MS Salt Basins - LA,DOLA6163000,LA,-92.568814,32.266879
EOR,DOLA6163100,TX-LA-MS Salt Basins - LA,DOLA6163100,LA,-92.568814,32.266879
EOR,DOLA6164700,TX-LA-MS Salt Basins - LA,DOLA6164700,LA,-92.568814,32.266879
EOR,DOLA6164800,TX-LA-MS Salt Basins - LA,DOLA6164800,LA,-92.568814,32.266879
EOR,DOLA6165100,TX-LA-MS Salt Basins - LA,DOLA6165100,LA,-92.568814,32.266879
EOR,DOLA6167700,TX-LA-MS Salt Basins - LA,DOLA6167700,LA,-92.568814,32.266879
EOR,DOLA6169500,TX-LA-MS Salt Basins - LA,DOLA6169500,LA,-92.568814,32.266879
EOR,DOLA6170500,TX-LA-MS Salt Basins - LA,DOLA6170500,LA,-92.568814,32.266879
EOR,DOLA6171900,TX-LA-MS Salt Basins - LA,DOLA6171900,LA,-92.568814,32.266879
EOR,DOLA6172500,TX-LA-MS Salt Basins - LA,DOLA6172500,LA,-92.568814,32.266879
EOR,DOLA6172700,TX-LA-MS Salt Basins - LA,DOLA6172700,LA,-92.568814,32.266879
EOR,DOLA6174000,TX-LA-MS Salt Basins - LA,DOLA6174000,LA,-92.568814,32.266879
EOR,DOLA6178800,TX-LA-MS Salt Basins - LA,DOLA6178800,LA,-92.568814,32.266879
EOR,DOLA6179500,TX-LA-MS Salt Basins - LA,DOLA6179500,LA,-92.568814,32.266879
EOR,DOLA6179800,TX-LA-MS Salt Basins - LA,DOLA6179800,LA,-92.568814,32.266879
EOR,DOLA6180200,TX-LA-MS Salt Basins - LA,DOLA6180200,LA,-92.568814,32.266879
EOR,DOMS6001000,TX-LA-MS Salt Basins - MS,DOMS6001000,MS,-89.867531,31.709832
EOR,DOMS6001100,TX-LA-MS Salt Basins - MS,DOMS6001100,MS,-89.867531,31.709832
EOR,DOMS6001200,TX-LA-MS Salt Basins - MS,DOMS6001200,MS,-89.867531,31.709832
EOR,DOMS6001400,TX-LA-MS Salt Basins - MS,DOMS6001400,MS,-89.867531,31.709832
EOR,DOMS6001500,TX-LA-MS Salt Basins - MS,DOMS6001500,MS,-89.867531,31.709832
EOR,DOMS6001600,TX-LA-MS Salt Basins - MS,DOMS6001600,MS,-89.867531,31.709832
EOR,DOMS6001700,TX-LA-MS Salt Basins - MS,DOMS6001700,MS,-89.867531,31.709832
EOR,DOMS6001800,TX-LA-MS Salt Basins - MS,DOMS6001800,MS,-89.867531,31.709832
EOR,DOMS6001900,TX-LA-MS Salt Basins - MS,DOMS6001900,MS,-89.867531,31.709832
EOR,DOMS6002000,TX-LA-MS Salt Basins - MS,DOMS6002000,MS,-89.867531,31.709832
EOR,DOMS6002100,TX-LA-MS Salt Basins - MS,DOMS6002100,MS,-89.867531,31.709832
EOR,DOMS6002200,TX-LA-MS Salt Basins - MS,DOMS6002200,MS,-89.867531,31.709832
EOR,DOMS6002400,TX-LA-MS Salt Basins - MS,DOMS6002400,MS,-89.867531,31.709832
EOR,DOMS6002500,TX-LA-MS Salt Basins - MS,DOMS6002500,MS,-89.867531,31.709832
EOR,DOMS6002600,TX-LA-MS Salt Basins - MS,DOMS6002600,MS,-89.867531,31.709832
EOR,DOMS6003900,TX-LA-MS Salt Basins - MS,DOMS6003900,MS,-89.867531,31.709832
EOR,DOMS6004300,TX-LA-MS Salt Basins - MS,DOMS6004300,MS,-89.867531,31.709832
EOR,DOMS6004400,TX-LA-MS Salt Basins - MS,DOMS6004400,MS,-89.867531,31.709832
EOR,DOMS6004600,TX-LA-MS Salt Basins - MS,DOMS6004600,MS,-89.867531,31.709832
EOR,DOMS6004800,TX-LA-MS Salt Basins - MS,DOMS6004800,MS,-89.867531,31.709832
EOR,DOMS6005500,TX-LA-MS Salt Basins - MS,DOMS6005500,MS,-89.867531,31.709832
EOR,DOMS6005700,TX-LA-MS Salt Basins - MS,DOMS6005700,MS,-89.867531,31.709832
EOR,DOMS6005900,TX-LA-MS Salt Basins - MS,DOMS6005900,MS,-89.867531,31.709832
EOR,DOMS6006500,TX-LA-MS Salt Basins - MS,DOMS6006500,MS,-89.867531,31.709832
EOR,DOMS6007000,TX-LA-MS Salt Basins - MS,DOMS6007000,MS,-89.867531,31.709832
EOR,DOMS6007100,TX-LA-MS Salt Basins - MS,DOMS6007100,MS,-89.867531,31.709832
EOR,DOMS6008600,TX-LA-MS Salt Basins - MS,DOMS6008600,MS,-89.867531,31.709832
EOR,DOMS6008700,TX-LA-MS Salt Basins - MS,DOMS6008700,MS,-89.867531,31.709832
EOR,DOMS6010000,TX-LA-MS Salt Basins - MS,DOMS6010000,MS,-89.867531,31.709832
EOR,DOMS6010100,TX-LA-MS Salt Basins - MS,DOMS6010100,MS,-89.867531,31.709832
EOR,DOMS6010400,TX-LA-MS Salt Basins - MS,DOMS6010400,MS,-89.867531,31.709832
EOR,DOMS6010800,TX-LA-MS Salt Basins - MS,DOMS6010800,MS,-89.867531,31.709832
EOR,DOMS6011200,TX-LA-MS Salt Basins - MS,DOMS6011200,MS,-89.867531,31.709832
EOR,DOMS6012200,TX-LA-MS Salt Basins - MS,DOMS6012200,MS,-89.867531,31.709832
EOR,DOMS6013600,TX-LA-MS Salt Basins - MS,DOMS6013600,MS,-89.867531,31.709832
EOR,DOMS6013700,TX-LA-MS Salt Basins - MS,DOMS6013700,MS,-89.867531,31.709832
EOR,DOMS6014300,TX-LA-MS Salt Basins - MS,DOMS6014300,MS,-89.867531,31.709832
EOR,DOMS6015100,TX-LA-MS Salt Basins - MS,DOMS6015100,MS,-89.867531,31.709832
EOR,DOMS6015900,TX-LA-MS Salt Basins - MS,DOMS6015900,MS,-89.867531,31.709832
EOR,DOMS6016800,TX-LA-MS Salt Basins - MS,DOMS6016800,MS,-89.867531,31.709832
EOR,DOMS6018500,TX-LA-MS Salt Basins - MS,DOMS6018500,MS,-89.867531,31.709832
EOR,DOMS6020600,TX-LA-MS Salt Basins - MS,DOMS6020600,MS,-89.867531,31.709832
EOR,DOMS6022300,TX-LA-MS Salt Basins - MS,DOMS6022300,MS,-89.867531,31.709832
EOR,DOMS6024300,TX-LA-MS Salt Basins - MS,DOMS6024300,MS,-89.867531,31.709832
EOR,DOMS6026000,TX-LA-MS Salt Basins - MS,DOMS6026000,MS,-89.867531,31.709832
EOR,DOMS6027700,TX-LA-MS Salt Basins - MS,DOMS6027700,MS,-89.867531,31.709832
EOR,DOMS6028300,TX-LA-MS Salt Basins - MS,DOMS6028300,MS,-89.867531,31.709832
EOR,DOMS6030600,TX-LA-MS Salt Basins - MS,DOMS6030600,MS,-89.867531,31.709832
EOR,DOMS6031300,TX-LA-MS Salt Basins - MS,DOMS6031300,MS,-89.867531,31.709832
EOR,DOMS6031700,TX-LA-MS Salt Basins - MS,DOMS6031700,MS,-89.867531,31.709832
EOR,DOMS6033100,TX-LA-MS Salt Basins - MS,DOMS6033100,MS,-89.867531,31.709832
EOR,DOMS7214800,TX-LA-MS Salt Basins - MS,DOMS7214800,MS,-89.867531,31.709832
EOR,DOTX6154400,TX-LA-MS Salt Basins - TX,DOTX6154400,TX,-95.226765,32.239409
EOR,DOTX6155000,TX-LA-MS Salt Basins - TX,DOTX6155000,TX,-95.226765,32.239409
EOR,DOTX6181600,TX-LA-MS Salt Basins - TX,DOTX6181600,TX,-95.226765,32.239409
EOR,DOTX6181700,TX-LA-MS Salt Basins - TX,DOTX6181700,TX,-95.226765,32.239409
EOR,DOTX6182200,TX-LA-MS Salt Basins - TX,DOTX6182200,TX,-95.226765,32.239409
EOR,DOTX6182600,TX-LA-MS Salt Basins - TX,DOTX6182600,TX,-95.226765,32.239409
EOR,DOTX6182700,TX-LA-MS Salt Basins - TX,DOTX6182700,TX,-95.226765,32.239409
EOR,DOTX6182800,TX-LA-MS Salt Basins - TX,DOTX6182800,TX,-95.226765,32.239409
EOR,DOTX6182900,TX-LA-MS Salt Basins - TX,DOTX6182900,TX,-95.226765,32.239409
EOR,DOTX6183000,TX-LA-MS Salt Basins - TX,DOTX6183000,TX,-95.226765,32.239409
EOR,DOTX6183100,TX-LA-MS Salt Basins - TX,DOTX6183100,TX,-95.226765,32.239409
EOR,DOTX6183200,TX-LA-MS Salt Basins - TX,DOTX6183200,TX,-95.226765,32.239409
EOR,DOTX6183600,TX-LA-MS Salt Basins - TX,DOTX6183600,TX,-95.226765,32.239409
EOR,DOTX6183700,TX-LA-MS Salt Basins - TX,DOTX6183700,TX,-95.226765,32.239409
EOR,DOTX6184500,TX-LA-MS Salt Basins - TX,DOTX6184500,TX,-95.226765,32.239409
EOR,DOTX6184600,TX-LA-MS Salt Basins - TX,DOTX6184600,TX,-95.226765,32.239409
EOR,DOTX6184700,TX-LA-MS Salt Basins - TX,DOTX6184700,TX,-95.226765,32.239409
EOR,DOTX6184800,TX-LA-MS Salt Basins - TX,DOTX6184800,TX,-95.226765,32.239409
EOR,DOTX6185000,TX-LA-MS Salt Basins - TX,DOTX6185000,TX,-95.226765,32.239409
EOR,DOTX6185500,TX-LA-MS Salt Basins - TX,DOTX6185500,TX,-95.226765,32.239409
EOR,DOTX6185600,TX-LA-MS Salt Basins - TX,DOTX6185600,TX,-95.226765,32.239409
EOR,DOTX6185700,TX-LA-MS Salt Basins - TX,DOTX6185700,TX,-95.226765,32.239409
EOR,DOTX6185800,TX-LA-MS Salt Basins - TX,DOTX6185800,TX,-95.226765,32.239409
EOR,DOTX6186500,TX-LA-MS Salt Basins - TX,DOTX6186500,TX,-95.226765,32.239409
EOR,DOTX6186600,TX-LA-MS Salt Basins - TX,DOTX6186600,TX,-95.226765,32.239409
EOR,DOTX6186700,TX-LA-MS Salt Basins - TX,DOTX6186700,TX,-95.226765,32.239409
EOR,DOTX6186900,TX-LA-MS Salt Basins - TX,DOTX6186900,TX,-95.226765,32.239409
EOR,DOTX6187200,TX-LA-MS Salt Basins - TX,DOTX6187200,TX,-95.226765,32.239409
EOR,DOTX6187900,TX-LA-MS Salt Basins - TX,DOTX6187900,TX,-95.226765,32.239409
EOR,DOTX6188000,TX-LA-MS Salt Basins - TX,DOTX6188000,TX,-95.226765,32.239409
EOR,DOTX6188500,TX-LA-MS Salt Basins - TX,DOTX6188500,TX,-95.226765,32.239409
EOR,DOTX6188800,TX-LA-MS Salt Basins - TX,DOTX6188800,TX,-95.226765,32.239409
EOR,DOTX6188900,TX-LA-MS Salt Basins - TX,DOTX6188900,TX,-95.226765,32.239409
EOR,DOTX6189100,TX-LA-MS Salt Basins - TX,DOTX6189100,TX,-95.226765,32.239409
EOR,DOTX6189700,TX-LA-MS Salt Basins - TX,DOTX6189700,TX,-95.226765,32.239409
EOR,DOTX6189800,TX-LA-MS Salt Basins - TX,DOTX6189800,TX,-95.226765,32.239409
EOR,DOTX6190000,TX-LA-MS Salt Basins - TX,DOTX6190000,TX,-95.226765,32.239409
EOR,DOTX6190100,TX-LA-MS Salt Basins - TX,DOTX6190100,TX,-95.226765,32.239409
EOR,DOTX6190400,TX-LA-MS Salt Basins - TX,DOTX6190400,TX,-95.226765,32.239409
EOR,DOTX6190500,TX-LA-MS Salt Basins - TX,DOTX6190500,TX,-95.226765,32.239409
EOR,DOTX6190600,TX-LA-MS Salt Basins - TX,DOTX6190600,TX,-95.226765,32.239409
EOR,DOTX6190700,TX-LA-MS Salt Basins - TX,DOTX6190700,TX,-95.226765,32.239409
EOR,DOTX6190900,TX-LA-MS Salt Basins - TX,DOTX6190900,TX,-95.226765,32.239409
EOR,DOTX6191000,TX-LA-MS Salt Basins - TX,DOTX6191000,TX,-95.226765,32.239409
EOR,DOTX6191100,TX-LA-MS Salt Basins - TX,DOTX6191100,TX,-95.226765,32.239409
EOR,DOTX6191300,TX-LA-MS Salt Basins - TX,DOTX6191300,TX,-95.226765,32.239409
EOR,DOTX6191500,TX-LA-MS Salt Basins - TX,DOTX6191500,TX,-95.226765,32.239409
EOR,DOTX6191700,TX-LA-MS Salt Basins - TX,DOTX6191700,TX,-95.226765,32.239409
EOR,DOTX6192000,TX-LA-MS Salt Basins - TX,DOTX6192000,TX,-95.226765,32.239409
EOR,DOTX6192100,TX-LA-MS Salt Basins - TX,DOTX6192100,TX,-95.226765,32.239409
EOR,DOTX6192500,TX-LA-MS Salt Basins - TX,DOTX6192500,TX,-95.226765,32.239409
EOR,DOTX6192600,TX-LA-MS Salt Basins - TX,DOTX6192600,TX,-95.226765,32.239409
EOR,DOTX6193000,TX-LA-MS Salt Basins - TX,DOTX6193000,TX,-95.226765,32.239409
EOR,DOTX6193300,TX-LA-MS Salt Basins - TX,DOTX6193300,TX,-95.226765,32.239409
EOR,DOTX6193400,TX-LA-MS Salt Basins - TX,DOTX6193400,TX,-95.226765,32.239409
EOR,DOTX6193500,TX-LA-MS Salt Basins - TX,DOTX6193500,TX,-95.226765,32.239409
EOR,DOTX6193600,TX-LA-MS Salt Basins - TX,DOTX6193600,TX,-95.226765,32.239409
EOR,DOTX6193700,TX-LA-MS Salt Basins - TX,DOTX6193700,TX,-95.226765,32.239409
EOR,DOTX6193800,TX-LA-MS Salt Basins - TX,DOTX6193800,TX,-95.226765,32.239409
EOR,DOTX6194300,TX-LA-MS Salt Basins - TX,DOTX6194300,TX,-95.226765,32.239409
EOR,DOTX6194500,TX-LA-MS Salt Basins - TX,DOTX6194500,TX,-95.226765,32.239409
EOR,DOTX6195300,TX-LA-MS Salt Basins - TX,DOTX6195300,TX,-95.226765,32.239409
EOR,DOTX6195500,TX-LA-MS Salt Basins - TX,DOTX6195500,TX,-95.226765,32.239409
EOR,DOTX6195700,TX-LA-MS Salt Basins - TX,DOTX6195700,TX,-95.226765,32.239409
EOR,DOTX6196200,TX-LA-MS Salt Basins - TX,DOTX6196200,TX,-95.226765,32.239409
EOR,DOTX6196300,TX-LA-MS Salt Basins - TX,DOTX6196300,TX,-95.226765,32.239409
EOR,DOTX6197000,TX-LA-MS Salt Basins - TX,DOTX6197000,TX,-95.226765,32.239409
EOR,DOTX6197200,TX-LA-MS Salt Basins - TX,DOTX6197200,TX,-95.226765,32.239409
EOR,DOTX6197600,TX-LA-MS Salt Basins - TX,DOTX6197600,TX,-95.226765,32.239409
EOR,DOTX6199000,TX-LA-MS Salt Basins - TX,DOTX6199000,TX,-95.226765,32.239409
EOR,DONV6847600,Eastern Great Basin,DONV6847600,NV,-114.138692,39.461243
EOR,DOFL6000100,Florida Peninsula,DOFL6000100,FL,-81.981696,25.806406
EOR,DOFL6000300,Florida Peninsula,DOFL6000300,FL,-81.981696,25.806406
EOR,DOMO7214200,Forest City Basin - MO,DOMO7214200,MO,-93.601756,39.593632
EOR,DOKY7145100,Illinois Basin - KY,DOKY7145100,KY,-87.35114,37.264661
EOR,DOMI6199500,Michigan Basin - MI,DOMI6199500,MI,-88.340055,43.622145
EOR,DOMI6202200,Michigan Basin - MI,DOMI6202200,MI,-88.340055,43.622145
EOR,DOMI6202400,Michigan Basin - MI,DOMI6202400,MI,-88.340055,43.622145
EOR,DOMI6203000,Michigan Basin - MI,DOMI6203000,MI,-88.340055,43.622145
EOR,DOMI6203100,Michigan Basin - MI,DOMI6203100,MI,-88.340055,43.622145
EOR,DOMI6204800,Michigan Basin - MI,DOMI6204800,MI,-88.340055,43.622145
EOR,DOMI6207800,Michigan Basin - MI,DOMI6207800,MI,-88.340055,43.622145
EOR,DOMI6208300,Michigan Basin - MI,DOMI6208300,MI,-88.340055,43.622145
EOR,DOMI6209000,Michigan Basin - MI,DOMI6209000,MI,-88.340055,43.622145
EOR,DOMI6209200,Michigan Basin - MI,DOMI6209200,MI,-88.340055,43.622145
EOR,DOMI6209300,Michigan Basin - MI,DOMI6209300,MI,-88.340055,43.622145
EOR,DOMI6209500,Michigan Basin - MI,DOMI6209500,MI,-88.340055,43.622145
EOR,DOMI6209800,Michigan Basin - MI,DOMI6209800,MI,-88.340055,43.622145
EOR,DOMI6210600,Michigan Basin - MI,DOMI6210600,MI,-88.340055,43.622145
EOR,DOMI6210700,Michigan Basin - MI,DOMI6210700,MI,-88.340055,43.622145
EOR,DOMI6212100,Michigan Basin - MI,DOMI6212100,MI,-88.340055,43.622145
EOR,DOMI6212800,Michigan Basin - MI,DOMI6212800,MI,-88.340055,43.622145
EOR,DOMI6214300,Michigan Basin - MI,DOMI6214300,MI,-88.340055,43.622145
EOR,DOMI6214800,Michigan Basin - MI,DOMI6214800,MI,-88.340055,43.622145
EOR,DOMI6215200,Michigan Basin - MI,DOMI6215200,MI,-88.340055,43.622145
EOR,DOMI6215400,Michigan Basin - MI,DOMI6215400,MI,-88.340055,43.622145
EOR,DOMI6216700,Michigan Basin - MI,DOMI6216700,MI,-88.340055,43.622145
EOR,DOMI6217400,Michigan Basin - MI,DOMI6217400,MI,-88.340055,43.622145
EOR,DOMI6217500,Michigan Basin - MI,DOMI6217500,MI,-88.340055,43.622145
EOR,DOMI6217600,Michigan Basin - MI,DOMI6217600,MI,-88.340055,43.622145
EOR,DOMI6218600,Michigan Basin - MI,DOMI6218600,MI,-88.340055,43.622145
EOR,DOMI6218900,Michigan Basin - MI,DOMI6218900,MI,-88.340055,43.622145
EOR,DOKS6262700,Nemaha Uplift - KS,DOKS6262700,KS,-96.674642,38.834601
EOR,DOKS6292100,Nemaha Uplift - KS,DOKS6292100,KS,-96.674642,38.834601
EOR,DOKS6396800,Nemaha Uplift - KS,DOKS6396800,KS,-96.674642,38.834601
EOR,DOKS6396900,Nemaha Uplift - KS,DOKS6396900,KS,-96.674642,38.834601
EOR,DOKS6397400,Nemaha Uplift - KS,DOKS6397400,KS,-96.674642,38.834601
EOR,DOKS6398000,Nemaha Uplift - KS,DOKS6398000,KS,-96.674642,38.834601
EOR,DOKS6398100,Nemaha Uplift - KS,DOKS6398100,KS,-96.674642,38.834601
EOR,DOKS6398200,Nemaha Uplift - KS,DOKS6398200,KS,-96.674642,38.834601
EOR,DOKS6398300,Nemaha Uplift - KS,DOKS6398300,KS,-96.674642,38.834601
EOR,DOKS6398500,Nemaha Uplift - KS,DOKS6398500,KS,-96.674642,38.834601
EOR,DOKS6398700,Nemaha Uplift - KS,DOKS6398700,KS,-96.674642,38.834601
EOR,DOKS6398800,Nemaha Uplift - KS,DOKS6398800,KS,-96.674642,38.834601
EOR,DOKS6399200,Nemaha Uplift - KS,DOKS6399200,KS,-96.674642,38.834601
EOR,DOKS6399400,Nemaha Uplift - KS,DOKS6399400,KS,-96.674642,38.834601
EOR,DOKS6399500,Nemaha Uplift - KS,DOKS6399500,KS,-96.674642,38.834601
EOR,DOKS6399800,Nemaha Uplift - KS,DOKS6399800,KS,-96.674642,38.834601
EOR,DOKS6399900,Nemaha Uplift - KS,DOKS6399900,KS,-96.674642,38.834601
EOR,DOKS6400200,Nemaha Uplift - KS,DOKS6400200,KS,-96.674642,38.834601
EOR,DOKS6400600,Nemaha Uplift - KS,DOKS6400600,KS,-96.674642,38.834601
EOR,DOKS6401100,Nemaha Uplift - KS,DOKS6401100,KS,-96.674642,38.834601
EOR,DOKS6401200,Nemaha Uplift - KS,DOKS6401200,KS,-96.674642,38.834601
EOR,DOKS6401400,Nemaha Uplift - KS,DOKS6401400,KS,-96.674642,38.834601
EOR,DOKS6402100,Nemaha Uplift - KS,DOKS6402100,KS,-96.674642,38.834601
EOR,DOKS6402200,Nemaha Uplift - KS,DOKS6402200,KS,-96.674642,38.834601
EOR,DOKS6402600,Nemaha Uplift - KS,DOKS6402600,KS,-96.674642,38.834601
EOR,DOKS6403000,Nemaha Uplift - KS,DOKS6403000,KS,-96.674642,38.834601
EOR,DOKS6403100,Nemaha Uplift - KS,DOKS6403100,KS,-96.674642,38.834601
EOR,DOKS6403400,Nemaha Uplift - KS,DOKS6403400,KS,-96.674642,38.834601
EOR,DOKS6403500,Nemaha Uplift - KS,DOKS6403500,KS,-96.674642,38.834601
EOR,DOKS6403800,Nemaha Uplift - KS,DOKS6403800,KS,-96.674642,38.834601
EOR,DOKS6404500,Nemaha Uplift - KS,DOKS6404500,KS,-96.674642,38.834601
EOR,DOKS6404800,Nemaha Uplift - KS,DOKS6404800,KS,-96.674642,38.834601
EOR,DOKS6407100,Nemaha Uplift - KS,DOKS6407100,KS,-96.674642,38.834601
EOR,DOOK6270300,Nemaha Uplift - OK,DOOK6270300,OK,-97.155506,36.338053
EOR,DOOK6287000,Nemaha Uplift - OK,DOOK6287000,OK,-97.155506,36.338053
EOR,DOOK6292900,Nemaha Uplift - OK,DOOK6292900,OK,-97.155506,36.338053
EOR,DOOK6293400,Nemaha Uplift - OK,DOOK6293400,OK,-97.155506,36.338053
EOR,DOOK6302400,Nemaha Uplift - OK,DOOK6302400,OK,-97.155506,36.338053
EOR,DOOK6303600,Nemaha Uplift - OK,DOOK6303600,OK,-97.155506,36.338053
EOR,DOOK6305400,Nemaha Uplift - OK,DOOK6305400,OK,-97.155506,36.338053
EOR,DOOK6306400,Nemaha Uplift - OK,DOOK6306400,OK,-97.155506,36.338053
EOR,DOOK6306700,Nemaha Uplift - OK,DOOK6306700,OK,-97.155506,36.338053
EOR,DOOK6308100,Nemaha Uplift - OK,DOOK6308100,OK,-97.155506,36.338053
EOR,DOOK6308200,Nemaha Uplift - OK,DOOK6308200,OK,-97.155506,36.338053
EOR,DOOK6312100,Nemaha Uplift - OK,DOOK6312100,OK,-97.155506,36.338053
EOR,DOOK6312600,Nemaha Uplift - OK,DOOK6312600,OK,-97.155506,36.338053
EOR,DOOK6312800,Nemaha Uplift - OK,DOOK6312800,OK,-97.155506,36.338053
EOR,DOOK6318900,Nemaha Uplift - OK,DOOK6318900,OK,-97.155506,36.338053
EOR,DOOK6321200,Nemaha Uplift - OK,DOOK6321200,OK,-97.155506,36.338053
EOR,DOOK6321900,Nemaha Uplift - OK,DOOK6321900,OK,-97.155506,36.338053
EOR,DOOK6322000,Nemaha Uplift - OK,DOOK6322000,OK,-97.155506,36.338053
EOR,DOOK6323100,Nemaha Uplift - OK,DOOK6323100,OK,-97.155506,36.338053
EOR,DOOK6323500,Nemaha Uplift - OK,DOOK6323500,OK,-97.155506,36.338053
EOR,DOOK6323700,Nemaha Uplift - OK,DOOK6323700,OK,-97.155506,36.338053
EOR,DOOK6325500,Nemaha Uplift - OK,DOOK6325500,OK,-97.155506,36.338053
EOR,DOOK6325600,Nemaha Uplift - OK,DOOK6325600,OK,-97.155506,36.338053
EOR,DOOK6326100,Nemaha Uplift - OK,DOOK6326100,OK,-97.155506,36.338053
EOR,DOOK6326500,Nemaha Uplift - OK,DOOK6326500,OK,-97.155506,36.338053
EOR,DOOK6326600,Nemaha Uplift - OK,DOOK6326600,OK,-97.155506,36.338053
EOR,DOOK6327100,Nemaha Uplift - OK,DOOK6327100,OK,-97.155506,36.338053
EOR,DOOK6328800,Nemaha Uplift - OK,DOOK6328800,OK,-97.155506,36.338053
EOR,DOOK6328900,Nemaha Uplift - OK,DOOK6328900,OK,-97.155506,36.338053
EOR,DOOK6329700,Nemaha Uplift - OK,DOOK6329700,OK,-97.155506,36.338053
EOR,DOOK6332000,Nemaha Uplift - OK,DOOK6332000,OK,-97.155506,36.338053
EOR,DOOK6332400,Nemaha Uplift - OK,DOOK6332400,OK,-97.155506,36.338053
EOR,DOOK6333100,Nemaha Uplift - OK,DOOK6333100,OK,-97.155506,36.338053
EOR,DOOK6333200,Nemaha Uplift - OK,DOOK6333200,OK,-97.155506,36.338053
EOR,DOOK6333800,Nemaha Uplift - OK,DOOK6333800,OK,-97.155506,36.338053
EOR,DOOK6334100,Nemaha Uplift - OK,DOOK6334100,OK,-97.155506,36.338053
EOR,DOOK6334200,Nemaha Uplift - OK,DOOK6334200,OK,-97.155506,36.338053
EOR,DOOK6334900,Nemaha Uplift - OK,DOOK6334900,OK,-97.155506,36.338053
EOR,DOOK6335000,Nemaha Uplift - OK,DOOK6335000,OK,-97.155506,36.338053
EOR,DOOK6335500,Nemaha Uplift - OK,DOOK6335500,OK,-97.155506,36.338053
EOR,DOOK6335600,Nemaha Uplift - OK,DOOK6335600,OK,-97.155506,36.338053
EOR,DOOK6335800,Nemaha Uplift - OK,DOOK6335800,OK,-97.155506,36.338053
EOR,DOOK6335900,Nemaha Uplift - OK,DOOK6335900,OK,-97.155506,36.338053
EOR,DOOK6336900,Nemaha Uplift - OK,DOOK6336900,OK,-97.155506,36.338053
EOR,DOOK6337000,Nemaha Uplift - OK,DOOK6337000,OK,-97.155506,36.338053
EOR,DOOK6337100,Nemaha Uplift - OK,DOOK6337100,OK,-97.155506,36.338053
EOR,DOOK6337700,Nemaha Uplift - OK,DOOK6337700,OK,-97.155506,36.338053
EOR,DOOK6338000,Nemaha Uplift - OK,DOOK6338000,OK,-97.155506,36.338053
EOR,DOOK6338400,Nemaha Uplift - OK,DOOK6338400,OK,-97.155506,36.338053
EOR,DOOK6338500,Nemaha Uplift - OK,DOOK6338500,OK,-97.155506,36.338053
EOR,DOOK6338900,Nemaha Uplift - OK,DOOK6338900,OK,-97.155506,36.338053
EOR,DOOK6339000,Nemaha Uplift - OK,DOOK6339000,OK,-97.155506,36.338053
EOR,DOOK6339300,Nemaha Uplift - OK,DOOK6339300,OK,-97.155506,36.338053
EOR,DOOK6339600,Nemaha Uplift - OK,DOOK6339600,OK,-97.155506,36.338053
EOR,DOOK6339700,Nemaha Uplift - OK,DOOK6339700,OK,-97.155506,36.338053
EOR,DOOK6341500,Nemaha Uplift - OK,DOOK6341500,OK,-97.155506,36.338053
EOR,DOOK6341700,Nemaha Uplift - OK,DOOK6341700,OK,-97.155506,36.338053
EOR,DOOK6342200,Nemaha Uplift - OK,DOOK6342200,OK,-97.155506,36.338053
EOR,DOOK6342300,Nemaha Uplift - OK,DOOK6342300,OK,-97.155506,36.338053
EOR,DOOK6343500,Nemaha Uplift - OK,DOOK6343500,OK,-97.155506,36.338053
EOR,DOOK6343600,Nemaha Uplift - OK,DOOK6343600,OK,-97.155506,36.338053
EOR,DOOK6343700,Nemaha Uplift - OK,DOOK6343700,OK,-97.155506,36.338053
EOR,DOTX6743400,Palo Duro Basin - TX,DOTX6743400,TX,-101.404588,34.372523
EOR,DONM6843400,Paradox Basin - NM,DONM6843400,NM,-108.806188,36.785223
EOR,DOUT6840800,Paradox Basin - UT,DOUT6840800,UT,-109.756499,38.108422
EOR,DOUT6843900,Paradox Basin - UT,DOUT6843900,UT,-109.756499,38.108422
EOR,DOUT6844000,Paradox Basin - UT,DOUT6844000,UT,-109.756499,38.108422
EOR,DOUT6844500,Paradox Basin - UT,DOUT6844500,UT,-109.756499,38.108422
EOR,DOUT6844700,Paradox Basin - UT,DOUT6844700,UT,-109.756499,38.108422
EOR,DOUT6845200,Paradox Basin - UT,DOUT6845200,UT,-109.756499,38.108422
EOR,DOUT6845500,Paradox Basin - UT,DOUT6845500,UT,-109.756499,38.108422
EOR,DOUT6845900,Paradox Basin - UT,DOUT6845900,UT,-109.756499,38.108422
EOR,DOUT6846000,Paradox Basin - UT,DOUT6846000,UT,-109.756499,38.108422
EOR,DOUT6846100,Paradox Basin - UT,DOUT6846100,UT,-109.756499,38.108422
EOR,DOUT6846300,Paradox Basin - UT,DOUT6846300,UT,-109.756499,38.108422
EOR,DONM6565600,Permian Basin - NM,DONM6565600,NM,-103.913369,32.888823
EOR,DONM6567700,Permian Basin - NM,DONM6567700,NM,-103.913369,32.888823
EOR,DONM6567800,Permian Basin - NM,DONM6567800,NM,-103.913369,32.888823
EOR,DONM6568900,Permian Basin - NM,DONM6568900,NM,-103.913369,32.888823
EOR,DONM6569000,Permian Basin - NM,DONM6569000,NM,-103.913369,32.888823
EOR,DONM6569100,Permian Basin - NM,DONM6569100,NM,-103.913369,32.888823
EOR,DONM6569200,Permian Basin - NM,DONM6569200,NM,-103.913369,32.888823
EOR,DONM6570700,Permian Basin - NM,DONM6570700,NM,-103.913369,32.888823
EOR,DONM6571800,Permian Basin - NM,DONM6571800,NM,-103.913369,32.888823
EOR,DONM6572400,Permian Basin - NM,DONM6572400,NM,-103.913369,32.888823
EOR,DONM6572500,Permian Basin - NM,DONM6572500,NM,-103.913369,32.888823
EOR,DONM6572600,Permian Basin - NM,DONM6572600,NM,-103.913369,32.888823
EOR,DONM6572700,Permian Basin - NM,DONM6572700,NM,-103.913369,32.888823
EOR,DONM6577500,Permian Basin - NM,DONM6577500,NM,-103.913369,32.888823
EOR,DONM6577700,Permian Basin - NM,DONM6577700,NM,-103.913369,32.888823
EOR,DONM6577800,Permian Basin - NM,DONM6577800,NM,-103.913369,32.888823
EOR,DONM6581200,Permian Basin - NM,DONM6581200,NM,-103.913369,32.888823
EOR,DONM6581700,Permian Basin - NM,DONM6581700,NM,-103.913369,32.888823
EOR,DONM6581800,Permian Basin - NM,DONM6581800,NM,-103.913369,32.888823
EOR,DONM6582800,Permian Basin - NM,DONM6582800,NM,-103.913369,32.888823
EOR,DONM6583100,Permian Basin - NM,DONM6583100,NM,-103.913369,32.888823
EOR,DONM6583200,Permian Basin - NM,DONM6583200,NM,-103.913369,32.888823
EOR,DONM6584800,Permian Basin - NM,DONM6584800,NM,-103.913369,32.888823
EOR,DONM6585400,Permian Basin - NM,DONM6585400,NM,-103.913369,32.888823
EOR,DONM6585900,Permian Basin - NM,DONM6585900,NM,-103.913369,32.888823
EOR,DONM6587300,Permian Basin - NM,DONM6587300,NM,-103.913369,32.888823
EOR,DONM6590200,Permian Basin - NM,DONM6590200,NM,-103.913369,32.888823
EOR,DONM6595000,Permian Basin - NM,DONM6595000,NM,-103.913369,32.888823
EOR,DONM6595400,Permian Basin - NM,DONM6595400,NM,-103.913369,32.888823
EOR,DONM6597500,Permian Basin - NM,DONM6597500,NM,-103.913369,32.888823
EOR,DONM6605100,Permian Basin - NM,DONM6605100,NM,-103.913369,32.888823
EOR,DONM6606700,Permian Basin - NM,DONM6606700,NM,-103.913369,32.888823
EOR,DONM6612500,Permian Basin - NM,DONM6612500,NM,-103.913369,32.888823
EOR,DONM6614900,Permian Basin - NM,DONM6614900,NM,-103.913369,32.888823
EOR,DONM6616400,Permian Basin - NM,DONM6616400,NM,-103.913369,32.888823
EOR,DONM6624000,Permian Basin - NM,DONM6624000,NM,-103.913369,32.888823
EOR,DONM6625300,Permian Basin - NM,DONM6625300,NM,-103.913369,32.888823
EOR,DONM6628200,Permian Basin - NM,DONM6628200,NM,-103.913369,32.888823
EOR,DONM6631700,Permian Basin - NM,DONM6631700,NM,-103.913369,32.888823
EOR,DONM6631800,Permian Basin - NM,DONM6631800,NM,-103.913369,32.888823
EOR,DONM6633100,Permian Basin - NM,DONM6633100,NM,-103.913369,32.888823
EOR,DONM6639900,Permian Basin - NM,DONM6639900,NM,-103.913369,32.888823
EOR,DONM6641600,Permian Basin - NM,DONM6641600,NM,-103.913369,32.888823
EOR,DONM6646200,Permian Basin - NM,DONM6646200,NM,-103.913369,32.888823
EOR,DONM6647400,Permian Basin - NM,DONM6647400,NM,-103.913369,32.888823
EOR,DONM6648900,Permian Basin - NM,DONM6648900,NM,-103.913369,32.888823
EOR,DONM6650400,Permian Basin - NM,DONM6650400,NM,-103.913369,32.888823
EOR,DONM6657900,Permian Basin - NM,DONM6657900,NM,-103.913369,32.888823
EOR,DONM6664000,Permian Basin - NM,DONM6664000,NM,-103.913369,32.888823
EOR,DONM6664100,Permian Basin - NM,DONM6664100,NM,-103.913369,32.888823
EOR,DONM6667100,Permian Basin - NM,DONM6667100,NM,-103.913369,32.888823
EOR,DONM6671800,Permian Basin - NM,DONM6671800,NM,-103.913369,32.888823
EOR,DONM6675900,Permian Basin - NM,DONM6675900,NM,-103.913369,32.888823
EOR,DONM6676200,Permian Basin - NM,DONM6676200,NM,-103.913369,32.888823
EOR,DONM6677100,Permian Basin - NM,DONM6677100,NM,-103.913369,32.888823
EOR,DONM6685500,Permian Basin - NM,DONM6685500,NM,-103.913369,32.888823
EOR,DONM6687100,Permian Basin - NM,DONM6687100,NM,-103.913369,32.888823
EOR,DONM6687700,Permian Basin - NM,DONM6687700,NM,-103.913369,32.888823
EOR,DONM6691500,Permian Basin - NM,DONM6691500,NM,-103.913369,32.888823
EOR,DONM6692700,Permian Basin - NM,DONM6692700,NM,-103.913369,32.888823
EOR,DONM6692900,Permian Basin - NM,DONM6692900,NM,-103.913369,32.888823
EOR,DONM6693800,Permian Basin - NM,DONM6693800,NM,-103.913369,32.888823
EOR,DONM6700000,Permian Basin - NM,DONM6700000,NM,-103.913369,32.888823
EOR,DONM6700200,Permian Basin - NM,DONM6700200,NM,-103.913369,32.888823
EOR,DONM6703800,Permian Basin - NM,DONM6703800,NM,-103.913369,32.888823
EOR,DONM6708900,Permian Basin - NM,DONM6708900,NM,-103.913369,32.888823
EOR,DONM6709400,Permian Basin - NM,DONM6709400,NM,-103.913369,32.888823
EOR,DONM6718300,Permian Basin - NM,DONM6718300,NM,-103.913369,32.888823
EOR,DONM6724500,Permian Basin - NM,DONM6724500,NM,-103.913369,32.888823
EOR,DOTX6284700,Permian Basin - TX,DOTX6284700,TX,-102.03935,31.714809
EOR,DOTX6561800,Permian Basin - TX,DOTX6561800,TX,-102.03935,31.714809
EOR,DOTX6561900,Permian Basin - TX,DOTX6561900,TX,-102.03935,31.714809
EOR,DOTX6562000,Permian Basin - TX,DOTX6562000,TX,-102.03935,31.714809
EOR,DOTX6562100,Permian Basin - TX,DOTX6562100,TX,-102.03935,31.714809
EOR,DOTX6562400,Permian Basin - TX,DOTX6562400,TX,-102.03935,31.714809
EOR,DOTX6562600,Permian Basin - TX,DOTX6562600,TX,-102.03935,31.714809
EOR,DOTX6562700,Permian Basin - TX,DOTX6562700,TX,-102.03935,31.714809
EOR,DOTX6563100,Permian Basin - TX,DOTX6563100,TX,-102.03935,31.714809
EOR,DOTX6563200,Permian Basin - TX,DOTX6563200,TX,-102.03935,31.714809
EOR,DOTX6564200,Permian Basin - TX,DOTX6564200,TX,-102.03935,31.714809
EOR,DOTX6564300,Permian Basin - TX,DOTX6564300,TX,-102.03935,31.714809
EOR,DOTX6564400,Permian Basin - TX,DOTX6564400,TX,-102.03935,31.714809
EOR,DOTX6564500,Permian Basin - TX,DOTX6564500,TX,-102.03935,31.714809
EOR,DOTX6564600,Permian Basin - TX,DOTX6564600,TX,-102.03935,31.714809
EOR,DOTX6564700,Permian Basin - TX,DOTX6564700,TX,-102.03935,31.714809
EOR,DOTX6564900,Permian Basin - TX,DOTX6564900,TX,-102.03935,31.714809
EOR,DOTX6565400,Permian Basin - TX,DOTX6565400,TX,-102.03935,31.714809
EOR,DOTX6565500,Permian Basin - TX,DOTX6565500,TX,-102.03935,31.714809
EOR,DOTX6565800,Permian Basin - TX,DOTX6565800,TX,-102.03935,31.714809
EOR,DOTX6566200,Permian Basin - TX,DOTX6566200,TX,-102.03935,31.714809
EOR,DOTX6567200,Permian Basin - TX,DOTX6567200,TX,-102.03935,31.714809
EOR,DOTX6567400,Permian Basin - TX,DOTX6567400,TX,-102.03935,31.714809
EOR,DOTX6567900,Permian Basin - TX,DOTX6567900,TX,-102.03935,31.714809
EOR,DOTX6568000,Permian Basin - TX,DOTX6568000,TX,-102.03935,31.714809
EOR,DOTX6568100,Permian Basin - TX,DOTX6568100,TX,-102.03935,31.714809
EOR,DOTX6568700,Permian Basin - TX,DOTX6568700,TX,-102.03935,31.714809
EOR,DOTX6569800,Permian Basin - TX,DOTX6569800,TX,-102.03935,31.714809
EOR,DOTX6569900,Permian Basin - TX,DOTX6569900,TX,-102.03935,31.714809
EOR,DOTX6570200,Permian Basin - TX,DOTX6570200,TX,-102.03935,31.714809
EOR,DOTX6570300,Permian Basin - TX,DOTX6570300,TX,-102.03935,31.714809
EOR,DOTX6570400,Permian Basin - TX,DOTX6570400,TX,-102.03935,31.714809
EOR,DOTX6570800,Permian Basin - TX,DOTX6570800,TX,-102.03935,31.714809
EOR,DOTX6571100,Permian Basin - TX,DOTX6571100,TX,-102.03935,31.714809
EOR,DOTX6571200,Permian Basin - TX,DOTX6571200,TX,-102.03935,31.714809
EOR,DOTX6571300,Permian Basin - TX,DOTX6571300,TX,-102.03935,31.714809
EOR,DOTX6571400,Permian Basin - TX,DOTX6571400,TX,-102.03935,31.714809
EOR,DOTX6572800,Permian Basin - TX,DOTX6572800,TX,-102.03935,31.714809
EOR,DOTX6573000,Permian Basin - TX,DOTX6573000,TX,-102.03935,31.714809
EOR,DOTX6573100,Permian Basin - TX,DOTX6573100,TX,-102.03935,31.714809
EOR,DOTX6573200,Permian Basin - TX,DOTX6573200,TX,-102.03935,31.714809
EOR,DOTX6573300,Permian Basin - TX,DOTX6573300,TX,-102.03935,31.714809
EOR,DOTX6573600,Permian Basin - TX,DOTX6573600,TX,-102.03935,31.714809
EOR,DOTX6573800,Permian Basin - TX,DOTX6573800,TX,-102.03935,31.714809
EOR,DOTX6573900,Permian Basin - TX,DOTX6573900,TX,-102.03935,31.714809
EOR,DOTX6574100,Permian Basin - TX,DOTX6574100,TX,-102.03935,31.714809
EOR,DOTX6574600,Permian Basin - TX,DOTX6574600,TX,-102.03935,31.714809
EOR,DOTX6575000,Permian Basin - TX,DOTX6575000,TX,-102.03935,31.714809
EOR,DOTX6575100,Permian Basin - TX,DOTX6575100,TX,-102.03935,31.714809
EOR,DOTX6575500,Permian Basin - TX,DOTX6575500,TX,-102.03935,31.714809
EOR,DOTX6576000,Permian Basin - TX,DOTX6576000,TX,-102.03935,31.714809
EOR,DOTX6576200,Permian Basin - TX,DOTX6576200,TX,-102.03935,31.714809
EOR,DOTX6576600,Permian Basin - TX,DOTX6576600,TX,-102.03935,31.714809
EOR,DOTX6576700,Permian Basin - TX,DOTX6576700,TX,-102.03935,31.714809
EOR,DOTX6576800,Permian Basin - TX,DOTX6576800,TX,-102.03935,31.714809
EOR,DOTX6576900,Permian Basin - TX,DOTX6576900,TX,-102.03935,31.714809
EOR,DOTX6577000,Permian Basin - TX,DOTX6577000,TX,-102.03935,31.714809
EOR,DOTX6577100,Permian Basin - TX,DOTX6577100,TX,-102.03935,31.714809
EOR,DOTX6578700,Permian Basin - TX,DOTX6578700,TX,-102.03935,31.714809
EOR,DOTX6579000,Permian Basin - TX,DOTX6579000,TX,-102.03935,31.714809
EOR,DOTX6579200,Permian Basin - TX,DOTX6579200,TX,-102.03935,31.714809
EOR,DOTX6579400,Permian Basin - TX,DOTX6579400,TX,-102.03935,31.714809
EOR,DOTX6581400,Permian Basin - TX,DOTX6581400,TX,-102.03935,31.714809
EOR,DOTX6581500,Permian Basin - TX,DOTX6581500,TX,-102.03935,31.714809
EOR,DOTX6582000,Permian Basin - TX,DOTX6582000,TX,-102.03935,31.714809
EOR,DOTX6584000,Permian Basin - TX,DOTX6584000,TX,-102.03935,31.714809
EOR,DOTX6584100,Permian Basin - TX,DOTX6584100,TX,-102.03935,31.714809
EOR,DOTX6584200,Permian Basin - TX,DOTX6584200,TX,-102.03935,31.714809
EOR,DOTX6584300,Permian Basin - TX,DOTX6584300,TX,-102.03935,31.714809
EOR,DOTX6584400,Permian Basin - TX,DOTX6584400,TX,-102.03935,31.714809
EOR,DOTX6584500,Permian Basin - TX,DOTX6584500,TX,-102.03935,31.714809
EOR,DOTX6584600,Permian Basin - TX,DOTX6584600,TX,-102.03935,31.714809
EOR,DOTX6584700,Permian Basin - TX,DOTX6584700,TX,-102.03935,31.714809
EOR,DOTX6585100,Permian Basin - TX,DOTX6585100,TX,-102.03935,31.714809
EOR,DOTX6585600,Permian Basin - TX,DOTX6585600,TX,-102.03935,31.714809
EOR,DOTX6585700,Permian Basin - TX,DOTX6585700,TX,-102.03935,31.714809
EOR,DOTX6586300,Permian Basin - TX,DOTX6586300,TX,-102.03935,31.714809
EOR,DOTX6586500,Permian Basin - TX,DOTX6586500,TX,-102.03935,31.714809
EOR,DOTX6586800,Permian Basin - TX,DOTX6586800,TX,-102.03935,31.714809
EOR,DOTX6586900,Permian Basin - TX,DOTX6586900,TX,-102.03935,31.714809
EOR,DOTX6587400,Permian Basin - TX,DOTX6587400,TX,-102.03935,31.714809
EOR,DOTX6587500,Permian Basin - TX,DOTX6587500,TX,-102.03935,31.714809
EOR,DOTX6587800,Permian Basin - TX,DOTX6587800,TX,-102.03935,31.714809
EOR,DOTX6588000,Permian Basin - TX,DOTX6588000,TX,-102.03935,31.714809
EOR,DOTX6588200,Permian Basin - TX,DOTX6588200,TX,-102.03935,31.714809
EOR,DOTX6588300,Permian Basin - TX,DOTX6588300,TX,-102.03935,31.714809
EOR,DOTX6588500,Permian Basin - TX,DOTX6588500,TX,-102.03935,31.714809
EOR,DOTX6588600,Permian Basin - TX,DOTX6588600,TX,-102.03935,31.714809
EOR,DOTX6589100,Permian Basin - TX,DOTX6589100,TX,-102.03935,31.714809
EOR,DOTX6589200,Permian Basin - TX,DOTX6589200,TX,-102.03935,31.714809
EOR,DOTX6589300,Permian Basin - TX,DOTX6589300,TX,-102.03935,31.714809
EOR,DOTX6589400,Permian Basin - TX,DOTX6589400,TX,-102.03935,31.714809
EOR,DOTX6589600,Permian Basin - TX,DOTX6589600,TX,-102.03935,31.714809
EOR,DOTX6590100,Permian Basin - TX,DOTX6590100,TX,-102.03935,31.714809
EOR,DOTX6590300,Permian Basin - TX,DOTX6590300,TX,-102.03935,31.714809
EOR,DOTX6590900,Permian Basin - TX,DOTX6590900,TX,-102.03935,31.714809
EOR,DOTX6591600,Permian Basin - TX,DOTX6591600,TX,-102.03935,31.714809
EOR,DOTX6591700,Permian Basin - TX,DOTX6591700,TX,-102.03935,31.714809
EOR,DOTX6591900,Permian Basin - TX,DOTX6591900,TX,-102.03935,31.714809
EOR,DOTX6592000,Permian Basin - TX,DOTX6592000,TX,-102.03935,31.714809
EOR,DOTX6592100,Permian Basin - TX,DOTX6592100,TX,-102.03935,31.714809
EOR,DOTX6592200,Permian Basin - TX,DOTX6592200,TX,-102.03935,31.714809
EOR,DOTX6592300,Permian Basin - TX,DOTX6592300,TX,-102.03935,31.714809
EOR,DOTX6592400,Permian Basin - TX,DOTX6592400,TX,-102.03935,31.714809
EOR,DOTX6593100,Permian Basin - TX,DOTX6593100,TX,-102.03935,31.714809
EOR,DOTX6593200,Permian Basin - TX,DOTX6593200,TX,-102.03935,31.714809
EOR,DOTX6593900,Permian Basin - TX,DOTX6593900,TX,-102.03935,31.714809
EOR,DOTX6594100,Permian Basin - TX,DOTX6594100,TX,-102.03935,31.714809
EOR,DOTX6594400,Permian Basin - TX,DOTX6594400,TX,-102.03935,31.714809
EOR,DOTX6594600,Permian Basin - TX,DOTX6594600,TX,-102.03935,31.714809
EOR,DOTX6594800,Permian Basin - TX,DOTX6594800,TX,-102.03935,31.714809
EOR,DOTX6595500,Permian Basin - TX,DOTX6595500,TX,-102.03935,31.714809
EOR,DOTX6595600,Permian Basin - TX,DOTX6595600,TX,-102.03935,31.714809
EOR,DOTX6595700,Permian Basin - TX,DOTX6595700,TX,-102.03935,31.714809
EOR,DOTX6595800,Permian Basin - TX,DOTX6595800,TX,-102.03935,31.714809
EOR,DOTX6596100,Permian Basin - TX,DOTX6596100,TX,-102.03935,31.714809
EOR,DOTX6596200,Permian Basin - TX,DOTX6596200,TX,-102.03935,31.714809
EOR,DOTX6596600,Permian Basin - TX,DOTX6596600,TX,-102.03935,31.714809
EOR,DOTX6596900,Permian Basin - TX,DOTX6596900,TX,-102.03935,31.714809
EOR,DOTX6597000,Permian Basin - TX,DOTX6597000,TX,-102.03935,31.714809
EOR,DOTX6597200,Permian Basin - TX,DOTX6597200,TX,-102.03935,31.714809
EOR,DOTX6597700,Permian Basin - TX,DOTX6597700,TX,-102.03935,31.714809
EOR,DOTX6598700,Permian Basin - TX,DOTX6598700,TX,-102.03935,31.714809
EOR,DOTX6599200,Permian Basin - TX,DOTX6599200,TX,-102.03935,31.714809
EOR,DOTX6599300,Permian Basin - TX,DOTX6599300,TX,-102.03935,31.714809
EOR,DOTX6599400,Permian Basin - TX,DOTX6599400,TX,-102.03935,31.714809
EOR,DOTX6599600,Permian Basin - TX,DOTX6599600,TX,-102.03935,31.714809
EOR,DOTX6600000,Permian Basin - TX,DOTX6600000,TX,-102.03935,31.714809
EOR,DOTX6600100,Permian Basin - TX,DOTX6600100,TX,-102.03935,31.714809
EOR,DOTX6600600,Permian Basin - TX,DOTX6600600,TX,-102.03935,31.714809
EOR,DOTX6600800,Permian Basin - TX,DOTX6600800,TX,-102.03935,31.714809
EOR,DOTX6601200,Permian Basin - TX,DOTX6601200,TX,-102.03935,31.714809
EOR,DOTX6601300,Permian Basin - TX,DOTX6601300,TX,-102.03935,31.714809
EOR,DOTX6601500,Permian Basin - TX,DOTX6601500,TX,-102.03935,31.714809
EOR,DOTX6601900,Permian Basin - TX,DOTX6601900,TX,-102.03935,31.714809
EOR,DOTX6602300,Permian Basin - TX,DOTX6602300,TX,-102.03935,31.714809
EOR,DOTX6602900,Permian Basin - TX,DOTX6602900,TX,-102.03935,31.714809
EOR,DOTX6603000,Permian Basin - TX,DOTX6603000,TX,-102.03935,31.714809
EOR,DOTX6603100,Permian Basin - TX,DOTX6603100,TX,-102.03935,31.714809
EOR,DOTX6603400,Permian Basin - TX,DOTX6603400,TX,-102.03935,31.714809
EOR,DOTX6603700,Permian Basin - TX,DOTX6603700,TX,-102.03935,31.714809
EOR,DOTX6604300,Permian Basin - TX,DOTX6604300,TX,-102.03935,31.714809
EOR,DOTX6604700,Permian Basin - TX,DOTX6604700,TX,-102.03935,31.714809
EOR,DOTX6605000,Permian Basin - TX,DOTX6605000,TX,-102.03935,31.714809
EOR,DOTX6605700,Permian Basin - TX,DOTX6605700,TX,-102.03935,31.714809
EOR,DOTX6605800,Permian Basin - TX,DOTX6605800,TX,-102.03935,31.714809
EOR,DOTX6606900,Permian Basin - TX,DOTX6606900,TX,-102.03935,31.714809
EOR,DOTX6607000,Permian Basin - TX,DOTX6607000,TX,-102.03935,31.714809
EOR,DOTX6607200,Permian Basin - TX,DOTX6607200,TX,-102.03935,31.714809
EOR,DOTX6607400,Permian Basin - TX,DOTX6607400,TX,-102.03935,31.714809
EOR,DOTX6607900,Permian Basin - TX,DOTX6607900,TX,-102.03935,31.714809
EOR,DOTX6608100,Permian Basin - TX,DOTX6608100,TX,-102.03935,31.714809
EOR,DOTX6609500,Permian Basin - TX,DOTX6609500,TX,-102.03935,31.714809
EOR,DOTX6609600,Permian Basin - TX,DOTX6609600,TX,-102.03935,31.714809
EOR,DOTX6609700,Permian Basin - TX,DOTX6609700,TX,-102.03935,31.714809
EOR,DOTX6609800,Permian Basin - TX,DOTX6609800,TX,-102.03935,31.714809
EOR,DOTX6609900,Permian Basin - TX,DOTX6609900,TX,-102.03935,31.714809
EOR,DOTX6610000,Permian Basin - TX,DOTX6610000,TX,-102.03935,31.714809
EOR,DOTX6610800,Permian Basin - TX,DOTX6610800,TX,-102.03935,31.714809
EOR,DOTX6611100,Permian Basin - TX,DOTX6611100,TX,-102.03935,31.714809
EOR,DOTX6612100,Permian Basin - TX,DOTX6612100,TX,-102.03935,31.714809
EOR,DOTX6612300,Permian Basin - TX,DOTX6612300,TX,-102.03935,31.714809
EOR,DOTX6612900,Permian Basin - TX,DOTX6612900,TX,-102.03935,31.714809
EOR,DOTX6614600,Permian Basin - TX,DOTX6614600,TX,-102.03935,31.714809
EOR,DOTX6615100,Permian Basin - TX,DOTX6615100,TX,-102.03935,31.714809
EOR,DOTX6615600,Permian Basin - TX,DOTX6615600,TX,-102.03935,31.714809
EOR,DOTX6615700,Permian Basin - TX,DOTX6615700,TX,-102.03935,31.714809
EOR,DOTX6616200,Permian Basin - TX,DOTX6616200,TX,-102.03935,31.714809
EOR,DOTX6617000,Permian Basin - TX,DOTX6617000,TX,-102.03935,31.714809
EOR,DOTX6617100,Permian Basin - TX,DOTX6617100,TX,-102.03935,31.714809
EOR,DOTX6617600,Permian Basin - TX,DOTX6617600,TX,-102.03935,31.714809
EOR,DOTX6618300,Permian Basin - TX,DOTX6618300,TX,-102.03935,31.714809
EOR,DOTX6618400,Permian Basin - TX,DOTX6618400,TX,-102.03935,31.714809
EOR,DOTX6619400,Permian Basin - TX,DOTX6619400,TX,-102.03935,31.714809
EOR,DOTX6619700,Permian Basin - TX,DOTX6619700,TX,-102.03935,31.714809
EOR,DOTX6619800,Permian Basin - TX,DOTX6619800,TX,-102.03935,31.714809
EOR,DOTX6620000,Permian Basin - TX,DOTX6620000,TX,-102.03935,31.714809
EOR,DOTX6620100,Permian Basin - TX,DOTX6620100,TX,-102.03935,31.714809
EOR,DOTX6620500,Permian Basin - TX,DOTX6620500,TX,-102.03935,31.714809
EOR,DOTX6621100,Permian Basin - TX,DOTX6621100,TX,-102.03935,31.714809
EOR,DOTX6621800,Permian Basin - TX,DOTX6621800,TX,-102.03935,31.714809
EOR,DOTX6622100,Permian Basin - TX,DOTX6622100,TX,-102.03935,31.714809
EOR,DOTX6622300,Permian Basin - TX,DOTX6622300,TX,-102.03935,31.714809
EOR,DOTX6622600,Permian Basin - TX,DOTX6622600,TX,-102.03935,31.714809
EOR,DOTX6623300,Permian Basin - TX,DOTX6623300,TX,-102.03935,31.714809
EOR,DOTX6624600,Permian Basin - TX,DOTX6624600,TX,-102.03935,31.714809
EOR,DOTX6626400,Permian Basin - TX,DOTX6626400,TX,-102.03935,31.714809
EOR,DOTX6626500,Permian Basin - TX,DOTX6626500,TX,-102.03935,31.714809
EOR,DOTX6626800,Permian Basin - TX,DOTX6626800,TX,-102.03935,31.714809
EOR,DOTX6627000,Permian Basin - TX,DOTX6627000,TX,-102.03935,31.714809
EOR,DOTX6627900,Permian Basin - TX,DOTX6627900,TX,-102.03935,31.714809
EOR,DOTX6628100,Permian Basin - TX,DOTX6628100,TX,-102.03935,31.714809
EOR,DOTX6628300,Permian Basin - TX,DOTX6628300,TX,-102.03935,31.714809
EOR,DOTX6629300,Permian Basin - TX,DOTX6629300,TX,-102.03935,31.714809
EOR,DOTX6629400,Permian Basin - TX,DOTX6629400,TX,-102.03935,31.714809
EOR,DOTX6630200,Permian Basin - TX,DOTX6630200,TX,-102.03935,31.714809
EOR,DOTX6630600,Permian Basin - TX,DOTX6630600,TX,-102.03935,31.714809
EOR,DOTX6631200,Permian Basin - TX,DOTX6631200,TX,-102.03935,31.714809
EOR,DOTX6632600,Permian Basin - TX,DOTX6632600,TX,-102.03935,31.714809
EOR,DOTX6633000,Permian Basin - TX,DOTX6633000,TX,-102.03935,31.714809
EOR,DOTX6633200,Permian Basin - TX,DOTX6633200,TX,-102.03935,31.714809
EOR,DOTX6633900,Permian Basin - TX,DOTX6633900,TX,-102.03935,31.714809
EOR,DOTX6634900,Permian Basin - TX,DOTX6634900,TX,-102.03935,31.714809
EOR,DOTX6635200,Permian Basin - TX,DOTX6635200,TX,-102.03935,31.714809
EOR,DOTX6635900,Permian Basin - TX,DOTX6635900,TX,-102.03935,31.714809
EOR,DOTX6636100,Permian Basin - TX,DOTX6636100,TX,-102.03935,31.714809
EOR,DOTX6636300,Permian Basin - TX,DOTX6636300,TX,-102.03935,31.714809
EOR,DOTX6636600,Permian Basin - TX,DOTX6636600,TX,-102.03935,31.714809
EOR,DOTX6636800,Permian Basin - TX,DOTX6636800,TX,-102.03935,31.714809
EOR,DOTX6637000,Permian Basin - TX,DOTX6637000,TX,-102.03935,31.714809
EOR,DOTX6637300,Permian Basin - TX,DOTX6637300,TX,-102.03935,31.714809
EOR,DOTX6637700,Permian Basin - TX,DOTX6637700,TX,-102.03935,31.714809
EOR,DOTX6638100,Permian Basin - TX,DOTX6638100,TX,-102.03935,31.714809
EOR,DOTX6638500,Permian Basin - TX,DOTX6638500,TX,-102.03935,31.714809
EOR,DOTX6639000,Permian Basin - TX,DOTX6639000,TX,-102.03935,31.714809
EOR,DOTX6639300,Permian Basin - TX,DOTX6639300,TX,-102.03935,31.714809
EOR,DOTX6640000,Permian Basin - TX,DOTX6640000,TX,-102.03935,31.714809
EOR,DOTX6642100,Permian Basin - TX,DOTX6642100,TX,-102.03935,31.714809
EOR,DOTX6642300,Permian Basin - TX,DOTX6642300,TX,-102.03935,31.714809
EOR,DOTX6642600,Permian Basin - TX,DOTX6642600,TX,-102.03935,31.714809
EOR,DOTX6642900,Permian Basin - TX,DOTX6642900,TX,-102.03935,31.714809
EOR,DOTX6643000,Permian Basin - TX,DOTX6643000,TX,-102.03935,31.714809
EOR,DOTX6643200,Permian Basin - TX,DOTX6643200,TX,-102.03935,31.714809
EOR,DOTX6643300,Permian Basin - TX,DOTX6643300,TX,-102.03935,31.714809
EOR,DOTX6643900,Permian Basin - TX,DOTX6643900,TX,-102.03935,31.714809
EOR,DOTX6644100,Permian Basin - TX,DOTX6644100,TX,-102.03935,31.714809
EOR,DOTX6645300,Permian Basin - TX,DOTX6645300,TX,-102.03935,31.714809
EOR,DOTX6645500,Permian Basin - TX,DOTX6645500,TX,-102.03935,31.714809
EOR,DOTX6645900,Permian Basin - TX,DOTX6645900,TX,-102.03935,31.714809
EOR,DOTX6646100,Permian Basin - TX,DOTX6646100,TX,-102.03935,31.714809
EOR,DOTX6647500,Permian Basin - TX,DOTX6647500,TX,-102.03935,31.714809
EOR,DOTX6647600,Permian Basin - TX,DOTX6647600,TX,-102.03935,31.714809
EOR,DOTX6649100,Permian Basin - TX,DOTX6649100,TX,-102.03935,31.714809
EOR,DOTX6649200,Permian Basin - TX,DOTX6649200,TX,-102.03935,31.714809
EOR,DOTX6650100,Permian Basin - TX,DOTX6650100,TX,-102.03935,31.714809
EOR,DOTX6650200,Permian Basin - TX,DOTX6650200,TX,-102.03935,31.714809
EOR,DOTX6650800,Permian Basin - TX,DOTX6650800,TX,-102.03935,31.714809
EOR,DOTX6651000,Permian Basin - TX,DOTX6651000,TX,-102.03935,31.714809
EOR,DOTX6651100,Permian Basin - TX,DOTX6651100,TX,-102.03935,31.714809
EOR,DOTX6651500,Permian Basin - TX,DOTX6651500,TX,-102.03935,31.714809
EOR,DOTX6651700,Permian Basin - TX,DOTX6651700,TX,-102.03935,31.714809
EOR,DOTX6652500,Permian Basin - TX,DOTX6652500,TX,-102.03935,31.714809
EOR,DOTX6652600,Permian Basin - TX,DOTX6652600,TX,-102.03935,31.714809
EOR,DOTX6653000,Permian Basin - TX,DOTX6653000,TX,-102.03935,31.714809
EOR,DOTX6653800,Permian Basin - TX,DOTX6653800,TX,-102.03935,31.714809
EOR,DOTX6654400,Permian Basin - TX,DOTX6654400,TX,-102.03935,31.714809
EOR,DOTX6654800,Permian Basin - TX,DOTX6654800,TX,-102.03935,31.714809
EOR,DOTX6655300,Permian Basin - TX,DOTX6655300,TX,-102.03935,31.714809
EOR,DOTX6655400,Permian Basin - TX,DOTX6655400,TX,-102.03935,31.714809
EOR,DOTX6655800,Permian Basin - TX,DOTX6655800,TX,-102.03935,31.714809
EOR,DOTX6655900,Permian Basin - TX,DOTX6655900,TX,-102.03935,31.714809
EOR,DOTX6656100,Permian Basin - TX,DOTX6656100,TX,-102.03935,31.714809
EOR,DOTX6656600,Permian Basin - TX,DOTX6656600,TX,-102.03935,31.714809
EOR,DOTX6657700,Permian Basin - TX,DOTX6657700,TX,-102.03935,31.714809
EOR,DOTX6659000,Permian Basin - TX,DOTX6659000,TX,-102.03935,31.714809
EOR,DOTX6659300,Permian Basin - TX,DOTX6659300,TX,-102.03935,31.714809
EOR,DOTX6660200,Permian Basin - TX,DOTX6660200,TX,-102.03935,31.714809
EOR,DOTX6661300,Permian Basin - TX,DOTX6661300,TX,-102.03935,31.714809
EOR,DOTX6661600,Permian Basin - TX,DOTX6661600,TX,-102.03935,31.714809
EOR,DOTX6661700,Permian Basin - TX,DOTX6661700,TX,-102.03935,31.714809
EOR,DOTX6662100,Permian Basin - TX,DOTX6662100,TX,-102.03935,31.714809
EOR,DOTX6662500,Permian Basin - TX,DOTX6662500,TX,-102.03935,31.714809
EOR,DOTX6662600,Permian Basin - TX,DOTX6662600,TX,-102.03935,31.714809
EOR,DOTX6664500,Permian Basin - TX,DOTX6664500,TX,-102.03935,31.714809
EOR,DOTX6665300,Permian Basin - TX,DOTX6665300,TX,-102.03935,31.714809
EOR,DOTX6665400,Permian Basin - TX,DOTX6665400,TX,-102.03935,31.714809
EOR,DOTX6665900,Permian Basin - TX,DOTX6665900,TX,-102.03935,31.714809
EOR,DOTX6666200,Permian Basin - TX,DOTX6666200,TX,-102.03935,31.714809
EOR,DOTX6666700,Permian Basin - TX,DOTX6666700,TX,-102.03935,31.714809
EOR,DOTX6667800,Permian Basin - TX,DOTX6667800,TX,-102.03935,31.714809
EOR,DOTX6669200,Permian Basin - TX,DOTX6669200,TX,-102.03935,31.714809
EOR,DOTX6669700,Permian Basin - TX,DOTX6669700,TX,-102.03935,31.714809
EOR,DOTX6671100,Permian Basin - TX,DOTX6671100,TX,-102.03935,31.714809
EOR,DOTX6671300,Permian Basin - TX,DOTX6671300,TX,-102.03935,31.714809
EOR,DOTX6671700,Permian Basin - TX,DOTX6671700,TX,-102.03935,31.714809
EOR,DOTX6671900,Permian Basin - TX,DOTX6671900,TX,-102.03935,31.714809
EOR,DOTX6672100,Permian Basin - TX,DOTX6672100,TX,-102.03935,31.714809
EOR,DOTX6672400,Permian Basin - TX,DOTX6672400,TX,-102.03935,31.714809
EOR,DOTX6672600,Permian Basin - TX,DOTX6672600,TX,-102.03935,31.714809
EOR,DOTX6673200,Permian Basin - TX,DOTX6673200,TX,-102.03935,31.714809
EOR,DOTX6673400,Permian Basin - TX,DOTX6673400,TX,-102.03935,31.714809
EOR,DOTX6673900,Permian Basin - TX,DOTX6673900,TX,-102.03935,31.714809
EOR,DOTX6675300,Permian Basin - TX,DOTX6675300,TX,-102.03935,31.714809
EOR,DOTX6675400,Permian Basin - TX,DOTX6675400,TX,-102.03935,31.714809
EOR,DOTX6675800,Permian Basin - TX,DOTX6675800,TX,-102.03935,31.714809
EOR,DOTX6676600,Permian Basin - TX,DOTX6676600,TX,-102.03935,31.714809
EOR,DOTX6677600,Permian Basin - TX,DOTX6677600,TX,-102.03935,31.714809
EOR,DOTX6678100,Permian Basin - TX,DOTX6678100,TX,-102.03935,31.714809
EOR,DOTX6679000,Permian Basin - TX,DOTX6679000,TX,-102.03935,31.714809
EOR,DOTX6679100,Permian Basin - TX,DOTX6679100,TX,-102.03935,31.714809
EOR,DOTX6679900,Permian Basin - TX,DOTX6679900,TX,-102.03935,31.714809
EOR,DOTX6681000,Permian Basin - TX,DOTX6681000,TX,-102.03935,31.714809
EOR,DOTX6681500,Permian Basin - TX,DOTX6681500,TX,-102.03935,31.714809
EOR,DOTX6684100,Permian Basin - TX,DOTX6684100,TX,-102.03935,31.714809
EOR,DOTX6685000,Permian Basin - TX,DOTX6685000,TX,-102.03935,31.714809
EOR,DOTX6685200,Permian Basin - TX,DOTX6685200,TX,-102.03935,31.714809
EOR,DOTX6685400,Permian Basin - TX,DOTX6685400,TX,-102.03935,31.714809
EOR,DOTX6686500,Permian Basin - TX,DOTX6686500,TX,-102.03935,31.714809
EOR,DOTX6686800,Permian Basin - TX,DOTX6686800,TX,-102.03935,31.714809
EOR,DOTX6687500,Permian Basin - TX,DOTX6687500,TX,-102.03935,31.714809
EOR,DOTX6688000,Permian Basin - TX,DOTX6688000,TX,-102.03935,31.714809
EOR,DOTX6688500,Permian Basin - TX,DOTX6688500,TX,-102.03935,31.714809
EOR,DOTX6689400,Permian Basin - TX,DOTX6689400,TX,-102.03935,31.714809
EOR,DOTX6690200,Permian Basin - TX,DOTX6690200,TX,-102.03935,31.714809
EOR,DOTX6690500,Permian Basin - TX,DOTX6690500,TX,-102.03935,31.714809
EOR,DOTX6690800,Permian Basin - TX,DOTX6690800,TX,-102.03935,31.714809
EOR,DOTX6692000,Permian Basin - TX,DOTX6692000,TX,-102.03935,31.714809
EOR,DOTX6692600,Permian Basin - TX,DOTX6692600,TX,-102.03935,31.714809
EOR,DOTX6693000,Permian Basin - TX,DOTX6693000,TX,-102.03935,31.714809
EOR,DOTX6693500,Permian Basin - TX,DOTX6693500,TX,-102.03935,31.714809
EOR,DOTX6693600,Permian Basin - TX,DOTX6693600,TX,-102.03935,31.714809
EOR,DOTX6696700,Permian Basin - TX,DOTX6696700,TX,-102.03935,31.714809
EOR,DOTX6696800,Permian Basin - TX,DOTX6696800,TX,-102.03935,31.714809
EOR,DOTX6697300,Permian Basin - TX,DOTX6697300,TX,-102.03935,31.714809
EOR,DOTX6697800,Permian Basin - TX,DOTX6697800,TX,-102.03935,31.714809
EOR,DOTX6698400,Permian Basin - TX,DOTX6698400,TX,-102.03935,31.714809
EOR,DOTX6698900,Permian Basin - TX,DOTX6698900,TX,-102.03935,31.714809
EOR,DOTX6699400,Permian Basin - TX,DOTX6699400,TX,-102.03935,31.714809
EOR,DOTX6699900,Permian Basin - TX,DOTX6699900,TX,-102.03935,31.714809
EOR,DOTX6700800,Permian Basin - TX,DOTX6700800,TX,-102.03935,31.714809
EOR,DOTX6701800,Permian Basin - TX,DOTX6701800,TX,-102.03935,31.714809
EOR,DOTX6702700,Permian Basin - TX,DOTX6702700,TX,-102.03935,31.714809
EOR,DOTX6703400,Permian Basin - TX,DOTX6703400,TX,-102.03935,31.714809
EOR,DOTX6705900,Permian Basin - TX,DOTX6705900,TX,-102.03935,31.714809
EOR,DOTX6706500,Permian Basin - TX,DOTX6706500,TX,-102.03935,31.714809
EOR,DOTX6706700,Permian Basin - TX,DOTX6706700,TX,-102.03935,31.714809
EOR,DOTX6706800,Permian Basin - TX,DOTX6706800,TX,-102.03935,31.714809
EOR,DOTX6706900,Permian Basin - TX,DOTX6706900,TX,-102.03935,31.714809
EOR,DOTX6707100,Permian Basin - TX,DOTX6707100,TX,-102.03935,31.714809
EOR,DOTX6707500,Permian Basin - TX,DOTX6707500,TX,-102.03935,31.714809
EOR,DOTX6707600,Permian Basin - TX,DOTX6707600,TX,-102.03935,31.714809
EOR,DOTX6707700,Permian Basin - TX,DOTX6707700,TX,-102.03935,31.714809
EOR,DOTX6708300,Permian Basin - TX,DOTX6708300,TX,-102.03935,31.714809
EOR,DOTX6708700,Permian Basin - TX,DOTX6708700,TX,-102.03935,31.714809
EOR,DOTX6709000,Permian Basin - TX,DOTX6709000,TX,-102.03935,31.714809
EOR,DOTX6710900,Permian Basin - TX,DOTX6710900,TX,-102.03935,31.714809
EOR,DOTX6711300,Permian Basin - TX,DOTX6711300,TX,-102.03935,31.714809
EOR,DOTX6711800,Permian Basin - TX,DOTX6711800,TX,-102.03935,31.714809
EOR,DOTX6712600,Permian Basin - TX,DOTX6712600,TX,-102.03935,31.714809
EOR,DOTX6712700,Permian Basin - TX,DOTX6712700,TX,-102.03935,31.714809
EOR,DOTX6713500,Permian Basin - TX,DOTX6713500,TX,-102.03935,31.714809
EOR,DOTX6714200,Permian Basin - TX,DOTX6714200,TX,-102.03935,31.714809
EOR,DOTX6714400,Permian Basin - TX,DOTX6714400,TX,-102.03935,31.714809
EOR,DOTX6714600,Permian Basin - TX,DOTX6714600,TX,-102.03935,31.714809
EOR,DOTX6714700,Permian Basin - TX,DOTX6714700,TX,-102.03935,31.714809
EOR,DOTX6715400,Permian Basin - TX,DOTX6715400,TX,-102.03935,31.714809
EOR,DOTX6715600,Permian Basin - TX,DOTX6715600,TX,-102.03935,31.714809
EOR,DOTX6717700,Permian Basin - TX,DOTX6717700,TX,-102.03935,31.714809
EOR,DOTX6718500,Permian Basin - TX,DOTX6718500,TX,-102.03935,31.714809
EOR,DOTX6718800,Permian Basin - TX,DOTX6718800,TX,-102.03935,31.714809
EOR,DOTX6721500,Permian Basin - TX,DOTX6721500,TX,-102.03935,31.714809
EOR,DOTX6723400,Permian Basin - TX,DOTX6723400,TX,-102.03935,31.714809
EOR,DOTX6725500,Permian Basin - TX,DOTX6725500,TX,-102.03935,31.714809
EOR,DOTX6726300,Permian Basin - TX,DOTX6726300,TX,-102.03935,31.714809
EOR,DOTX6727000,Permian Basin - TX,DOTX6727000,TX,-102.03935,31.714809
EOR,DOTX6729400,Permian Basin - TX,DOTX6729400,TX,-102.03935,31.714809
EOR,DOTX6734000,Permian Basin - TX,DOTX6734000,TX,-102.03935,31.714809
EOR,DOTX6734100,Permian Basin - TX,DOTX6734100,TX,-102.03935,31.714809
EOR,DOTX6734300,Permian Basin - TX,DOTX6734300,TX,-102.03935,31.714809
EOR,DOTX6735000,Permian Basin - TX,DOTX6735000,TX,-102.03935,31.714809
EOR,DOTX6741800,Permian Basin - TX,DOTX6741800,TX,-102.03935,31.714809
EOR,DOMT6769600,Powder River Basin - MT,DOMT6769600,MT,-106.185271,45.677768
EOR,DOMT6772500,Powder River Basin - MT,DOMT6772500,MT,-106.185271,45.677768
EOR,DOMT6786800,Powder River Basin - MT,DOMT6786800,MT,-106.185271,45.677768
EOR,DOWY5323600,Powder River Basin - WY,DOWY5323600,WY,-105.604327,43.856221
EOR,DOWY6756600,Powder River Basin - WY,DOWY6756600,WY,-105.604327,43.856221
EOR,DOWY6756900,Powder River Basin - WY,DOWY6756900,WY,-105.604327,43.856221
EOR,DOWY6757000,Powder River Basin - WY,DOWY6757000,WY,-105.604327,43.856221
EOR,DOWY6757100,Powder River Basin - WY,DOWY6757100,WY,-105.604327,43.856221
EOR,DOWY6757200,Powder River Basin - WY,DOWY6757200,WY,-105.604327,43.856221
EOR,DOWY6757300,Powder River Basin - WY,DOWY6757300,WY,-105.604327,43.856221
EOR,DOWY6758000,Powder River Basin - WY,DOWY6758000,WY,-105.604327,43.856221
EOR,DOWY6758100,Powder River Basin - WY,DOWY6758100,WY,-105.604327,43.856221
EOR,DOWY6758200,Powder River Basin - WY,DOWY6758200,WY,-105.604327,43.856221
EOR,DOWY6758400,Powder River Basin - WY,DOWY6758400,WY,-105.604327,43.856221
EOR,DOWY6758500,Powder River Basin - WY,DOWY6758500,WY,-105.604327,43.856221
EOR,DOWY6758600,Powder River Basin - WY,DOWY6758600,WY,-105.604327,43.856221
EOR,DOWY6758800,Powder River Basin - WY,DOWY6758800,WY,-105.604327,43.856221
EOR,DOWY6759200,Powder River Basin - WY,DOWY6759200,WY,-105.604327,43.856221
EOR,DOWY6759300,Powder River Basin - WY,DOWY6759300,WY,-105.604327,43.856221
EOR,DOWY6759800,Powder River Basin - WY,DOWY6759800,WY,-105.604327,43.856221
EOR,DOWY6760000,Powder River Basin - WY,DOWY6760000,WY,-105.604327,43.856221
EOR,DOWY6760100,Powder River Basin - WY,DOWY6760100,WY,-105.604327,43.856221
EOR,DOWY6760200,Powder River Basin - WY,DOWY6760200,WY,-105.604327,43.856221
EOR,DOWY6760300,Powder River Basin - WY,DOWY6760300,WY,-105.604327,43.856221
EOR,DOWY6760400,Powder River Basin - WY,DOWY6760400,WY,-105.604327,43.856221
EOR,DOWY6760900,Powder River Basin - WY,DOWY6760900,WY,-105.604327,43.856221
EOR,DOWY6761000,Powder River Basin - WY,DOWY6761000,WY,-105.604327,43.856221
EOR,DOWY6761400,Powder River Basin - WY,DOWY6761400,WY,-105.604327,43.856221
EOR,DOWY6761600,Powder River Basin - WY,DOWY6761600,WY,-105.604327,43.856221
EOR,DOWY6761700,Powder River Basin - WY,DOWY6761700,WY,-105.604327,43.856221
EOR,DOWY6761800,Powder River Basin - WY,DOWY6761800,WY,-105.604327,43.856221
EOR,DOWY6761900,Powder River Basin - WY,DOWY6761900,WY,-105.604327,43.856221
EOR,DOWY6762000,Powder River Basin - WY,DOWY6762000,WY,-105.604327,43.856221
EOR,DOWY6762100,Powder River Basin - WY,DOWY6762100,WY,-105.604327,43.856221
EOR,DOWY6762500,Powder River Basin - WY,DOWY6762500,WY,-105.604327,43.856221
EOR,DOWY6762600,Powder River Basin - WY,DOWY6762600,WY,-105.604327,43.856221
EOR,DOWY6763000,Powder River Basin - WY,DOWY6763000,WY,-105.604327,43.856221
EOR,DOWY6763600,Powder River Basin - WY,DOWY6763600,WY,-105.604327,43.856221
EOR,DOWY6763700,Powder River Basin - WY,DOWY6763700,WY,-105.604327,43.856221
EOR,DOWY6763800,Powder River Basin - WY,DOWY6763800,WY,-105.604327,43.856221
EOR,DOWY6764400,Powder River Basin - WY,DOWY6764400,WY,-105.604327,43.856221
EOR,DOWY6764900,Powder River Basin - WY,DOWY6764900,WY,-105.604327,43.856221
EOR,DOWY6765300,Powder River Basin - WY,DOWY6765300,WY,-105.604327,43.856221
EOR,DOWY6765500,Powder River Basin - WY,DOWY6765500,WY,-105.604327,43.856221
EOR,DOWY6765800,Powder River Basin - WY,DOWY6765800,WY,-105.604327,43.856221
EOR,DOWY6766100,Powder River Basin - WY,DOWY6766100,WY,-105.604327,43.856221
EOR,DOWY6766200,Powder River Basin - WY,DOWY6766200,WY,-105.604327,43.856221
EOR,DOWY6767100,Powder River Basin - WY,DOWY6767100,WY,-105.604327,43.856221
EOR,DOWY6767300,Powder River Basin - WY,DOWY6767300,WY,-105.604327,43.856221
EOR,DOWY6767600,Powder River Basin - WY,DOWY6767600,WY,-105.604327,43.856221
EOR,DOWY6768100,Powder River Basin - WY,DOWY6768100,WY,-105.604327,43.856221
EOR,DOWY6768300,Powder River Basin - WY,DOWY6768300,WY,-105.604327,43.856221
EOR,DOWY6768600,Powder River Basin - WY,DOWY6768600,WY,-105.604327,43.856221
EOR,DOWY6769300,Powder River Basin - WY,DOWY6769300,WY,-105.604327,43.856221
EOR,DOWY6769400,Powder River Basin - WY,DOWY6769400,WY,-105.604327,43.856221
EOR,DOWY6769500,Powder River Basin - WY,DOWY6769500,WY,-105.604327,43.856221
EOR,DOWY6769700,Powder River Basin - WY,DOWY6769700,WY,-105.604327,43.856221
EOR,DOWY6769800,Powder River Basin - WY,DOWY6769800,WY,-105.604327,43.856221
EOR,DOWY6770200,Powder River Basin - WY,DOWY6770200,WY,-105.604327,43.856221
EOR,DOWY6770300,Powder River Basin - WY,DOWY6770300,WY,-105.604327,43.856221
EOR,DOWY6770500,Powder River Basin - WY,DOWY6770500,WY,-105.604327,43.856221
EOR,DOWY6770600,Powder River Basin - WY,DOWY6770600,WY,-105.604327,43.856221
EOR,DOWY6770800,Powder River Basin - WY,DOWY6770800,WY,-105.604327,43.856221
EOR,DOWY6770900,Powder River Basin - WY,DOWY6770900,WY,-105.604327,43.856221
EOR,DOWY6771000,Powder River Basin - WY,DOWY6771000,WY,-105.604327,43.856221
EOR,DOWY6771100,Powder River Basin - WY,DOWY6771100,WY,-105.604327,43.856221
EOR,DOWY6771500,Powder River Basin - WY,DOWY6771500,WY,-105.604327,43.856221
EOR,DOWY6771600,Powder River Basin - WY,DOWY6771600,WY,-105.604327,43.856221
EOR,DOWY6772200,Powder River Basin - WY,DOWY6772200,WY,-105.604327,43.856221
EOR,DOWY6772300,Powder River Basin - WY,DOWY6772300,WY,-105.604327,43.856221
EOR,DOWY6772400,Powder River Basin - WY,DOWY6772400,WY,-105.604327,43.856221
EOR,DOWY6772600,Powder River Basin - WY,DOWY6772600,WY,-105.604327,43.856221
EOR,DOWY6773200,Powder River Basin - WY,DOWY6773200,WY,-105.604327,43.856221
EOR,DOWY6773400,Powder River Basin - WY,DOWY6773400,WY,-105.604327,43.856221
EOR,DOWY6774600,Powder River Basin - WY,DOWY6774600,WY,-105.604327,43.856221
EOR,DOWY6775000,Powder River Basin - WY,DOWY6775000,WY,-105.604327,43.856221
EOR,DOWY6775200,Powder River Basin - WY,DOWY6775200,WY,-105.604327,43.856221
EOR,DOWY6775600,Powder River Basin - WY,DOWY6775600,WY,-105.604327,43.856221
EOR,DOWY6776100,Powder River Basin - WY,DOWY6776100,WY,-105.604327,43.856221
EOR,DOWY6776300,Powder River Basin - WY,DOWY6776300,WY,-105.604327,43.856221
EOR,DOWY6776400,Powder River Basin - WY,DOWY6776400,WY,-105.604327,43.856221
EOR,DOWY6777000,Powder River Basin - WY,DOWY6777000,WY,-105.604327,43.856221
EOR,DOWY6777900,Powder River Basin - WY,DOWY6777900,WY,-105.604327,43.856221
EOR,DOWY6778100,Powder River Basin - WY,DOWY6778100,WY,-105.604327,43.856221
EOR,DOWY6778200,Powder River Basin - WY,DOWY6778200,WY,-105.604327,43.856221
EOR,DOWY6778500,Powder River Basin - WY,DOWY6778500,WY,-105.604327,43.856221
EOR,DOWY6778800,Powder River Basin - WY,DOWY6778800,WY,-105.604327,43.856221
EOR,DOWY6778900,Powder River Basin - WY,DOWY6778900,WY,-105.604327,43.856221
EOR,DOWY6779000,Powder River Basin - WY,DOWY6779000,WY,-105.604327,43.856221
EOR,DOWY6779400,Powder River Basin - WY,DOWY6779400,WY,-105.604327,43.856221
EOR,DOWY6779600,Powder River Basin - WY,DOWY6779600,WY,-105.604327,43.856221
EOR,DOWY6779700,Powder River Basin - WY,DOWY6779700,WY,-105.604327,43.856221
EOR,DOWY6780700,Powder River Basin - WY,DOWY6780700,WY,-105.604327,43.856221
EOR,DOWY6781000,Powder River Basin - WY,DOWY6781000,WY,-105.604327,43.856221
EOR,DOWY6781600,Powder River Basin - WY,DOWY6781600,WY,-105.604327,43.856221
EOR,DOWY6782000,Powder River Basin - WY,DOWY6782000,WY,-105.604327,43.856221
EOR,DOWY6782600,Powder River Basin - WY,DOWY6782600,WY,-105.604327,43.856221
EOR,DOWY6782800,Powder River Basin - WY,DOWY6782800,WY,-105.604327,43.856221
EOR,DOWY6783100,Powder River Basin - WY,DOWY6783100,WY,-105.604327,43.856221
EOR,DOWY6783200,Powder River Basin - WY,DOWY6783200,WY,-105.604327,43.856221
EOR,DOWY6783400,Powder River Basin - WY,DOWY6783400,WY,-105.604327,43.856221
EOR,DOWY6783600,Powder River Basin - WY,DOWY6783600,WY,-105.604327,43.856221
EOR,DOWY6783800,Powder River Basin - WY,DOWY6783800,WY,-105.604327,43.856221
EOR,DOWY6784000,Powder River Basin - WY,DOWY6784000,WY,-105.604327,43.856221
EOR,DOWY6784100,Powder River Basin - WY,DOWY6784100,WY,-105.604327,43.856221
EOR,DOWY6784500,Powder River Basin - WY,DOWY6784500,WY,-105.604327,43.856221
EOR,DOWY6784600,Powder River Basin - WY,DOWY6784600,WY,-105.604327,43.856221
EOR,DOWY6785300,Powder River Basin - WY,DOWY6785300,WY,-105.604327,43.856221
EOR,DOWY6785400,Powder River Basin - WY,DOWY6785400,WY,-105.604327,43.856221
EOR,DOWY6785600,Powder River Basin - WY,DOWY6785600,WY,-105.604327,43.856221
EOR,DOWY6785700,Powder River Basin - WY,DOWY6785700,WY,-105.604327,43.856221
EOR,DOWY6785900,Powder River Basin - WY,DOWY6785900,WY,-105.604327,43.856221
EOR,DOWY6786200,Powder River Basin - WY,DOWY6786200,WY,-105.604327,43.856221
EOR,DOWY6786300,Powder River Basin - WY,DOWY6786300,WY,-105.604327,43.856221
EOR,DOWY6786400,Powder River Basin - WY,DOWY6786400,WY,-105.604327,43.856221
EOR,DOWY6786600,Powder River Basin - WY,DOWY6786600,WY,-105.604327,43.856221
EOR,DOWY6786900,Powder River Basin - WY,DOWY6786900,WY,-105.604327,43.856221
EOR,DOWY6787100,Powder River Basin - WY,DOWY6787100,WY,-105.604327,43.856221
EOR,DOWY6787300,Powder River Basin - WY,DOWY6787300,WY,-105.604327,43.856221
EOR,DOWY6787400,Powder River Basin - WY,DOWY6787400,WY,-105.604327,43.856221
EOR,DOWY6799000,Powder River Basin - WY,DOWY6799000,WY,-105.604327,43.856221
EOR,DOWY6799100,Powder River Basin - WY,DOWY6799100,WY,-105.604327,43.856221
EOR,DOWY6799200,Powder River Basin - WY,DOWY6799200,WY,-105.604327,43.856221
EOR,DOWY6799900,Powder River Basin - WY,DOWY6799900,WY,-105.604327,43.856221
EOR,DOWY6803700,Powder River Basin - WY,DOWY6803700,WY,-105.604327,43.856221
EOR,DOWY6803900,Powder River Basin - WY,DOWY6803900,WY,-105.604327,43.856221
EOR,DOWY6804000,Powder River Basin - WY,DOWY6804000,WY,-105.604327,43.856221
EOR,DOWY6805300,Powder River Basin - WY,DOWY6805300,WY,-105.604327,43.856221
EOR,DONM6842700,San Juan Basin - NM,DONM6842700,NM,-107.740499,36.321775
EOR,DONM6842900,San Juan Basin - NM,DONM6842900,NM,-107.740499,36.321775
EOR,DONM6843000,San Juan Basin - NM,DONM6843000,NM,-107.740499,36.321775
EOR,DONM6843300,San Juan Basin - NM,DONM6843300,NM,-107.740499,36.321775
EOR,DONM6843700,San Juan Basin - NM,DONM6843700,NM,-107.740499,36.321775
EOR,DOKS6404900,Sedgwick Basin/Salina Basin,DOKS6404900,KS,-98.4312515,38.4284165
EOR,DOKS6406700,Sedgwick Basin/Salina Basin,DOKS6406700,KS,-98.4312515,38.4284165
EOR,DOKS6407200,Sedgwick Basin/Salina Basin,DOKS6407200,KS,-98.4312515,38.4284165
EOR,DOKS6408900,Sedgwick Basin/Salina Basin,DOKS6408900,KS,-98.4312515,38.4284165
EOR,DOKS6410100,Sedgwick Basin/Salina Basin,DOKS6410100,KS,-98.4312515,38.4284165
EOR,DOKS6410300,Sedgwick Basin/Salina Basin,DOKS6410300,KS,-98.4312515,38.4284165
EOR,DOKS6411900,Sedgwick Basin/Salina Basin,DOKS6411900,KS,-98.4312515,38.4284165
EOR,DOKS6413200,Sedgwick Basin/Salina Basin,DOKS6413200,KS,-98.4312515,38.4284165
EOR,DOKS6414400,Sedgwick Basin/Salina Basin,DOKS6414400,KS,-98.4312515,38.4284165
EOR,DOKS6414500,Sedgwick Basin/Salina Basin,DOKS6414500,KS,-98.4312515,38.4284165
EOR,DOKS6418300,Sedgwick Basin/Salina Basin,DOKS6418300,KS,-98.4312515,38.4284165
EOR,DOKS6421400,Sedgwick Basin/Salina Basin,DOKS6421400,KS,-98.4312515,38.4284165
EOR,DOKS6422500,Sedgwick Basin/Salina Basin,DOKS6422500,KS,-98.4312515,38.4284165
EOR,DOOK6265600,Southern Oklahoma,DOOK6265600,OK,-96.677372,33.396986
EOR,DOOK6265800,Southern Oklahoma,DOOK6265800,OK,-96.677372,33.396986
EOR,DOOK6266200,Southern Oklahoma,DOOK6266200,OK,-96.677372,33.396986
EOR,DOOK6266300,Southern Oklahoma,DOOK6266300,OK,-96.677372,33.396986
EOR,DOOK6266700,Southern Oklahoma,DOOK6266700,OK,-96.677372,33.396986
EOR,DOOK6268200,Southern Oklahoma,DOOK6268200,OK,-96.677372,33.396986
EOR,DOOK6268300,Southern Oklahoma,DOOK6268300,OK,-96.677372,33.396986
EOR,DOOK6269200,Southern Oklahoma,DOOK6269200,OK,-96.677372,33.396986
EOR,DOOK6269300,Southern Oklahoma,DOOK6269300,OK,-96.677372,33.396986
EOR,DOOK6269500,Southern Oklahoma,DOOK6269500,OK,-96.677372,33.396986
EOR,DOOK6270900,Southern Oklahoma,DOOK6270900,OK,-96.677372,33.396986
EOR,DOOK6271200,Southern Oklahoma,DOOK6271200,OK,-96.677372,33.396986
EOR,DOOK6271300,Southern Oklahoma,DOOK6271300,OK,-96.677372,33.396986
EOR,DOOK6271400,Southern Oklahoma,DOOK6271400,OK,-96.677372,33.396986
EOR,DOOK6271800,Southern Oklahoma,DOOK6271800,OK,-96.677372,33.396986
EOR,DOOK6272200,Southern Oklahoma,DOOK6272200,OK,-96.677372,33.396986
EOR,DOOK6273000,Southern Oklahoma,DOOK6273000,OK,-96.677372,33.396986
EOR,DOOK6273100,Southern Oklahoma,DOOK6273100,OK,-96.677372,33.396986
EOR,DOOK6273200,Southern Oklahoma,DOOK6273200,OK,-96.677372,33.396986
EOR,DOOK6273800,Southern Oklahoma,DOOK6273800,OK,-96.677372,33.396986
EOR,DOOK6274800,Southern Oklahoma,DOOK6274800,OK,-96.677372,33.396986
EOR,DOOK6275000,Southern Oklahoma,DOOK6275000,OK,-96.677372,33.396986
EOR,DOOK6275400,Southern Oklahoma,DOOK6275400,OK,-96.677372,33.396986
EOR,DOOK6275600,Southern Oklahoma,DOOK6275600,OK,-96.677372,33.396986
EOR,DOOK6276500,Southern Oklahoma,DOOK6276500,OK,-96.677372,33.396986
EOR,DOOK6276700,Southern Oklahoma,DOOK6276700,OK,-96.677372,33.396986
EOR,DOOK6277500,Southern Oklahoma,DOOK6277500,OK,-96.677372,33.396986
EOR,DOOK6277600,Southern Oklahoma,DOOK6277600,OK,-96.677372,33.396986
EOR,DOOK6278000,Southern Oklahoma,DOOK6278000,OK,-96.677372,33.396986
EOR,DOOK6278200,Southern Oklahoma,DOOK6278200,OK,-96.677372,33.396986
EOR,DOOK6279100,Southern Oklahoma,DOOK6279100,OK,-96.677372,33.396986
EOR,DOOK6279200,Southern Oklahoma,DOOK6279200,OK,-96.677372,33.396986
EOR,DOOK6280100,Southern Oklahoma,DOOK6280100,OK,-96.677372,33.396986
EOR,DOOK6280200,Southern Oklahoma,DOOK6280200,OK,-96.677372,33.396986
EOR,DOOK6280400,Southern Oklahoma,DOOK6280400,OK,-96.677372,33.396986
EOR,DOOK6280500,Southern Oklahoma,DOOK6280500,OK,-96.677372,33.396986
EOR,DOOK6280700,Southern Oklahoma,DOOK6280700,OK,-96.677372,33.396986
EOR,DOOK6281000,Southern Oklahoma,DOOK6281000,OK,-96.677372,33.396986
EOR,DOOK6281200,Southern Oklahoma,DOOK6281200,OK,-96.677372,33.396986
EOR,DOOK6281600,Southern Oklahoma,DOOK6281600,OK,-96.677372,33.396986
EOR,DOOK6282200,Southern Oklahoma,DOOK6282200,OK,-96.677372,33.396986
EOR,DOOK6283400,Southern Oklahoma,DOOK6283400,OK,-96.677372,33.396986
EOR,DOOK6283600,Southern Oklahoma,DOOK6283600,OK,-96.677372,33.396986
EOR,DOOK6283900,Southern Oklahoma,DOOK6283900,OK,-96.677372,33.396986
EOR,DOOK6284400,Southern Oklahoma,DOOK6284400,OK,-96.677372,33.396986
EOR,DOUT6752700,Southwestern Wyoming - UT,DOUT6752700,UT,-110.048334,40.952845
EOR,DOWY6753300,Southwestern Wyoming - WY,DOWY6753300,WY,-108.671818,41.646881
EOR,DOWY6803800,Southwestern Wyoming - WY,DOWY6803800,WY,-108.671818,41.646881
EOR,DOWY6806600,Southwestern Wyoming - WY,DOWY6806600,WY,-108.671818,41.646881
EOR,DOWY6806700,Southwestern Wyoming - WY,DOWY6806700,WY,-108.671818,41.646881
EOR,DOWY6806900,Southwestern Wyoming - WY,DOWY6806900,WY,-108.671818,41.646881
EOR,DOWY6807200,Southwestern Wyoming - WY,DOWY6807200,WY,-108.671818,41.646881
EOR,DOWY6808100,Southwestern Wyoming - WY,DOWY6808100,WY,-108.671818,41.646881
EOR,DOWY6808400,Southwestern Wyoming - WY,DOWY6808400,WY,-108.671818,41.646881
EOR,DOWY6808800,Southwestern Wyoming - WY,DOWY6808800,WY,-108.671818,41.646881
EOR,DOWY6810400,Southwestern Wyoming - WY,DOWY6810400,WY,-108.671818,41.646881
EOR,DOWY6810700,Southwestern Wyoming - WY,DOWY6810700,WY,-108.671818,41.646881
EOR,DOWY6810800,Southwestern Wyoming - WY,DOWY6810800,WY,-108.671818,41.646881
EOR,DOWY6811200,Southwestern Wyoming - WY,DOWY6811200,WY,-108.671818,41.646881
EOR,DOMI7192700,Superior,DOMI7192700,MI,-88.973825,46.90974
EOR,DOCO6847200,Uinta-Piceance Basin - CO,DOCO6847200,CO,-108.119137,39.362563
EOR,DOUT6840100,Uinta-Piceance Basin - UT,DOUT6840100,UT,-110.316313,39.754847
EOR,DOUT6840600,Uinta-Piceance Basin - UT,DOUT6840600,UT,-110.316313,39.754847
EOR,DOUT6840900,Uinta-Piceance Basin - UT,DOUT6840900,UT,-110.316313,39.754847
EOR,DOUT6841100,Uinta-Piceance Basin - UT,DOUT6841100,UT,-110.316313,39.754847
EOR,DOUT6841200,Uinta-Piceance Basin - UT,DOUT6841200,UT,-110.316313,39.754847
EOR,DONV7298600,Western Great Basin,DONV7298600,NV,-116.653318,39.312191
EOR,DOLA6035000,Western Gulf - LA,DOLA6035000,LA,-91.687071,30.356334
EOR,DOLA6035100,Western Gulf - LA,DOLA6035100,LA,-91.687071,30.356334
EOR,DOLA6036000,Western Gulf - LA,DOLA6036000,LA,-91.687071,30.356334
EOR,DOLA6036100,Western Gulf - LA,DOLA6036100,LA,-91.687071,30.356334
EOR,DOLA6036200,Western Gulf - LA,DOLA6036200,LA,-91.687071,30.356334
EOR,DOLA6036900,Western Gulf - LA,DOLA6036900,LA,-91.687071,30.356334
EOR,DOLA6038700,Western Gulf - LA,DOLA6038700,LA,-91.687071,30.356334
EOR,DOLA6039100,Western Gulf - LA,DOLA6039100,LA,-91.687071,30.356334
EOR,DOLA6039200,Western Gulf - LA,DOLA6039200,LA,-91.687071,30.356334
EOR,DOLA6039400,Western Gulf - LA,DOLA6039400,LA,-91.687071,30.356334
EOR,DOLA6039500,Western Gulf - LA,DOLA6039500,LA,-91.687071,30.356334
EOR,DOLA6040700,Western Gulf - LA,DOLA6040700,LA,-91.687071,30.356334
EOR,DOLA6040900,Western Gulf - LA,DOLA6040900,LA,-91.687071,30.356334
EOR,DOLA6041000,Western Gulf - LA,DOLA6041000,LA,-91.687071,30.356334
EOR,DOLA6045800,Western Gulf - LA,DOLA6045800,LA,-91.687071,30.356334
EOR,DOLA6046200,Western Gulf - LA,DOLA6046200,LA,-91.687071,30.356334
EOR,DOLA6047200,Western Gulf - LA,DOLA6047200,LA,-91.687071,30.356334
EOR,DOLA6049900,Western Gulf - LA,DOLA6049900,LA,-91.687071,30.356334
EOR,DOLA6050800,Western Gulf - LA,DOLA6050800,LA,-91.687071,30.356334
EOR,DOLA6052200,Western Gulf - LA,DOLA6052200,LA,-91.687071,30.356334
EOR,DOLA6054400,Western Gulf - LA,DOLA6054400,LA,-91.687071,30.356334
EOR,DOLA6059500,Western Gulf - LA,DOLA6059500,LA,-91.687071,30.356334
EOR,DOLA6059800,Western Gulf - LA,DOLA6059800,LA,-91.687071,30.356334
EOR,DOLA6069700,Western Gulf - LA,DOLA6069700,LA,-91.687071,30.356334
EOR,DOLA6070800,Western Gulf - LA,DOLA6070800,LA,-91.687071,30.356334
EOR,DOLA6076300,Western Gulf - LA,DOLA6076300,LA,-91.687071,30.356334
EOR,DOLA6077300,Western Gulf - LA,DOLA6077300,LA,-91.687071,30.356334
EOR,DOLA6085400,Western Gulf - LA,DOLA6085400,LA,-91.687071,30.356334
EOR,DOLA6090500,Western Gulf - LA,DOLA6090500,LA,-91.687071,30.356334
EOR,DOLA6090800,Western Gulf - LA,DOLA6090800,LA,-91.687071,30.356334
EOR,DOLA6096100,Western Gulf - LA,DOLA6096100,LA,-91.687071,30.356334
EOR,DOLA6112100,Western Gulf - LA,DOLA6112100,LA,-91.687071,30.356334
EOR,DOLA6124400,Western Gulf - LA,DOLA6124400,LA,-91.687071,30.356334
EOR,DOLA6126900,Western Gulf - LA,DOLA6126900,LA,-91.687071,30.356334
EOR,DOLA6129300,Western Gulf - LA,DOLA6129300,LA,-91.687071,30.356334
EOR,DOLA6133500,Western Gulf - LA,DOLA6133500,LA,-91.687071,30.356334
EOR,DOLA6138200,Western Gulf - LA,DOLA6138200,LA,-91.687071,30.356334
EOR,DOLA6142000,Western Gulf - LA,DOLA6142000,LA,-91.687071,30.356334
EOR,DOLA7184000,Western Gulf - LA,DOLA7184000,LA,-91.687071,30.356334
EOR,DOTX6035300,Western Gulf - TX,DOTX6035300,TX,-97.253175,29.14989
EOR,DOTX6036500,Western Gulf - TX,DOTX6036500,TX,-97.253175,29.14989
EOR,DOTX6040400,Western Gulf - TX,DOTX6040400,TX,-97.253175,29.14989
EOR,DOTX6041400,Western Gulf - TX,DOTX6041400,TX,-97.253175,29.14989
EOR,DOTX6041800,Western Gulf - TX,DOTX6041800,TX,-97.253175,29.14989
EOR,DOTX6042900,Western Gulf - TX,DOTX6042900,TX,-97.253175,29.14989
EOR,DOTX6043000,Western Gulf - TX,DOTX6043000,TX,-97.253175,29.14989
EOR,DOTX6043600,Western Gulf - TX,DOTX6043600,TX,-97.253175,29.14989
EOR,DOTX6043700,Western Gulf - TX,DOTX6043700,TX,-97.253175,29.14989
EOR,DOTX6043800,Western Gulf - TX,DOTX6043800,TX,-97.253175,29.14989
EOR,DOTX6043900,Western Gulf - TX,DOTX6043900,TX,-97.253175,29.14989
EOR,DOTX6044300,Western Gulf - TX,DOTX6044300,TX,-97.253175,29.14989
EOR,DOTX6046500,Western Gulf - TX,DOTX6046500,TX,-97.253175,29.14989
EOR,DOTX6046700,Western Gulf - TX,DOTX6046700,TX,-97.253175,29.14989
EOR,DOTX6049300,Western Gulf - TX,DOTX6049300,TX,-97.253175,29.14989
EOR,DOTX6049700,Western Gulf - TX,DOTX6049700,TX,-97.253175,29.14989
EOR,DOTX6050500,Western Gulf - TX,DOTX6050500,TX,-97.253175,29.14989
EOR,DOTX6053400,Western Gulf - TX,DOTX6053400,TX,-97.253175,29.14989
EOR,DOTX6053800,Western Gulf - TX,DOTX6053800,TX,-97.253175,29.14989
EOR,DOTX6054700,Western Gulf - TX,DOTX6054700,TX,-97.253175,29.14989
EOR,DOTX6054800,Western Gulf - TX,DOTX6054800,TX,-97.253175,29.14989
EOR,DOTX6054900,Western Gulf - TX,DOTX6054900,TX,-97.253175,29.14989
EOR,DOTX6055300,Western Gulf - TX,DOTX6055300,TX,-97.253175,29.14989
EOR,DOTX6055600,Western Gulf - TX,DOTX6055600,TX,-97.253175,29.14989
EOR,DOTX6056000,Western Gulf - TX,DOTX6056000,TX,-97.253175,29.14989
EOR,DOTX6056600,Western Gulf - TX,DOTX6056600,TX,-97.253175,29.14989
EOR,DOTX6057100,Western Gulf - TX,DOTX6057100,TX,-97.253175,29.14989
EOR,DOTX6057800,Western Gulf - TX,DOTX6057800,TX,-97.253175,29.14989
EOR,DOTX6058000,Western Gulf - TX,DOTX6058000,TX,-97.253175,29.14989
EOR,DOTX6058200,Western Gulf - TX,DOTX6058200,TX,-97.253175,29.14989
EOR,DOTX6058400,Western Gulf - TX,DOTX6058400,TX,-97.253175,29.14989
EOR,DOTX6058600,Western Gulf - TX,DOTX6058600,TX,-97.253175,29.14989
EOR,DOTX6059900,Western Gulf - TX,DOTX6059900,TX,-97.253175,29.14989
EOR,DOTX6060300,Western Gulf - TX,DOTX6060300,TX,-97.253175,29.14989
EOR,DOTX6060400,Western Gulf - TX,DOTX6060400,TX,-97.253175,29.14989
EOR,DOTX6060500,Western Gulf - TX,DOTX6060500,TX,-97.253175,29.14989
EOR,DOTX6060700,Western Gulf - TX,DOTX6060700,TX,-97.253175,29.14989
EOR,DOTX6062400,Western Gulf - TX,DOTX6062400,TX,-97.253175,29.14989
EOR,DOTX6063900,Western Gulf - TX,DOTX6063900,TX,-97.253175,29.14989
EOR,DOTX6064500,Western Gulf - TX,DOTX6064500,TX,-97.253175,29.14989
EOR,DOTX6066800,Western Gulf - TX,DOTX6066800,TX,-97.253175,29.14989
EOR,DOTX6066900,Western Gulf - TX,DOTX6066900,TX,-97.253175,29.14989
EOR,DOTX6071500,Western Gulf - TX,DOTX6071500,TX,-97.253175,29.14989
EOR,DOTX6073000,Western Gulf - TX,DOTX6073000,TX,-97.253175,29.14989
EOR,DOTX6073600,Western Gulf - TX,DOTX6073600,TX,-97.253175,29.14989
EOR,DOTX6074300,Western Gulf - TX,DOTX6074300,TX,-97.253175,29.14989
EOR,DOTX6074800,Western Gulf - TX,DOTX6074800,TX,-97.253175,29.14989
EOR,DOTX6078500,Western Gulf - TX,DOTX6078500,TX,-97.253175,29.14989
EOR,DOTX6079300,Western Gulf - TX,DOTX6079300,TX,-97.253175,29.14989
EOR,DOTX6079600,Western Gulf - TX,DOTX6079600,TX,-97.253175,29.14989
EOR,DOTX6080400,Western Gulf - TX,DOTX6080400,TX,-97.253175,29.14989
EOR,DOTX6080600,Western Gulf - TX,DOTX6080600,TX,-97.253175,29.14989
EOR,DOTX6080700,Western Gulf - TX,DOTX6080700,TX,-97.253175,29.14989
EOR,DOTX6081400,Western Gulf - TX,DOTX6081400,TX,-97.253175,29.14989
EOR,DOTX6081800,Western Gulf - TX,DOTX6081800,TX,-97.253175,29.14989
EOR,DOTX6083100,Western Gulf - TX,DOTX6083100,TX,-97.253175,29.14989
EOR,DOTX6083400,Western Gulf - TX,DOTX6083400,TX,-97.253175,29.14989
EOR,DOTX6084500,Western Gulf - TX,DOTX6084500,TX,-97.253175,29.14989
EOR,DOTX6084600,Western Gulf - TX,DOTX6084600,TX,-97.253175,29.14989
EOR,DOTX6084700,Western Gulf - TX,DOTX6084700,TX,-97.253175,29.14989
EOR,DOTX6084900,Western Gulf - TX,DOTX6084900,TX,-97.253175,29.14989
EOR,DOTX6086100,Western Gulf - TX,DOTX6086100,TX,-97.253175,29.14989
EOR,DOTX6086600,Western Gulf - TX,DOTX6086600,TX,-97.253175,29.14989
EOR,DOTX6088300,Western Gulf - TX,DOTX6088300,TX,-97.253175,29.14989
EOR,DOTX6089700,Western Gulf - TX,DOTX6089700,TX,-97.253175,29.14989
EOR,DOTX6089900,Western Gulf - TX,DOTX6089900,TX,-97.253175,29.14989
EOR,DOTX6092000,Western Gulf - TX,DOTX6092000,TX,-97.253175,29.14989
EOR,DOTX6094100,Western Gulf - TX,DOTX6094100,TX,-97.253175,29.14989
EOR,DOTX6095500,Western Gulf - TX,DOTX6095500,TX,-97.253175,29.14989
EOR,DOTX6097300,Western Gulf - TX,DOTX6097300,TX,-97.253175,29.14989
EOR,DOTX6097400,Western Gulf - TX,DOTX6097400,TX,-97.253175,29.14989
EOR,DOTX6097500,Western Gulf - TX,DOTX6097500,TX,-97.253175,29.14989
EOR,DOTX6097700,Western Gulf - TX,DOTX6097700,TX,-97.253175,29.14989
EOR,DOTX6100300,Western Gulf - TX,DOTX6100300,TX,-97.253175,29.14989
EOR,DOTX6100400,Western Gulf - TX,DOTX6100400,TX,-97.253175,29.14989
EOR,DOTX6101900,Western Gulf - TX,DOTX6101900,TX,-97.253175,29.14989
EOR,DOTX6102200,Western Gulf - TX,DOTX6102200,TX,-97.253175,29.14989
EOR,DOTX6102300,Western Gulf - TX,DOTX6102300,TX,-97.253175,29.14989
EOR,DOTX6102900,Western Gulf - TX,DOTX6102900,TX,-97.253175,29.14989
EOR,DOTX6103300,Western Gulf - TX,DOTX6103300,TX,-97.253175,29.14989
EOR,DOTX6106500,Western Gulf - TX,DOTX6106500,TX,-97.253175,29.14989
EOR,DOTX6106600,Western Gulf - TX,DOTX6106600,TX,-97.253175,29.14989
EOR,DOTX6107600,Western Gulf - TX,DOTX6107600,TX,-97.253175,29.14989
EOR,DOTX6107700,Western Gulf - TX,DOTX6107700,TX,-97.253175,29.14989
EOR,DOTX6108500,Western Gulf - TX,DOTX6108500,TX,-97.253175,29.14989
EOR,DOTX6109300,Western Gulf - TX,DOTX6109300,TX,-97.253175,29.14989
EOR,DOTX6110300,Western Gulf - TX,DOTX6110300,TX,-97.253175,29.14989
EOR,DOTX6112500,Western Gulf - TX,DOTX6112500,TX,-97.253175,29.14989
EOR,DOTX6112600,Western Gulf - TX,DOTX6112600,TX,-97.253175,29.14989
EOR,DOTX6114600,Western Gulf - TX,DOTX6114600,TX,-97.253175,29.14989
EOR,DOTX6116200,Western Gulf - TX,DOTX6116200,TX,-97.253175,29.14989
EOR,DOTX6116800,Western Gulf - TX,DOTX6116800,TX,-97.253175,29.14989
EOR,DOTX6117000,Western Gulf - TX,DOTX6117000,TX,-97.253175,29.14989
EOR,DOTX6119500,Western Gulf - TX,DOTX6119500,TX,-97.253175,29.14989
EOR,DOTX6120000,Western Gulf - TX,DOTX6120000,TX,-97.253175,29.14989
EOR,DOTX6121900,Western Gulf - TX,DOTX6121900,TX,-97.253175,29.14989
EOR,DOTX6122500,Western Gulf - TX,DOTX6122500,TX,-97.253175,29.14989
EOR,DOTX6122600,Western Gulf - TX,DOTX6122600,TX,-97.253175,29.14989
EOR,DOTX6124100,Western Gulf - TX,DOTX6124100,TX,-97.253175,29.14989
EOR,DOTX6124900,Western Gulf - TX,DOTX6124900,TX,-97.253175,29.14989
EOR,DOTX6125000,Western Gulf - TX,DOTX6125000,TX,-97.253175,29.14989
EOR,DOTX6125300,Western Gulf - TX,DOTX6125300,TX,-97.253175,29.14989
EOR,DOTX6125500,Western Gulf - TX,DOTX6125500,TX,-97.253175,29.14989
EOR,DOTX6128500,Western Gulf - TX,DOTX6128500,TX,-97.253175,29.14989
EOR,DOTX6130300,Western Gulf - TX,DOTX6130300,TX,-97.253175,29.14989
EOR,DOTX6130500,Western Gulf - TX,DOTX6130500,TX,-97.253175,29.14989
EOR,DOTX6131100,Western Gulf - TX,DOTX6131100,TX,-97.253175,29.14989
EOR,DOTX6131200,Western Gulf - TX,DOTX6131200,TX,-97.253175,29.14989
EOR,DOTX6131800,Western Gulf - TX,DOTX6131800,TX,-97.253175,29.14989
EOR,DOTX6132100,Western Gulf - TX,DOTX6132100,TX,-97.253175,29.14989
EOR,DOTX6132300,Western Gulf - TX,DOTX6132300,TX,-97.253175,29.14989
EOR,DOTX6132900,Western Gulf - TX,DOTX6132900,TX,-97.253175,29.14989
EOR,DOTX6135100,Western Gulf - TX,DOTX6135100,TX,-97.253175,29.14989
EOR,DOTX6135800,Western Gulf - TX,DOTX6135800,TX,-97.253175,29.14989
EOR,DOTX6137300,Western Gulf - TX,DOTX6137300,TX,-97.253175,29.14989
EOR,DOTX6139800,Western Gulf - TX,DOTX6139800,TX,-97.253175,29.14989
EOR,DOTX6141200,Western Gulf - TX,DOTX6141200,TX,-97.253175,29.14989
EOR,DOTX6142100,Western Gulf - TX,DOTX6142100,TX,-97.253175,29.14989
EOR,DOTX6148200,Western Gulf - TX,DOTX6148200,TX,-97.253175,29.14989
EOR,DOTX6149500,Western Gulf - TX,DOTX6149500,TX,-97.253175,29.14989
EOR,DOMT6481500,Williston Basin - MT,DOMT6481500,MT,-105.135614,47.690216
EOR,DOMT6481600,Williston Basin - MT,DOMT6481600,MT,-105.135614,47.690216
EOR,DOMT6481700,Williston Basin - MT,DOMT6481700,MT,-105.135614,47.690216
EOR,DOMT6481800,Williston Basin - MT,DOMT6481800,MT,-105.135614,47.690216
EOR,DOMT6481900,Williston Basin - MT,DOMT6481900,MT,-105.135614,47.690216
EOR,DOMT6483200,Williston Basin - MT,DOMT6483200,MT,-105.135614,47.690216
EOR,DOMT6485200,Williston Basin - MT,DOMT6485200,MT,-105.135614,47.690216
EOR,DOMT6486000,Williston Basin - MT,DOMT6486000,MT,-105.135614,47.690216
EOR,DOMT6490200,Williston Basin - MT,DOMT6490200,MT,-105.135614,47.690216
EOR,DOMT6491800,Williston Basin - MT,DOMT6491800,MT,-105.135614,47.690216
EOR,DOMT6491900,Williston Basin - MT,DOMT6491900,MT,-105.135614,47.690216
EOR,DOMT6492400,Williston Basin - MT,DOMT6492400,MT,-105.135614,47.690216
EOR,DOMT6493400,Williston Basin - MT,DOMT6493400,MT,-105.135614,47.690216
EOR,DOMT6498300,Williston Basin - MT,DOMT6498300,MT,-105.135614,47.690216
EOR,DOMT6503600,Williston Basin - MT,DOMT6503600,MT,-105.135614,47.690216
EOR,DOMT6506000,Williston Basin - MT,DOMT6506000,MT,-105.135614,47.690216
EOR,DOND6480600,Williston Basin - ND,DOND6480600,ND,-101.880459,47.526298
EOR,DOND6480900,Williston Basin - ND,DOND6480900,ND,-101.880459,47.526298
EOR,DOND6481200,Williston Basin - ND,DOND6481200,ND,-101.880459,47.526298
EOR,DOND6482300,Williston Basin - ND,DOND6482300,ND,-101.880459,47.526298
EOR,DOND6482600,Williston Basin - ND,DOND6482600,ND,-101.880459,47.526298
EOR,DOND6482700,Williston Basin - ND,DOND6482700,ND,-101.880459,47.526298
EOR,DOND6482800,Williston Basin - ND,DOND6482800,ND,-101.880459,47.526298
EOR,DOND6483400,Williston Basin - ND,DOND6483400,ND,-101.880459,47.526298
EOR,DOND6483800,Williston Basin - ND,DOND6483800,ND,-101.880459,47.526298
EOR,DOND6484100,Williston Basin - ND,DOND6484100,ND,-101.880459,47.526298
EOR,DOND6484300,Williston Basin - ND,DOND6484300,ND,-101.880459,47.526298
EOR,DOND6485300,Williston Basin - ND,DOND6485300,ND,-101.880459,47.526298
EOR,DOND6485400,Williston Basin - ND,DOND6485400,ND,-101.880459,47.526298
EOR,DOND6486600,Williston Basin - ND,DOND6486600,ND,-101.880459,47.526298
EOR,DOND6487000,Williston Basin - ND,DOND6487000,ND,-101.880459,47.526298
EOR,DOND6487300,Williston Basin - ND,DOND6487300,ND,-101.880459,47.526298
EOR,DOND6487400,Williston Basin - ND,DOND6487400,ND,-101.880459,47.526298
EOR,DOND6488200,Williston Basin - ND,DOND6488200,ND,-101.880459,47.526298
EOR,DOND6488900,Williston Basin - ND,DOND6488900,ND,-101.880459,47.526298
EOR,DOND6489300,Williston Basin - ND,DOND6489300,ND,-101.880459,47.526298
EOR,DOND6489400,Williston Basin - ND,DOND6489400,ND,-101.880459,47.526298
EOR,DOND6490900,Williston Basin - ND,DOND6490900,ND,-101.880459,47.526298
EOR,DOND6492300,Williston Basin - ND,DOND6492300,ND,-101.880459,47.526298
EOR,DOND6492700,Williston Basin - ND,DOND6492700,ND,-101.880459,47.526298
EOR,DOND6492800,Williston Basin - ND,DOND6492800,ND,-101.880459,47.526298
EOR,DOND6494300,Williston Basin - ND,DOND6494300,ND,-101.880459,47.526298
EOR,DOND6494900,Williston Basin - ND,DOND6494900,ND,-101.880459,47.526298
EOR,DOND6496000,Williston Basin - ND,DOND6496000,ND,-101.880459,47.526298
EOR,DOND6499300,Williston Basin - ND,DOND6499300,ND,-101.880459,47.526298
EOR,DOND6500000,Williston Basin - ND,DOND6500000,ND,-101.880459,47.526298
EOR,DOND6500300,Williston Basin - ND,DOND6500300,ND,-101.880459,47.526298
EOR,DOND6502000,Williston Basin - ND,DOND6502000,ND,-101.880459,47.526298
EOR,DOND6503100,Williston Basin - ND,DOND6503100,ND,-101.880459,47.526298
EOR,DOND6504700,Williston Basin - ND,DOND6504700,ND,-101.880459,47.526298
EOR,DOND6508600,Williston Basin - ND,DOND6508600,ND,-101.880459,47.526298
EOR,DOND6512200,Williston Basin - ND,DOND6512200,ND,-101.880459,47.526298
EOR,DOND6513300,Williston Basin - ND,DOND6513300,ND,-101.880459,47.526298
EOR,DOND6514700,Williston Basin - ND,DOND6514700,ND,-101.880459,47.526298
EOR,DOND6518100,Williston Basin - ND,DOND6518100,ND,-101.880459,47.526298
EOR,DOND6523400,Williston Basin - ND,DOND6523400,ND,-101.880459,47.526298
EOR,DOND7229500,Williston Basin - ND,DOND7229500,ND,-101.880459,47.526298
EOR,DOSD6483900,Williston Basin - SD,DOSD6483900,SD,-102.786016,45.592194
EOR,DOSD7362300,Williston Basin - SD,DOSD7362300,SD,-102.786016,45.592194
EOR,DOWY6799600,Wind River Basin,DOWY6799600,WY,-108.10941,43.071799
EOR,DOWY6801600,Wind River Basin,DOWY6801600,WY,-108.10941,43.071799
EOR,DOWY6801700,Wind River Basin,DOWY6801700,WY,-108.10941,43.071799
EOR,DOWY6801800,Wind River Basin,DOWY6801800,WY,-108.10941,43.071799
EOR,DOWY6801900,Wind River Basin,DOWY6801900,WY,-108.10941,43.071799
EOR,DOWY6802000,Wind River Basin,DOWY6802000,WY,-108.10941,43.071799
EOR,DOWY6802100,Wind River Basin,DOWY6802100,WY,-108.10941,43.071799
EOR,DOWY6802500,Wind River Basin,DOWY6802500,WY,-108.10941,43.071799
EOR,DOWY6803200,Wind River Basin,DOWY6803200,WY,-108.10941,43.071799
EOR,DOWY6803300,Wind River Basin,DOWY6803300,WY,-108.10941,43.071799
EOR,DOWY6803400,Wind River Basin,DOWY6803400,WY,-108.10941,43.071799
EOR,DOWY6804200,Wind River Basin,DOWY6804200,WY,-108.10941,43.071799
EOR,DOWY6804300,Wind River Basin,DOWY6804300,WY,-108.10941,43.071799
EOR,DOWY6804400,Wind River Basin,DOWY6804400,WY,-108.10941,43.071799
EOR,DOUT6752800,ID - WY Thrust Belt - Greater Green River Basin - UT,DOUT6752800,UT,-111.403232,41.078347
EOR,DOUT6753000,ID - WY Thrust Belt - Greater Green River Basin - UT,DOUT6753000,UT,-111.403232,41.078347
EOR,DOWY6753100,ID - WY Thrust Belt - Greater Green River Basin - WY,DOWY6753100,WY,-109.560592,41.944102
EOR,DOCO6359500,Anadarko Basin - CO,DOCO6359500,CO,-102.265907,37.523736
EOR,DOCO6379600,Anadarko Basin - CO,DOCO6379600,CO,-102.265907,37.523736
EOR,DOAL6000800,Black Warrior Basin - AL,DOAL6000800,AL,-87.575393,33.799664
EOR,DOCO6811800,Denver Basin - CO,DOCO6811800,CO,-103.648792,39.78414
EOR,DOCO6811900,Denver Basin - CO,DOCO6811900,CO,-103.648792,39.78414
EOR,DOCO6812300,Denver Basin - CO,DOCO6812300,CO,-103.648792,39.78414
EOR,DOCO6813800,Denver Basin - CO,DOCO6813800,CO,-103.648792,39.78414
EOR,DOCO6816100,Denver Basin - CO,DOCO6816100,CO,-103.648792,39.78414
EOR,DOCO6816700,Denver Basin - CO,DOCO6816700,CO,-103.648792,39.78414
EOR,DOCO6817600,Denver Basin - CO,DOCO6817600,CO,-103.648792,39.78414
EOR,DOCO6818100,Denver Basin - CO,DOCO6818100,CO,-103.648792,39.78414
EOR,DOCO6820100,Denver Basin - CO,DOCO6820100,CO,-103.648792,39.78414
EOR,DOCO6820600,Denver Basin - CO,DOCO6820600,CO,-103.648792,39.78414
EOR,DOCO6822300,Denver Basin - CO,DOCO6822300,CO,-103.648792,39.78414
EOR,DOCO6824400,Denver Basin - CO,DOCO6824400,CO,-103.648792,39.78414
EOR,DOCO6831200,Denver Basin - CO,DOCO6831200,CO,-103.648792,39.78414
EOR,DOCO6832300,Denver Basin - CO,DOCO6832300,CO,-103.648792,39.78414
EOR,DOCO6832700,Denver Basin - CO,DOCO6832700,CO,-103.648792,39.78414
EOR,DOCO6833700,Denver Basin - CO,DOCO6833700,CO,-103.648792,39.78414
EOR,DOCO6834400,Denver Basin - CO,DOCO6834400,CO,-103.648792,39.78414
EOR,DOCO6834800,Denver Basin - CO,DOCO6834800,CO,-103.648792,39.78414
EOR,DOCO6837700,Denver Basin - CO,DOCO6837700,CO,-103.648792,39.78414
EOR,DOAL6007600,TX-LA-MS Salt Basins - AL,DOAL6007600,AL,-87.979407,31.031561
EOR,DOAL6009200,TX-LA-MS Salt Basins - AL,DOAL6009200,AL,-87.979407,31.031561
EOR,DOAL6020400,TX-LA-MS Salt Basins - AL,DOAL6020400,AL,-87.979407,31.031561
EOR,DOAL6021000,TX-LA-MS Salt Basins - AL,DOAL6021000,AL,-87.979407,31.031561
EOR,DOAL6023400,TX-LA-MS Salt Basins - AL,DOAL6023400,AL,-87.979407,31.031561
EOR,DOAL6024100,TX-LA-MS Salt Basins - AL,DOAL6024100,AL,-87.979407,31.031561
EOR,DOAL6026600,TX-LA-MS Salt Basins - AL,DOAL6026600,AL,-87.979407,31.031561
EOR,DOAL6029800,TX-LA-MS Salt Basins - AL,DOAL6029800,AL,-87.979407,31.031561
EOR,DOAL6030300,TX-LA-MS Salt Basins - AL,DOAL6030300,AL,-87.979407,31.031561
EOR,DOAL6030700,TX-LA-MS Salt Basins - AL,DOAL6030700,AL,-87.979407,31.031561
EOR,DOAL6033400,TX-LA-MS Salt Basins - AL,DOAL6033400,AL,-87.979407,31.031561
EOR,DOAL6875100,TX-LA-MS Salt Basins - AL,DOAL6875100,AL,-87.979407,31.031561
EOR,DOAR6152100,TX-LA-MS Salt Basins - AR,DOAR6152100,AR,-92.631445,33.210107
EOR,DOAR6152700,TX-LA-MS Salt Basins - AR,DOAR6152700,AR,-92.631445,33.210107
EOR,DOAR6152800,TX-LA-MS Salt Basins - AR,DOAR6152800,AR,-92.631445,33.210107
EOR,DOAR6153000,TX-LA-MS Salt Basins - AR,DOAR6153000,AR,-92.631445,33.210107
EOR,DOAR6153600,TX-LA-MS Salt Basins - AR,DOAR6153600,AR,-92.631445,33.210107
EOR,DOAR6154800,TX-LA-MS Salt Basins - AR,DOAR6154800,AR,-92.631445,33.210107
EOR,DOAR6155400,TX-LA-MS Salt Basins - AR,DOAR6155400,AR,-92.631445,33.210107
EOR,DOAR6155600,TX-LA-MS Salt Basins - AR,DOAR6155600,AR,-92.631445,33.210107
EOR,DOAR6157000,TX-LA-MS Salt Basins - AR,DOAR6157000,AR,-92.631445,33.210107
EOR,DOAR6157900,TX-LA-MS Salt Basins - AR,DOAR6157900,AR,-92.631445,33.210107
EOR,DOAR6158000,TX-LA-MS Salt Basins - AR,DOAR6158000,AR,-92.631445,33.210107
EOR,DOAR6158600,TX-LA-MS Salt Basins - AR,DOAR6158600,AR,-92.631445,33.210107
EOR,DOAR6159000,TX-LA-MS Salt Basins - AR,DOAR6159000,AR,-92.631445,33.210107
EOR,DOAR6161500,TX-LA-MS Salt Basins - AR,DOAR6161500,AR,-92.631445,33.210107
EOR,DOAR6161600,TX-LA-MS Salt Basins - AR,DOAR6161600,AR,-92.631445,33.210107
EOR,DOAR6163400,TX-LA-MS Salt Basins - AR,DOAR6163400,AR,-92.631445,33.210107
EOR,DOAR6165800,TX-LA-MS Salt Basins - AR,DOAR6165800,AR,-92.631445,33.210107
EOR,DOAR6166400,TX-LA-MS Salt Basins - AR,DOAR6166400,AR,-92.631445,33.210107
EOR,DOAR6168100,TX-LA-MS Salt Basins - AR,DOAR6168100,AR,-92.631445,33.210107
EOR,DOAR6169000,TX-LA-MS Salt Basins - AR,DOAR6169000,AR,-92.631445,33.210107
EOR,DOAR6169400,TX-LA-MS Salt Basins - AR,DOAR6169400,AR,-92.631445,33.210107
EOR,DOAR6171700,TX-LA-MS Salt Basins - AR,DOAR6171700,AR,-92.631445,33.210107
EOR,DOAR6172100,TX-LA-MS Salt Basins - AR,DOAR6172100,AR,-92.631445,33.210107
EOR,DOAR6177500,TX-LA-MS Salt Basins - AR,DOAR6177500,AR,-92.631445,33.210107
EOR,DOAR6178500,TX-LA-MS Salt Basins - AR,DOAR6178500,AR,-92.631445,33.210107
EOR,DOAR6178600,TX-LA-MS Salt Basins - AR,DOAR6178600,AR,-92.631445,33.210107
EOR,DOAR6180500,TX-LA-MS Salt Basins - AR,DOAR6180500,AR,-92.631445,33.210107
EOR,DOCA6884500,SE Oregon Basins - CA,DOCA6884500,CA,-120.891427,41.45145
EOR,DOCO6746200,Las Animas Arch,DOCO6746200,CO,-102.420846,39.295384
EOR,DOCO6746300,Las Animas Arch,DOCO6746300,CO,-102.420846,39.295384
EOR,DOCO6746500,Las Animas Arch,DOCO6746500,CO,-102.420846,39.295384
EOR,DOCO6748600,Las Animas Arch,DOCO6748600,CO,-102.420846,39.295384
EOR,DOCA6870700,Los Angeles Basin,DOCA6870700,CA,-118.144392,33.538782
EOR,DOCA6871800,Los Angeles Basin,DOCA6871800,CA,-118.144392,33.538782
EOR,DOCA6871900,Los Angeles Basin,DOCA6871900,CA,-118.144392,33.538782
EOR,DOCA6872100,Los Angeles Basin,DOCA6872100,CA,-118.144392,33.538782
EOR,DOCA6872200,Los Angeles Basin,DOCA6872200,CA,-118.144392,33.538782
EOR,DOCA6872800,Los Angeles Basin,DOCA6872800,CA,-118.144392,33.538782
EOR,DOCA6873100,Los Angeles Basin,DOCA6873100,CA,-118.144392,33.538782
EOR,DOCA6873200,Los Angeles Basin,DOCA6873200,CA,-118.144392,33.538782
EOR,DOCA6873500,Los Angeles Basin,DOCA6873500,CA,-118.144392,33.538782
EOR,DOCA6873600,Los Angeles Basin,DOCA6873600,CA,-118.144392,33.538782
EOR,DOCA6873700,Los Angeles Basin,DOCA6873700,CA,-118.144392,33.538782
EOR,DOCA6873900,Los Angeles Basin,DOCA6873900,CA,-118.144392,33.538782
EOR,DOCA6874400,Los Angeles Basin,DOCA6874400,CA,-118.144392,33.538782
EOR,DOAZ6847000,Paradox Basin - AZ,DOAZ6847000,AZ,-109.322333,36.767976
EOR,DOCO6844400,Paradox Basin - CO,DOCO6844400,CO,-108.511422,37.751791
EOR,DOCO6845400,Paradox Basin - CO,DOCO6845400,CO,-108.511422,37.751791
EOR,DOCA6851000,San Joaquin Basin,DOCA6851000,CA,-119.990192,36.333804
EOR,DOCA6851200,San Joaquin Basin,DOCA6851200,CA,-119.990192,36.333804
EOR,DOCA6851700,San Joaquin Basin,DOCA6851700,CA,-119.990192,36.333804
EOR,DOCA6852700,San Joaquin Basin,DOCA6852700,CA,-119.990192,36.333804
EOR,DOCA6853300,San Joaquin Basin,DOCA6853300,CA,-119.990192,36.333804
EOR,DOCA6853500,San Joaquin Basin,DOCA6853500,CA,-119.990192,36.333804
EOR,DOCA6854900,San Joaquin Basin,DOCA6854900,CA,-119.990192,36.333804
EOR,DOCA6855400,San Joaquin Basin,DOCA6855400,CA,-119.990192,36.333804
EOR,DOCA6855500,San Joaquin Basin,DOCA6855500,CA,-119.990192,36.333804
EOR,DOCA6855800,San Joaquin Basin,DOCA6855800,CA,-119.990192,36.333804
EOR,DOCA6856000,San Joaquin Basin,DOCA6856000,CA,-119.990192,36.333804
EOR,DOCA6856100,San Joaquin Basin,DOCA6856100,CA,-119.990192,36.333804
EOR,DOCA6856700,San Joaquin Basin,DOCA6856700,CA,-119.990192,36.333804
EOR,DOCA6857300,San Joaquin Basin,DOCA6857300,CA,-119.990192,36.333804
EOR,DOCA6857400,San Joaquin Basin,DOCA6857400,CA,-119.990192,36.333804
EOR,DOCA6859100,San Joaquin Basin,DOCA6859100,CA,-119.990192,36.333804
EOR,DOCA6859200,San Joaquin Basin,DOCA6859200,CA,-119.990192,36.333804
EOR,DOCA6860200,San Joaquin Basin,DOCA6860200,CA,-119.990192,36.333804
EOR,DOCA6860900,San Joaquin Basin,DOCA6860900,CA,-119.990192,36.333804
EOR,DOCA6861100,San Joaquin Basin,DOCA6861100,CA,-119.990192,36.333804
EOR,DOCA6861600,San Joaquin Basin,DOCA6861600,CA,-119.990192,36.333804
EOR,DOCA6861800,San Joaquin Basin,DOCA6861800,CA,-119.990192,36.333804
EOR,DOCA6862100,San Joaquin Basin,DOCA6862100,CA,-119.990192,36.333804
EOR,DOCA6862600,San Joaquin Basin,DOCA6862600,CA,-119.990192,36.333804
EOR,DOCA6862700,San Joaquin Basin,DOCA6862700,CA,-119.990192,36.333804
EOR,DOCA6862800,San Joaquin Basin,DOCA6862800,CA,-119.990192,36.333804
EOR,DOCO6842000,San Juan Basin - CO,DOCO6842000,CO,-107.440015,37.140803
EOR,DOCO6842100,San Juan Basin - CO,DOCO6842100,CO,-107.440015,37.140803
EOR,DOCO6807300,Southwestern Wyoming - CO,DOCO6807300,CO,-107.905034,40.729195
EOR,DOCO6807600,Southwestern Wyoming - CO,DOCO6807600,CO,-107.905034,40.729195
EOR,DOCO6807700,Southwestern Wyoming - CO,DOCO6807700,CO,-107.905034,40.729195
EOR,DOCO6807900,Southwestern Wyoming - CO,DOCO6807900,CO,-107.905034,40.729195
EOR,DOCA6864800,Ventura Basin,DOCA6864800,CA,-119.228184,34.329051
EOR,DOCA6865100,Ventura Basin,DOCA6865100,CA,-119.228184,34.329051
EOR,DOCA6865400,Ventura Basin,DOCA6865400,CA,-119.228184,34.329051
EOR,DOCA6865700,Ventura Basin,DOCA6865700,CA,-119.228184,34.329051
EOR,DOCA6866600,Ventura Basin,DOCA6866600,CA,-119.228184,34.329051
EOR,DOCA6866900,Ventura Basin,DOCA6866900,CA,-119.228184,34.329051
EOR,DOCA6867100,Ventura Basin,DOCA6867100,CA,-119.228184,34.329051
EOR,DOCA6867400,Ventura Basin,DOCA6867400,CA,-119.228184,34.329051
EOR,DOCA6867600,Ventura Basin,DOCA6867600,CA,-119.228184,34.329051
EOR,DOCA6867800,Ventura Basin,DOCA6867800,CA,-119.228184,34.329051
EOR,DOCA6868600,Ventura Basin,DOCA6868600,CA,-119.228184,34.329051
EOR,DOCA6868700,Ventura Basin,DOCA6868700,CA,-119.228184,34.329051
EOR,DOCA6869700,Ventura Basin,DOCA6869700,CA,-119.228184,34.329051
