,"This sheet provides calculations and logic required to determine distance between the user input CO2 point source location and every viable potential CO2 storage (saline and EOR) field's geographic centroid location, as well as the FYBE cost of CO2 transport and storage for every viable potential CO2 storage location, following all user inputs.  The CTS tool finds the lowest cost T&S option based on the calculations in this sheet. ",,,,,,,,,,,,,,,,,,,,,,,,,
Storage Project Type,Formation Number UID,Basin,Formation Identifier,Formation State,Formation Centroid Longitude,Formation Centroid Latitude,,Point Source Coordinates Latitude,Point Source Coordinates Longitude,Dedicated or Trunkline Distance,Distance Estimate for CO2_T_COM Results,Dedicated or Trunkline Transport Cost,Parallel Trunkline Multiplier,Gathering Line Distance,Gathering Line Transport Cost,Distribution Line Distance,Distribution Line Cost,Combined Transport Cost,PISC,Shovel Ready EOR,Storage Cost,30 Year Capacity,T&S Cost If Eligible,Formation Identifier (Rpt.),,CTS Tool Utility: Storage Lookup Key
Storage Project Type (SALINE = saline aquifer; EOR = conventional oilfield converted to CO2 Enhanced Oil Revocery),"The unique identifying number aligns to CO2_S_COM geologic database formations, and CO2 EOR Evaluation System oilfields","The basin name is based on USGS oil and gas province names, used for conventional oilfields",aligns to CO2_S_COM geologic database formations; the numbers refer to defined portions of the overall reservoir,U.S. state abbreviation where the formation centroid is located,Saline formation or Basin - State (oilfield proxy) geographic centroid longitude,Saline formation or Basin - State (oilfield proxy) geographic centroid latitude,,latitude; decimal degrees (based on user source location input),longitude; decimal degrees (based on user source location input),"straight-line distance between point source and formation centroid, in miles, accounting for curvature of the earth","distance between point source and formation centroid, rounded to nearest 10 miles, accounting for user input tortuosity","CO2_T_COM FYBE cost, adjusted to user selected cost basis year","number of parallel trunklines selected by user (1, 2, or 3); default is 1 if dedicated pipeline option is selected by user","pipeline distance between point source and trunkline, if selected; 1/10th the length of the trunkline, maximum of 50 miles","CO2_T_COM FYBE cost of gathering pipeline, if trunkline option is selected by user","pipeline distance between trunkline and storage site, if trunkline selected; 1/10th the length of the trunkline, maximum of 50 miles","CO2_T_COM FYBE cost of distribution pipeline, if trunkline option is selected by user","Total Transport cost, for all estimated distances below 1000 miles.  CTS tool assumes pipelines over 1000 miles are not tenable.","Post Injection Site Care duration in years based on user selection, for saline storage projects","Flag whether the conventional oilfield is near the end of secondary (waterflood) recovery and could be likely to economically transition to tertiary (EOR) recovery, based on original and current oil in place estimates",CO2_S_COM FYBE cost of storage; or CO2 EOR Evaluation System FYBE price of CO2,"Flag whether the saline formation or conventional oilfield has adequate CO2 storage capacity, accounting for pressure interference, for 30 years of storage at user selected injection rate","Combined Transport and Storage FYBE cost, from Co2 source's perspective, if appropraite flags are ""Yes"" and transportation distance is <1000 miles","The unique identifying number aligns to CO2_S_COM geologic database formations, and CO2 EOR Evaluation System oilfields, repeated for CTS tool lookup functionality",,PISC - State - Average Mass Flow Rate - Formation - Capacity Factor lookup key for CO2_S_COM FYBE prices
SALINE/EOR,#,Basin - State Abbreviation (if multi-state basin),Formation and Number,Abbv.,decimal degrees,decimal degrees,,lat,long,mi,mi,2023$/t,multiple,mi,2023$/t,mi,2023$/t,2023$/t,Years,Yes/No,2023$/t,yes/no,2023$/t,fm,,S_COM cost lookup
SALINE,1,,Arbuckle1,OK,-98.623787,36.493306,,32.7666,-96.7779,278.3473711,320,10.23481642,1,30,2.280819455,30,1.674525676,14.19016155,50,,#N/A,#N/A,#N/A,Arbuckle1,,50-OK-2.4-Arbuckle1-100
SALINE,2,,Arbuckle2,CO,-102.936109,38.64941,,32.7666,-96.7779,533.7692018,610,18.82397829,1,50,4.013087396,50,2.569530778,25.40659646,50,,#N/A,#N/A,#N/A,Arbuckle2,,50-CO-2.4-Arbuckle2-100
SALINE,3,,Arbuckle3,KS,-101.816956,39.276326,,32.7666,-96.7779,531.0232699,610,18.82397829,1,50,4.013087396,50,2.569530778,25.40659646,50,,#N/A,#N/A,#N/A,Arbuckle3,,50-KS-2.4-Arbuckle3-100
SALINE,4,,Arbuckle4,KS,-99.205676,37.695016,,32.7666,-96.7779,367.4221455,420,13.22297861,1,40,2.973726631,40,2.136463793,18.33316904,50,,#N/A,#N/A,#N/A,Arbuckle4,,50-KS-2.4-Arbuckle4-100
SALINE,5,,Atoka1,TX,-102.443718,31.793246,,32.7666,-96.7779,338.0619711,390,12.45789361,1,40,2.973726631,40,2.136463793,17.56808403,50,,#N/A,#N/A,#N/A,Atoka1,,50-TX-2.4-Atoka1-100
SALINE,6,,Atoka2,NM,-103.618913,32.964927,,32.7666,-96.7779,397.6243731,460,14.65209966,1,50,4.013087396,50,2.569530778,21.23471784,50,,#N/A,#N/A,#N/A,Atoka2,,50-NM-2.4-Atoka2-100
SALINE,7,,Basal Cambrian1,MT,-111.340871,48.435289,,32.7666,-96.7779,1321.560659,1520,#N/A,1,50,4.013087396,50,2.569530778,#N/A,50,,#N/A,#N/A,#N/A,Basal Cambrian1,,50-MT-2.4-Basal Cambrian1-100
SALINE,8,,Basal Cambrian2,MT,-104.316713,47.842869,,32.7666,-96.7779,1114.742893,1280,#N/A,1,50,4.013087396,50,2.569530778,#N/A,50,,#N/A,#N/A,#N/A,Basal Cambrian2,,50-MT-2.4-Basal Cambrian2-100
SALINE,9,,Basal Cambrian3,MT,-105.134155,47.614156,,32.7666,-96.7779,1116.299226,1280,#N/A,1,50,4.013087396,50,2.569530778,#N/A,50,,#N/A,#N/A,#N/A,Basal Cambrian3,,50-MT-2.4-Basal Cambrian3-100
SALINE,10,,Basal Cambrian4,MT,-106.224958,47.390368,,32.7666,-96.7779,1126.3676,1300,#N/A,1,50,4.013087396,50,2.569530778,#N/A,50,,#N/A,#N/A,#N/A,Basal Cambrian4,,50-MT-2.4-Basal Cambrian4-100
SALINE,11,,Basal Cambrian5,ND,-103.002938,47.784371,,32.7666,-96.7779,1088.574324,1250,#N/A,1,50,4.013087396,50,2.569530778,#N/A,50,,#N/A,#N/A,#N/A,Basal Cambrian5,,50-ND-2.4-Basal Cambrian5-100
SALINE,12,,Basal Cambrian6,ND,-102.372194,47.229709,,32.7666,-96.7779,1042.700621,1200,#N/A,1,50,4.013087396,50,2.569530778,#N/A,50,,#N/A,#N/A,#N/A,Basal Cambrian6,,50-ND-2.4-Basal Cambrian6-100
SALINE,13,,Basal Cambrian7,ND,-100.88397,47.471859,,32.7666,-96.7779,1039.701944,1200,#N/A,1,50,4.013087396,50,2.569530778,#N/A,50,,#N/A,#N/A,#N/A,Basal Cambrian7,,50-ND-2.4-Basal Cambrian7-100
SALINE,14,,Basal Cambrian8,ND,-99.541962,47.85124,,32.7666,-96.7779,1053.361066,1210,#N/A,1,50,4.013087396,50,2.569530778,#N/A,50,,#N/A,#N/A,#N/A,Basal Cambrian8,,50-ND-2.4-Basal Cambrian8-100
SALINE,15,,Basal Sandstone TN Zone 1,TN,-86.666865,35.785163,,32.7666,-96.7779,614.1116264,710,21.72552709,1,50,4.013087396,50,2.569530778,28.30814526,50,,#N/A,#N/A,#N/A,Basal Sandstone TN Zone 1,,50-TN-2.4-Basal Sandstone TN Zone 1-100
SALINE,16,,Basal Sandstone TN Zone 2,TN,-85.086487,35.737442,,32.7666,-96.7779,698.7965814,800,24.323929,1,50,4.013087396,50,2.569530778,30.90654717,50,,#N/A,#N/A,#N/A,Basal Sandstone TN Zone 2,,50-TN-2.4-Basal Sandstone TN Zone 2-100
SALINE,17,,BassIsland01,MI,-84.548849,43.876485,,32.7666,-96.7779,1013.087156,1170,#N/A,1,50,4.013087396,50,2.569530778,#N/A,50,,#N/A,#N/A,#N/A,BassIsland01,,50-MI-2.4-BassIsland01-100
SALINE,18,,Broom Creek1,MT,-104.378479,46.26644,,32.7666,-96.7779,1016.873323,1170,#N/A,1,50,4.013087396,50,2.569530778,#N/A,50,,#N/A,#N/A,#N/A,Broom Creek1,,50-MT-2.4-Broom Creek1-100
SALINE,19,,Broom Creek2,ND,-102.444209,46.848871,,32.7666,-96.7779,1018.839738,1170,#N/A,1,50,4.013087396,50,2.569530778,#N/A,50,,#N/A,#N/A,#N/A,Broom Creek2,,50-ND-2.4-Broom Creek2-100
SALINE,20,,Broom Creek3,SD,-102.437334,45.107174,,32.7666,-96.7779,905.6827387,1040,#N/A,1,50,4.013087396,50,2.569530778,#N/A,50,,#N/A,#N/A,#N/A,Broom Creek3,,50-SD-2.4-Broom Creek3-100
SALINE,21,,Canyon1,TX,-101.641749,34.680495,,32.7666,-96.7779,309.5061274,360,11.25974161,1,40,2.973726631,40,2.136463793,16.36993204,50,,#N/A,#N/A,#N/A,Canyon1,,50-TX-2.4-Canyon1-100
SALINE,22,,Canyon2,NM,-103.845977,34.630852,,32.7666,-96.7779,426.5850988,490,15.41718467,1,50,4.013087396,50,2.569530778,21.99980284,50,,#N/A,#N/A,#N/A,Canyon2,,50-NM-2.4-Canyon2-100
SALINE,23,,Canyon3,TX,-102.456551,31.762763,,32.7666,-96.7779,339.2765697,390,12.45789361,1,40,2.973726631,40,2.136463793,17.56808403,50,,#N/A,#N/A,#N/A,Canyon3,,50-TX-2.4-Canyon3-100
SALINE,24,,Canyon4,NM,-103.637044,32.933798,,32.7666,-96.7779,398.6783813,460,14.65209966,1,50,4.013087396,50,2.569530778,21.23471784,50,,#N/A,#N/A,#N/A,Canyon4,,50-NM-2.4-Canyon4-100
SALINE,25,,Cedar Keys-Lawson1,FL,-81.232485,27.839607,,32.7666,-96.7779,987.7127242,1140,#N/A,1,50,4.013087396,50,2.569530778,#N/A,50,,#N/A,#N/A,#N/A,Cedar Keys-Lawson1,,50-FL-2.4-Cedar Keys-Lawson1-100
SALINE,26,,Cedar Keys-Lawson2,FL,-81.245866,26.760484,,32.7666,-96.7779,1019.554529,1170,#N/A,1,50,4.013087396,50,2.569530778,#N/A,50,,#N/A,#N/A,#N/A,Cedar Keys-Lawson2,,50-FL-2.4-Cedar Keys-Lawson2-100
SALINE,27,,Cedar Keys-Lawson3,FL,-80.766134,25.318595,,32.7666,-96.7779,1094.978614,1260,#N/A,1,50,4.013087396,50,2.569530778,#N/A,50,,#N/A,#N/A,#N/A,Cedar Keys-Lawson3,,50-FL-2.4-Cedar Keys-Lawson3-100
SALINE,28,,CedarHills01,NE,-103.055053,41.997395,,32.7666,-96.7779,725.2301561,830,25.47877429,1,50,4.013087396,50,2.569530778,32.06139247,50,,#N/A,#N/A,#N/A,CedarHills01,,50-NE-2.4-CedarHills01-100
SALINE,29,,CedarHills02,SD,-103.124554,43.401913,,32.7666,-96.7779,812.1286149,930,28.32258083,1,50,4.013087396,50,2.569530778,34.905199,50,,#N/A,#N/A,#N/A,CedarHills02,,50-SD-2.4-CedarHills02-100
SALINE,30,,CedarHills03,WY,-104.628989,41.877417,,32.7666,-96.7779,763.1975399,880,26.69136185,1,50,4.013087396,50,2.569530778,33.27398002,50,,#N/A,#N/A,#N/A,CedarHills03,,50-WY-2.4-CedarHills03-100
SALINE,31,,CedarHills04,CO,-104.121491,40.20082,,32.7666,-96.7779,656.1486489,750,23.11134144,1,50,4.013087396,50,2.569530778,29.69395961,50,,#N/A,#N/A,#N/A,CedarHills04,,50-CO-2.4-CedarHills04-100
SALINE,32,,Cisco1,TX,-101.65746,34.678773,,32.7666,-96.7779,310.2748662,360,11.25974161,1,40,2.973726631,40,2.136463793,16.36993204,50,,#N/A,#N/A,#N/A,Cisco1,,50-TX-2.4-Cisco1-100
SALINE,33,,Cisco2,NM,-103.845977,34.630852,,32.7666,-96.7779,426.5850988,490,15.41718467,1,50,4.013087396,50,2.569530778,21.99980284,50,,#N/A,#N/A,#N/A,Cisco2,,50-NM-2.4-Cisco2-100
SALINE,34,,Cisco3,TX,-102.456551,31.762763,,32.7666,-96.7779,339.2765697,390,12.45789361,1,40,2.973726631,40,2.136463793,17.56808403,50,,#N/A,#N/A,#N/A,Cisco3,,50-TX-2.4-Cisco3-100
SALINE,35,,Cisco4,NM,-103.637044,32.933798,,32.7666,-96.7779,398.6783813,460,14.65209966,1,50,4.013087396,50,2.569530778,21.23471784,50,,#N/A,#N/A,#N/A,Cisco4,,50-NM-2.4-Cisco4-100
SALINE,36,,Codell1,WY,-104.516247,41.618104,,32.7666,-96.7779,745.3791312,860,26.21498817,1,50,4.013087396,50,2.569530778,32.79760634,50,,#N/A,#N/A,#N/A,Codell1,,50-WY-2.4-Codell1-100
SALINE,37,,Codell2,NE,-103.260074,41.641797,,32.7666,-96.7779,709.6932098,820,24.81473825,1,50,4.013087396,50,2.569530778,31.39735642,50,,#N/A,#N/A,#N/A,Codell2,,50-NE-2.4-Codell2-100
SALINE,38,,Codell3,CO,-103.768497,39.919537,,32.7666,-96.7779,629.2165174,720,21.95649615,1,50,4.013087396,50,2.569530778,28.53911432,50,,#N/A,#N/A,#N/A,Codell3,,50-CO-2.4-Codell3-100
SALINE,39,,Conasauga1,OH,-81.966527,40.523108,,32.7666,-96.7779,979.5240105,1130,#N/A,1,50,4.013087396,50,2.569530778,#N/A,50,,#N/A,#N/A,#N/A,Conasauga1,,50-OH-2.4-Conasauga1-100
SALINE,40,,Copper Ridge1,OH,-81.678052,39.292768,,32.7666,-96.7779,955.9348334,1100,#N/A,1,50,4.013087396,50,2.569530778,#N/A,50,,#N/A,#N/A,#N/A,Copper Ridge1,,50-OH-2.4-Copper Ridge1-100
SALINE,41,,Copper Ridge2,PA,-79.902285,40.290126,,32.7666,-96.7779,1070.063556,1230,#N/A,1,50,4.013087396,50,2.569530778,#N/A,50,,#N/A,#N/A,#N/A,Copper Ridge2,,50-PA-2.4-Copper Ridge2-100
SALINE,42,,Copper Ridge3,WV,-81.236855,39.066248,,32.7666,-96.7779,971.7220746,1120,#N/A,1,50,4.013087396,50,2.569530778,#N/A,50,,#N/A,#N/A,#N/A,Copper Ridge3,,50-WV-2.4-Copper Ridge3-100
SALINE,43,,Copper Ridge4,OH,-81.744828,40.03234,,32.7666,-96.7779,974.2709195,1120,#N/A,1,50,4.013087396,50,2.569530778,#N/A,50,,#N/A,#N/A,#N/A,Copper Ridge4,,50-OH-2.4-Copper Ridge4-100
SALINE,44,,Crow Mountain 1,WY,-108.620741,44.409192,,32.7666,-96.7779,1026.573811,1180,#N/A,1,50,4.013087396,50,2.569530778,#N/A,50,,#N/A,#N/A,#N/A,Crow Mountain 1,,50-WY-2.4-Crow Mountain 1-100
SALINE,45,,Crow Mountain 2,MT,-109.232242,45.100491,,32.7666,-96.7779,1082.15519,1240,#N/A,1,50,4.013087396,50,2.569530778,#N/A,50,,#N/A,#N/A,#N/A,Crow Mountain 2,,50-MT-2.4-Crow Mountain 2-100
SALINE,46,,Crow Mountain 3,MT,-109.181934,45.186981,,32.7666,-96.7779,1084.949646,1250,#N/A,1,50,4.013087396,50,2.569530778,#N/A,50,,#N/A,#N/A,#N/A,Crow Mountain 3,,50-MT-2.4-Crow Mountain 3-100
SALINE,47,,Crow Mountain 4,WY,-108.405712,44.225225,,32.7666,-96.7779,1009.999889,1160,#N/A,1,50,4.013087396,50,2.569530778,#N/A,50,,#N/A,#N/A,#N/A,Crow Mountain 4,,50-WY-2.4-Crow Mountain 4-100
SALINE,48,,Dakota1,CO,-108.067845,39.537561,,32.7666,-96.7779,784.4166854,900,27.1821711,1,50,4.013087396,50,2.569530778,33.76478927,50,,#N/A,#N/A,#N/A,Dakota1,,50-CO-2.4-Dakota1-100
SALINE,49,,Dakota2,CO,-106.286837,40.637939,,32.7666,-96.7779,757.0555553,870,26.46039279,1,50,4.013087396,50,2.569530778,33.04301097,50,,#N/A,#N/A,#N/A,Dakota2,,50-CO-2.4-Dakota2-100
SALINE,50,,Dakota3,CO,-107.842042,37.196487,,32.7666,-96.7779,697.2754633,800,24.323929,1,50,4.013087396,50,2.569530778,30.90654717,50,,#N/A,#N/A,#N/A,Dakota3,,50-CO-2.4-Dakota3-100
SALINE,51,,Dakota4,NM,-107.860282,36.35666,,32.7666,-96.7779,677.8417269,780,23.84755531,1,50,4.013087396,50,2.569530778,30.43017349,50,,#N/A,#N/A,#N/A,Dakota4,,50-NM-2.4-Dakota4-100
SALINE,52,,Dakota5,UT,-110.418893,39.731114,,32.7666,-96.7779,899.0369307,1030,#N/A,1,50,4.013087396,50,2.569530778,#N/A,50,,#N/A,#N/A,#N/A,Dakota5,,50-UT-2.4-Dakota5-100
SALINE,53,,Dakota6,CO,-104.972078,37.354395,,32.7666,-96.7779,561.7338709,650,20.23866377,1,50,4.013087396,50,2.569530778,26.82128195,50,,#N/A,#N/A,#N/A,Dakota6,,50-CO-2.4-Dakota6-100
SALINE,54,,Dakota7,NM,-104.972436,36.767704,,32.7666,-96.7779,541.3582249,620,19.08381848,1,50,4.013087396,50,2.569530778,25.66643665,50,,#N/A,#N/A,#N/A,Dakota7,,50-NM-2.4-Dakota7-100
SALINE,55,,Dakota8,CO,-103.829364,39.955409,,32.7666,-96.7779,633.198295,730,22.20190077,1,50,4.013087396,50,2.569530778,28.78451895,50,,#N/A,#N/A,#N/A,Dakota8,,50-CO-2.4-Dakota8-100
SALINE,56,,Dakota9,WY,-104.531272,41.662894,,32.7666,-96.7779,748.3158719,860,26.21498817,1,50,4.013087396,50,2.569530778,32.79760634,50,,#N/A,#N/A,#N/A,Dakota9,,50-WY-2.4-Dakota9-100
SALINE,57,,Dakota10,NE,-103.237192,41.669831,,32.7666,-96.7779,710.7068508,820,24.81473825,1,50,4.013087396,50,2.569530778,31.39735642,50,,#N/A,#N/A,#N/A,Dakota10,,50-NE-2.4-Dakota10-100
SALINE,58,,Dakota11,WY,-108.951827,41.837934,,32.7666,-96.7779,916.0730576,1050,#N/A,1,50,4.013087396,50,2.569530778,#N/A,50,,#N/A,#N/A,#N/A,Dakota11,,50-WY-2.4-Dakota11-100
SALINE,59,,Devonian1,NM,-104.018957,33.030687,,32.7666,-96.7779,420.8570258,480,15.15734448,1,50,4.013087396,50,2.569530778,21.73996265,50,,#N/A,#N/A,#N/A,Devonian1,,50-NM-2.4-Devonian1-100
SALINE,60,,Domengine,CA,-120.12411,36.688649,,32.7666,-96.7779,1351.078924,1550,#N/A,1,50,4.013087396,50,2.569530778,#N/A,50,,#N/A,#N/A,#N/A,Domengine,,50-CA-2.4-Domengine-100
SALINE,61,,Domengine1,CA,-121.358152,38.071841,,32.7666,-96.7779,1428.641407,1640,#N/A,1,50,4.013087396,50,2.569530778,#N/A,50,,#N/A,#N/A,#N/A,Domengine1,,50-CA-2.4-Domengine1-100
SALINE,62,,Domengine2,CA,-121.914081,39.433532,,32.7666,-96.7779,1472.86269,1690,#N/A,1,50,4.013087396,50,2.569530778,#N/A,50,,#N/A,#N/A,#N/A,Domengine2,,50-CA-2.4-Domengine2-100
SALINE,63,,Duperow-Lower1,MT,-111.608297,48.437306,,32.7666,-96.7779,1329.642054,1530,#N/A,1,50,4.013087396,50,2.569530778,#N/A,50,,#N/A,#N/A,#N/A,Duperow-Lower1,,50-MT-2.4-Duperow-Lower1-100
SALINE,64,,Duperow-Upper1,MT,-111.608297,48.437306,,32.7666,-96.7779,1329.642054,1530,#N/A,1,50,4.013087396,50,2.569530778,#N/A,50,,#N/A,#N/A,#N/A,Duperow-Upper1,,50-MT-2.4-Duperow-Upper1-100
SALINE,65,,Entrada1,CO,-108.043892,39.586576,,32.7666,-96.7779,785.2098885,900,27.1821711,1,50,4.013087396,50,2.569530778,33.76478927,50,,#N/A,#N/A,#N/A,Entrada1,,50-CO-2.4-Entrada1-100
SALINE,66,,Entrada2,UT,-110.408938,39.645765,,32.7666,-96.7779,895.7980316,1030,#N/A,1,50,4.013087396,50,2.569530778,#N/A,50,,#N/A,#N/A,#N/A,Entrada2,,50-UT-2.4-Entrada2-100
SALINE,67,,Entrada3,CO,-104.922716,37.393966,,32.7666,-96.7779,560.8942172,650,20.23866377,1,50,4.013087396,50,2.569530778,26.82128195,50,,#N/A,#N/A,#N/A,Entrada3,,50-CO-2.4-Entrada3-100
SALINE,68,,Entrada4,NM,-104.833223,36.780506,,32.7666,-96.7779,535.0112555,620,19.08381848,1,50,4.013087396,50,2.569530778,25.66643665,50,,#N/A,#N/A,#N/A,Entrada4,,50-NM-2.4-Entrada4-100
SALINE,69,,Entrada5,CO,-103.744671,39.716428,,32.7666,-96.7779,617.740529,710,21.72552709,1,50,4.013087396,50,2.569530778,28.30814526,50,,#N/A,#N/A,#N/A,Entrada5,,50-CO-2.4-Entrada5-100
SALINE,70,,Entrada6,WY,-104.531272,41.662894,,32.7666,-96.7779,748.3158719,860,26.21498817,1,50,4.013087396,50,2.569530778,32.79760634,50,,#N/A,#N/A,#N/A,Entrada6,,50-WY-2.4-Entrada6-100
SALINE,71,,Entrada7,NE,-103.237192,41.669831,,32.7666,-96.7779,710.7068508,820,24.81473825,1,50,4.013087396,50,2.569530778,31.39735642,50,,#N/A,#N/A,#N/A,Entrada7,,50-NE-2.4-Entrada7-100
SALINE,72,,Entrada8,CO,-107.908338,37.152901,,32.7666,-96.7779,699.490427,800,24.323929,1,50,4.013087396,50,2.569530778,30.90654717,50,,#N/A,#N/A,#N/A,Entrada8,,50-CO-2.4-Entrada8-100
SALINE,73,,Entrada9,NM,-107.603557,36.504894,,32.7666,-96.7779,667.6547558,770,23.60215069,1,50,4.013087396,50,2.569530778,30.18476886,50,,#N/A,#N/A,#N/A,Entrada9,,50-NM-2.4-Entrada9-100
SALINE,74,,Eutaw1,MS,-89.894158,31.994275,,32.7666,-96.7779,405.5722003,470,14.91193985,1,50,4.013087396,50,2.569530778,21.49455803,50,,#N/A,#N/A,#N/A,Eutaw1,,50-MS-2.4-Eutaw1-100
SALINE,75,,Eutaw2,AL,-87.648408,31.18116,,32.7666,-96.7779,546.6044035,630,19.31478754,1,50,4.013087396,50,2.569530778,25.89740571,50,,#N/A,#N/A,#N/A,Eutaw2,,50-AL-2.4-Eutaw2-100
SALINE,76,,Eutaw3,FL,-85.406059,30.503717,,32.7666,-96.7779,687.372702,790,24.09295994,1,50,4.013087396,50,2.569530778,30.67557811,50,,#N/A,#N/A,#N/A,Eutaw3,,50-FL-2.4-Eutaw3-100
SALINE,77,,Eutaw4,GA,-82.755628,30.860447,,32.7666,-96.7779,834.0435805,960,29.04435914,1,50,4.013087396,50,2.569530778,35.62697731,50,,#N/A,#N/A,#N/A,Eutaw4,,50-GA-2.4-Eutaw4-100
SALINE,78,,Forbes,CA,-121.914919,39.442685,,32.7666,-96.7779,1473.021067,1690,#N/A,1,50,4.013087396,50,2.569530778,#N/A,50,,#N/A,#N/A,#N/A,Forbes,,50-CA-2.4-Forbes-100
SALINE,79,,Fort Union1a,WY,-109.022469,41.804261,,32.7666,-96.7779,917.4276465,1060,#N/A,1,50,4.013087396,50,2.569530778,#N/A,50,,#N/A,#N/A,#N/A,Fort Union1a,,50-WY-2.4-Fort Union1a-100
SALINE,80,,Fort Union1b,WY,-109.022469,41.804261,,32.7666,-96.7779,917.4276465,1060,#N/A,1,50,4.013087396,50,2.569530778,#N/A,50,,#N/A,#N/A,#N/A,Fort Union1b,,50-WY-2.4-Fort Union1b-100
SALINE,81,,Fort Union2,WY,-108.180249,43.06611,,32.7666,-96.7779,944.068867,1090,#N/A,1,50,4.013087396,50,2.569530778,#N/A,50,,#N/A,#N/A,#N/A,Fort Union2,,50-WY-2.4-Fort Union2-100
SALINE,82,,Fountain1a,CO,-104.74694,40.096938,,32.7666,-96.7779,673.0218402,770,23.60215069,1,50,4.013087396,50,2.569530778,30.18476886,50,,#N/A,#N/A,#N/A,Fountain1a,,50-CO-2.4-Fountain1a-100
SALINE,83,,Fountain1b,CO,-104.74694,40.096938,,32.7666,-96.7779,673.0218402,770,23.60215069,1,50,4.013087396,50,2.569530778,30.18476886,50,,#N/A,#N/A,#N/A,Fountain1b,,50-CO-2.4-Fountain1b-100
SALINE,84,,Fountain2a,CO,-103.708012,40.190548,,32.7666,-96.7779,641.6011366,740,22.88037238,1,50,4.013087396,50,2.569530778,29.46299056,50,,#N/A,#N/A,#N/A,Fountain2a,,50-CO-2.4-Fountain2a-100
SALINE,85,,Fountain2b,CO,-103.708012,40.190548,,32.7666,-96.7779,641.6011366,740,22.88037238,1,50,4.013087396,50,2.569530778,29.46299056,50,,#N/A,#N/A,#N/A,Fountain2b,,50-CO-2.4-Fountain2b-100
SALINE,86,,Frio1,TX,-95.662353,29.795656,,32.7666,-96.7779,215.8182126,250,7.982868093,1,30,2.280819455,30,1.674525676,11.93821322,50,,#N/A,#N/A,#N/A,Frio1,,50-TX-2.4-Frio1-100
SALINE,87,,Frio2,TX,-97.928856,27.505359,,32.7666,-96.7779,370.3686448,430,13.4828188,1,40,2.973726631,40,2.136463793,18.59300923,50,,#N/A,#N/A,#N/A,Frio2,,50-TX-2.4-Frio2-100
SALINE,88,,Frio3a,TX,-94.238304,30.231414,,32.7666,-96.7779,230.6001283,270,8.502548475,1,30,2.280819455,30,1.674525676,12.45789361,50,,#N/A,#N/A,#N/A,Frio3a,,50-TX-2.4-Frio3a-100
SALINE,89,,Frio3b,TX,-94.2397,30.231406,,32.7666,-96.7779,230.5471075,270,8.502548475,1,30,2.280819455,30,1.674525676,12.45789361,50,,#N/A,#N/A,#N/A,Frio3b,,50-TX-2.4-Frio3b-100
SALINE,90,,Frio4,TX,-94.054696,30.027196,,32.7666,-96.7779,248.4847041,290,9.469731408,1,30,2.280819455,30,1.674525676,13.42507654,50,,#N/A,#N/A,#N/A,Frio4,,50-TX-2.4-Frio4-100
SALINE,91,,Frio5,TX,-94.048754,29.778215,,32.7666,-96.7779,262.197718,300,9.715136033,1,30,2.280819455,30,1.674525676,13.67048116,50,,#N/A,#N/A,#N/A,Frio5,,50-TX-2.4-Frio5-100
SALINE,92,,Frio6,TX,-95.375951,29.671482,,32.7666,-96.7779,229.5835729,260,8.25714385,1,30,2.280819455,30,1.674525676,12.21248898,50,,#N/A,#N/A,#N/A,Frio6,,50-TX-2.4-Frio6-100
SALINE,93,,Frio7a,TX,-95.042701,29.543107,,32.7666,-96.7779,245.4785166,280,9.195455651,1,30,2.280819455,30,1.674525676,13.15080078,50,,#N/A,#N/A,#N/A,Frio7a,,50-TX-2.4-Frio7a-100
SALINE,94,,Frio7b,TX,-95.042701,29.543107,,32.7666,-96.7779,245.4785166,280,9.195455651,1,30,2.280819455,30,1.674525676,13.15080078,50,,#N/A,#N/A,#N/A,Frio7b,,50-TX-2.4-Frio7b-100
SALINE,95,,Frio8,TX,-94.945694,29.33855,,32.7666,-96.7779,260.7796542,300,9.715136033,1,30,2.280819455,30,1.674525676,13.67048116,50,,#N/A,#N/A,#N/A,Frio8,,50-TX-2.4-Frio8-100
SALINE,96,,Frio9a,TX,-96.77459,28.604953,,32.7666,-96.7779,287.8626754,330,10.49465661,1,30,2.280819455,30,1.674525676,14.45000174,50,,#N/A,#N/A,#N/A,Frio9a,,50-TX-2.4-Frio9a-100
SALINE,97,,Frio9b,TX,-96.77459,28.604953,,32.7666,-96.7779,287.8626754,330,10.49465661,1,30,2.280819455,30,1.674525676,14.45000174,50,,#N/A,#N/A,#N/A,Frio9b,,50-TX-2.4-Frio9b-100
SALINE,98,,Frio10,TX,-96.500092,28.515259,,32.7666,-96.7779,294.5307339,340,10.7544968,1,30,2.280819455,30,1.674525676,14.70984193,50,,#N/A,#N/A,#N/A,Frio10,,50-TX-2.4-Frio10-100
SALINE,99,,Frio11,TX,-95.66782,28.860671,,32.7666,-96.7779,278.0999111,320,10.23481642,1,30,2.280819455,30,1.674525676,14.19016155,50,,#N/A,#N/A,#N/A,Frio11,,50-TX-2.4-Frio11-100
SALINE,100,,Frio12a,TX,-97.939954,26.865191,,32.7666,-96.7779,414.1067132,480,15.15734448,1,50,4.013087396,50,2.569530778,21.73996265,50,,#N/A,#N/A,#N/A,Frio12a,,50-TX-2.4-Frio12a-100
SALINE,101,,Frio12b,TX,-97.944623,26.857127,,32.7666,-96.7779,414.7041452,480,15.15734448,1,50,4.013087396,50,2.569530778,21.73996265,50,,#N/A,#N/A,#N/A,Frio12b,,50-TX-2.4-Frio12b-100
SALINE,102,,Frio13a,TX,-97.658205,26.763223,,32.7666,-96.7779,418.6002512,480,15.15734448,1,50,4.013087396,50,2.569530778,21.73996265,50,,#N/A,#N/A,#N/A,Frio13a,,50-TX-2.4-Frio13a-100
SALINE,103,,Frio13b,TX,-97.658205,26.763223,,32.7666,-96.7779,418.6002512,480,15.15734448,1,50,4.013087396,50,2.569530778,21.73996265,50,,#N/A,#N/A,#N/A,Frio13b,,50-TX-2.4-Frio13b-100
SALINE,104,,Frio13c,TX,-97.658205,26.763223,,32.7666,-96.7779,418.6002512,480,15.15734448,1,50,4.013087396,50,2.569530778,21.73996265,50,,#N/A,#N/A,#N/A,Frio13c,,50-TX-2.4-Frio13c-100
SALINE,105,,Frontier1,MT,-106.335923,45.32074,,32.7666,-96.7779,1007.147178,1160,#N/A,1,50,4.013087396,50,2.569530778,#N/A,50,,#N/A,#N/A,#N/A,Frontier1,,50-MT-2.4-Frontier1-100
SALINE,106,,Frontier2,WY,-105.732547,43.860527,,32.7666,-96.7779,907.0505355,1040,#N/A,1,50,4.013087396,50,2.569530778,#N/A,50,,#N/A,#N/A,#N/A,Frontier2,,50-WY-2.4-Frontier2-100
SALINE,107,,Frontier3,WY,-108.489624,44.262418,,32.7666,-96.7779,1014.701348,1170,#N/A,1,50,4.013087396,50,2.569530778,#N/A,50,,#N/A,#N/A,#N/A,Frontier3,,50-WY-2.4-Frontier3-100
SALINE,108,,Frontier4,WY,-109.96198,41.857891,,32.7666,-96.7779,957.9348418,1100,#N/A,1,50,4.013087396,50,2.569530778,#N/A,50,,#N/A,#N/A,#N/A,Frontier4,,50-WY-2.4-Frontier4-100
SALINE,109,,Fusselman1,TX,-102.443718,31.793246,,32.7666,-96.7779,338.0619711,390,12.45789361,1,40,2.973726631,40,2.136463793,17.56808403,50,,#N/A,#N/A,#N/A,Fusselman1,,50-TX-2.4-Fusselman1-100
SALINE,110,,Fusselman2,NM,-103.618913,32.964927,,32.7666,-96.7779,397.6243731,460,14.65209966,1,50,4.013087396,50,2.569530778,21.23471784,50,,#N/A,#N/A,#N/A,Fusselman2,,50-NM-2.4-Fusselman2-100
SALINE,111,,Glorieta1,NM,-106.359433,35.331517,,32.7666,-96.7779,576.7879892,660,20.49850396,1,50,4.013087396,50,2.569530778,27.08112214,50,,#N/A,#N/A,#N/A,Glorieta1,,50-NM-2.4-Glorieta1-100
SALINE,112,,Green River1,UT,-109.986768,39.986064,,32.7666,-96.7779,887.5741093,1020,#N/A,1,50,4.013087396,50,2.569530778,#N/A,50,,#N/A,#N/A,#N/A,Green River1,,50-UT-2.4-Green River1-100
SALINE,113,,Hermosa1a,CO,-108.364208,37.210988,,32.7666,-96.7779,724.2849678,830,25.47877429,1,50,4.013087396,50,2.569530778,32.06139247,50,,#N/A,#N/A,#N/A,Hermosa1a,,50-CO-2.4-Hermosa1a-100
SALINE,114,,Hermosa1b,CO,-108.368257,37.207819,,32.7666,-96.7779,724.4113453,830,25.47877429,1,50,4.013087396,50,2.569530778,32.06139247,50,,#N/A,#N/A,#N/A,Hermosa1b,,50-CO-2.4-Hermosa1b-100
SALINE,115,,InyanKara1,MT,-105.26819,47.403704,,32.7666,-96.7779,1106.051907,1270,#N/A,1,50,4.013087396,50,2.569530778,#N/A,50,,#N/A,#N/A,#N/A,InyanKara1,,50-MT-2.4-InyanKara1-100
SALINE,116,,InyanKara2,SD,-102.646774,45.346961,,32.7666,-96.7779,924.863134,1060,#N/A,1,50,4.013087396,50,2.569530778,#N/A,50,,#N/A,#N/A,#N/A,InyanKara2,,50-SD-2.4-InyanKara2-100
SALINE,117,,InyanKara3,ND,-102.432213,47.40825,,32.7666,-96.7779,1055.308174,1210,#N/A,1,50,4.013087396,50,2.569530778,#N/A,50,,#N/A,#N/A,#N/A,InyanKara3,,50-ND-2.4-InyanKara3-100
SALINE,118,,Knox1,IL,-88.808935,38.884721,,32.7666,-96.7779,615.010889,710,21.72552709,1,50,4.013087396,50,2.569530778,28.30814526,50,,#N/A,#N/A,#N/A,Knox1,,50-IL-2.4-Knox1-100
SALINE,119,,Knox2,IL,-88.498717,38.153149,,32.7666,-96.7779,596.5499061,690,21.22028227,1,50,4.013087396,50,2.569530778,27.80290045,50,,#N/A,#N/A,#N/A,Knox2,,50-IL-2.4-Knox2-100
SALINE,120,,Knox3,IN,-87.114343,38.699345,,32.7666,-96.7779,679.6362786,780,23.84755531,1,50,4.013087396,50,2.569530778,30.43017349,50,,#N/A,#N/A,#N/A,Knox3,,50-IN-2.4-Knox3-100
SALINE,121,,Knox4,IN,-87.638568,38.085161,,32.7666,-96.7779,632.483061,730,22.20190077,1,50,4.013087396,50,2.569530778,28.78451895,50,,#N/A,#N/A,#N/A,Knox4,,50-IN-2.4-Knox4-100
SALINE,122,,Knox5,KY,-87.295219,37.482424,,32.7666,-96.7779,627.3691478,720,21.95649615,1,50,4.013087396,50,2.569530778,28.53911432,50,,#N/A,#N/A,#N/A,Knox5,,50-KY-2.4-Knox5-100
SALINE,123,,Knox6,KY,-87.624044,37.541511,,32.7666,-96.7779,613.6061617,710,21.72552709,1,50,4.013087396,50,2.569530778,28.30814526,50,,#N/A,#N/A,#N/A,Knox6,,50-KY-2.4-Knox6-100
SALINE,124,,Lakota01,MT,-106.061443,45.432586,,32.7666,-96.7779,1006.315088,1160,#N/A,1,50,4.013087396,50,2.569530778,#N/A,50,,#N/A,#N/A,#N/A,Lakota01,,50-MT-2.4-Lakota01-100
SALINE,125,,Lakota02,WY,-105.620597,43.86603,,32.7666,-96.7779,904.1562104,1040,#N/A,1,50,4.013087396,50,2.569530778,#N/A,50,,#N/A,#N/A,#N/A,Lakota02,,50-WY-2.4-Lakota02-100
SALINE,126,,Lance1,WY,-107.756669,43.079182,,32.7666,-96.7779,929.8047858,1070,#N/A,1,50,4.013087396,50,2.569530778,#N/A,50,,#N/A,#N/A,#N/A,Lance1,,50-WY-2.4-Lance1-100
SALINE,127,,Lansing01,NE,-100.980746,41.237771,,32.7666,-96.7779,630.0545289,720,21.95649615,1,50,4.013087396,50,2.569530778,28.53911432,50,,#N/A,#N/A,#N/A,Lansing01,,50-NE-2.4-Lansing01-100
SALINE,128,,Lansing02,KS,-99.80935,39.078221,,32.7666,-96.7779,468.3550037,540,16.65864336,1,50,4.013087396,50,2.569530778,23.24126154,50,,#N/A,#N/A,#N/A,Lansing02,,50-KS-2.4-Lansing02-100
SALINE,129,,Leadville1,CO,-108.368257,37.207819,,32.7666,-96.7779,724.4113453,830,25.47877429,1,50,4.013087396,50,2.569530778,32.06139247,50,,#N/A,#N/A,#N/A,Leadville1,,50-CO-2.4-Leadville1-100
SALINE,130,,Leonard1,TX,-102.452467,31.794064,,32.7666,-96.7779,338.55049,390,12.45789361,1,40,2.973726631,40,2.136463793,17.56808403,50,,#N/A,#N/A,#N/A,Leonard1,,50-TX-2.4-Leonard1-100
SALINE,131,,Leonard2,NM,-103.618913,32.964927,,32.7666,-96.7779,397.6243731,460,14.65209966,1,50,4.013087396,50,2.569530778,21.23471784,50,,#N/A,#N/A,#N/A,Leonard2,,50-NM-2.4-Leonard2-100
SALINE,132,,Lockport01,KY,-82.850442,37.30154,,32.7666,-96.7779,847.8263803,980,29.53516839,1,50,4.013087396,50,2.569530778,36.11778656,50,,#N/A,#N/A,#N/A,Lockport01,,50-KY-2.4-Lockport01-100
SALINE,133,,Lockport02,OH,-81.401583,40.272727,,32.7666,-96.7779,997.9209735,1150,#N/A,1,50,4.013087396,50,2.569530778,#N/A,50,,#N/A,#N/A,#N/A,Lockport02,,50-OH-2.4-Lockport02-100
SALINE,134,,Lockport03,WV,-80.699289,38.618676,,32.7666,-96.7779,987.9679374,1140,#N/A,1,50,4.013087396,50,2.569530778,#N/A,50,,#N/A,#N/A,#N/A,Lockport03,,50-WV-2.4-Lockport03-100
SALINE,135,,Lockport04,PA,-78.648327,41.001534,,32.7666,-96.7779,1150.146321,1320,#N/A,1,50,4.013087396,50,2.569530778,#N/A,50,,#N/A,#N/A,#N/A,Lockport04,,50-PA-2.4-Lockport04-100
SALINE,136,,Lockport05,MD,-79.067462,39.561828,,32.7666,-96.7779,1092.405146,1260,#N/A,1,50,4.013087396,50,2.569530778,#N/A,50,,#N/A,#N/A,#N/A,Lockport05,,50-MD-2.4-Lockport05-100
SALINE,137,,Lockport06,NY,-77.313265,42.27949,,32.7666,-96.7779,1249.74317,1440,#N/A,1,50,4.013087396,50,2.569530778,#N/A,50,,#N/A,#N/A,#N/A,Lockport06,,50-NY-2.4-Lockport06-100
SALINE,138,,Lower Tuscaloosa1,AL,-87.054397,31.45445,,32.7666,-96.7779,576.6567735,660,20.49850396,1,50,4.013087396,50,2.569530778,27.08112214,50,,#N/A,#N/A,#N/A,Lower Tuscaloosa1,,50-AL-2.4-Lower Tuscaloosa1-100
SALINE,139,,Lower Tuscaloosa2,AL,-87.980554,30.736916,,32.7666,-96.7779,535.9583659,620,19.08381848,1,50,4.013087396,50,2.569530778,25.66643665,50,,#N/A,#N/A,#N/A,Lower Tuscaloosa2,,50-AL-2.4-Lower Tuscaloosa2-100
SALINE,140,,Lower Tuscaloosa3,FL,-85.802593,30.513013,,32.7666,-96.7779,664.5059142,760,23.37118163,1,50,4.013087396,50,2.569530778,29.95379981,50,,#N/A,#N/A,#N/A,Lower Tuscaloosa3,,50-FL-2.4-Lower Tuscaloosa3-100
SALINE,141,,Lower Tuscaloosa4,FL,-84.247302,30.432467,,32.7666,-96.7779,755.1807632,870,26.46039279,1,50,4.013087396,50,2.569530778,33.04301097,50,,#N/A,#N/A,#N/A,Lower Tuscaloosa4,,50-FL-2.4-Lower Tuscaloosa4-100
SALINE,142,,Lower Tuscaloosa5,GA,-84.459381,31.008075,,32.7666,-96.7779,733.1969554,840,25.73861448,1,50,4.013087396,50,2.569530778,32.32123266,50,,#N/A,#N/A,#N/A,Lower Tuscaloosa5,,50-GA-2.4-Lower Tuscaloosa5-100
SALINE,143,,Lower Tuscaloosa6,LA,-92.129244,31.796701,,32.7666,-96.7779,279.9765575,320,10.23481642,1,30,2.280819455,30,1.674525676,14.19016155,50,,#N/A,#N/A,#N/A,Lower Tuscaloosa6,,50-LA-2.4-Lower Tuscaloosa6-100
SALINE,144,,Lower Tuscaloosa7,LA,-90.441911,30.770204,,32.7666,-96.7779,397.2822088,460,14.65209966,1,50,4.013087396,50,2.569530778,21.23471784,50,,#N/A,#N/A,#N/A,Lower Tuscaloosa7,,50-LA-2.4-Lower Tuscaloosa7-100
SALINE,145,,Lower Tuscaloosa8,MS,-89.913294,32.332237,,32.7666,-96.7779,401.2998529,460,14.65209966,1,50,4.013087396,50,2.569530778,21.23471784,50,,#N/A,#N/A,#N/A,Lower Tuscaloosa8,,50-MS-2.4-Lower Tuscaloosa8-100
SALINE,146,,Lower Tuscaloosa9,MS,-90.094294,31.364063,,32.7666,-96.7779,403.53062,460,14.65209966,1,50,4.013087396,50,2.569530778,21.23471784,50,,#N/A,#N/A,#N/A,Lower Tuscaloosa9,,50-MS-2.4-Lower Tuscaloosa9-100
SALINE,147,,Lower Tuscaloosa10,MS,-89.078338,30.725223,,32.7666,-96.7779,474.2637406,550,17.33711497,1,50,4.013087396,50,2.569530778,23.91973315,50,,#N/A,#N/A,#N/A,Lower Tuscaloosa10,,50-MS-2.4-Lower Tuscaloosa10-100
SALINE,148,,Lyons1,CO,-104.746924,40.096968,,32.7666,-96.7779,673.0227586,770,23.60215069,1,50,4.013087396,50,2.569530778,30.18476886,50,,#N/A,#N/A,#N/A,Lyons1,,50-CO-2.4-Lyons1-100
SALINE,149,,Lyons2,CO,-103.708007,40.189039,,32.7666,-96.7779,641.5198685,740,22.88037238,1,50,4.013087396,50,2.569530778,29.46299056,50,,#N/A,#N/A,#N/A,Lyons2,,50-CO-2.4-Lyons2-100
SALINE,150,,Lyons3,CO,-104.932373,38.498043,,32.7666,-96.7779,605.6175143,700,21.4656869,1,50,4.013087396,50,2.569530778,28.04830507,50,,#N/A,#N/A,#N/A,Lyons3,,50-CO-2.4-Lyons3-100
SALINE,151,,Madison Gp-Mission Canyon Fm1,ND,-102.248011,47.523975,,32.7666,-96.7779,1060.259195,1220,#N/A,1,50,4.013087396,50,2.569530778,#N/A,50,,#N/A,#N/A,#N/A,Madison Gp-Mission Canyon Fm1,,50-ND-2.4-Madison Gp-Mission Canyon Fm1-100
SALINE,152,,Madison Gp-Mission Canyon Fm2,ND,-103.437718,47.254191,,32.7666,-96.7779,1061.408606,1220,#N/A,1,50,4.013087396,50,2.569530778,#N/A,50,,#N/A,#N/A,#N/A,Madison Gp-Mission Canyon Fm2,,50-ND-2.4-Madison Gp-Mission Canyon Fm2-100
SALINE,153,,Madison Gp-Mission Canyon Fm3,SD,-102.735499,45.334918,,32.7666,-96.7779,925.7059642,1060,#N/A,1,50,4.013087396,50,2.569530778,#N/A,50,,#N/A,#N/A,#N/A,Madison Gp-Mission Canyon Fm3,,50-SD-2.4-Madison Gp-Mission Canyon Fm3-100
SALINE,154,,Madison Gp-Mission Canyon Fm4,MT,-105.802876,47.237959,,32.7666,-96.7779,1107.544833,1270,#N/A,1,50,4.013087396,50,2.569530778,#N/A,50,,#N/A,#N/A,#N/A,Madison Gp-Mission Canyon Fm4,,50-MT-2.4-Madison Gp-Mission Canyon Fm4-100
SALINE,155,,Madison1,WY,-105.661428,43.852303,,32.7666,-96.7779,904.5441851,1040,#N/A,1,50,4.013087396,50,2.569530778,#N/A,50,,#N/A,#N/A,#N/A,Madison1,,50-WY-2.4-Madison1-100
SALINE,156,,Madison2,WY,-108.427627,44.254067,,32.7666,-96.7779,1012.206952,1160,#N/A,1,50,4.013087396,50,2.569530778,#N/A,50,,#N/A,#N/A,#N/A,Madison2,,50-WY-2.4-Madison2-100
SALINE,157,,Madison3,WY,-108.032945,43.062783,,32.7666,-96.7779,938.6793643,1080,#N/A,1,50,4.013087396,50,2.569530778,#N/A,50,,#N/A,#N/A,#N/A,Madison3,,50-WY-2.4-Madison3-100
SALINE,158,,Madison5,WY,-109.005803,41.857385,,32.7666,-96.7779,919.0781443,1060,#N/A,1,50,4.013087396,50,2.569530778,#N/A,50,,#N/A,#N/A,#N/A,Madison5,,50-WY-2.4-Madison5-100
SALINE,159,,Maha01,NE,-102.504843,41.364664,,32.7666,-96.7779,673.1130177,770,23.60215069,1,50,4.013087396,50,2.569530778,30.18476886,50,,#N/A,#N/A,#N/A,Maha01,,50-NE-2.4-Maha01-100
SALINE,160,,Medina01,OH,-81.487049,40.32532,,32.7666,-96.7779,995.5255023,1140,#N/A,1,50,4.013087396,50,2.569530778,#N/A,50,,#N/A,#N/A,#N/A,Medina01,,50-OH-2.4-Medina01-100
SALINE,161,,Medina02,WV,-80.870266,38.580979,,32.7666,-96.7779,978.3832923,1130,#N/A,1,50,4.013087396,50,2.569530778,#N/A,50,,#N/A,#N/A,#N/A,Medina02,,50-WV-2.4-Medina02-100
SALINE,162,,Medina03,MD,-79.200154,39.542546,,32.7666,-96.7779,1085.299655,1250,#N/A,1,50,4.013087396,50,2.569530778,#N/A,50,,#N/A,#N/A,#N/A,Medina03,,50-MD-2.4-Medina03-100
SALINE,163,,Medina04,PA,-78.882952,41.072115,,32.7666,-96.7779,1140.979899,1310,#N/A,1,50,4.013087396,50,2.569530778,#N/A,50,,#N/A,#N/A,#N/A,Medina04,,50-PA-2.4-Medina04-100
SALINE,164,,Medina05,NY,-77.670706,42.304072,,32.7666,-96.7779,1234.002509,1420,#N/A,1,50,4.013087396,50,2.569530778,#N/A,50,,#N/A,#N/A,#N/A,Medina05,,50-NY-2.4-Medina05-100
SALINE,165,,Mesaverde1,CO,-107.789933,37.189233,,32.7666,-96.7779,694.434422,800,24.323929,1,50,4.013087396,50,2.569530778,30.90654717,50,,#N/A,#N/A,#N/A,Mesaverde1,,50-CO-2.4-Mesaverde1-100
SALINE,166,,Mesaverde2,NM,-107.651734,36.36326,,32.7666,-96.7779,666.9694846,770,23.60215069,1,50,4.013087396,50,2.569530778,30.18476886,50,,#N/A,#N/A,#N/A,Mesaverde2,,50-NM-2.4-Mesaverde2-100
SALINE,167,,Mesaverde3,UT,-109.942216,39.846619,,32.7666,-96.7779,880.718948,1010,#N/A,1,50,4.013087396,50,2.569530778,#N/A,50,,#N/A,#N/A,#N/A,Mesaverde3,,50-UT-2.4-Mesaverde3-100
SALINE,168,,Mesaverde4,WY,-109.004687,41.844944,,32.7666,-96.7779,918.4898694,1060,#N/A,1,50,4.013087396,50,2.569530778,#N/A,50,,#N/A,#N/A,#N/A,Mesaverde4,,50-WY-2.4-Mesaverde4-100
SALINE,169,,Mesaverde5,WY,-107.791841,43.057494,,32.7666,-96.7779,929.9450509,1070,#N/A,1,50,4.013087396,50,2.569530778,#N/A,50,,#N/A,#N/A,#N/A,Mesaverde5,,50-WY-2.4-Mesaverde5-100
SALINE,170,,Minnelusa1,WY,-105.723093,43.969281,,32.7666,-96.7779,912.9355807,1050,#N/A,1,50,4.013087396,50,2.569530778,#N/A,50,,#N/A,#N/A,#N/A,Minnelusa1,,50-WY-2.4-Minnelusa1-100
SALINE,171,,Minnelusa2,MT,-106.228001,45.384305,,32.7666,-96.7779,1007.91698,1160,#N/A,1,50,4.013087396,50,2.569530778,#N/A,50,,#N/A,#N/A,#N/A,Minnelusa2,,50-MT-2.4-Minnelusa2-100
SALINE,172,,Mokelumne River1,CA,-121.358152,38.071841,,32.7666,-96.7779,1428.641407,1640,#N/A,1,50,4.013087396,50,2.569530778,#N/A,50,,#N/A,#N/A,#N/A,Mokelumne River1,,50-CA-2.4-Mokelumne River1-100
SALINE,173,,Mokelumne River2,CA,-121.912997,39.433326,,32.7666,-96.7779,1472.803157,1690,#N/A,1,50,4.013087396,50,2.569530778,#N/A,50,,#N/A,#N/A,#N/A,Mokelumne River2,,50-CA-2.4-Mokelumne River2-100
SALINE,174,,Monterey1a,CA,-120.124026,36.688592,,32.7666,-96.7779,1351.073959,1550,#N/A,1,50,4.013087396,50,2.569530778,#N/A,50,,#N/A,#N/A,#N/A,Monterey1a,,50-CA-2.4-Monterey1a-100
SALINE,175,,Monterey1b,CA,-120.123397,36.689265,,32.7666,-96.7779,1351.042984,1550,#N/A,1,50,4.013087396,50,2.569530778,#N/A,50,,#N/A,#N/A,#N/A,Monterey1b,,50-CA-2.4-Monterey1b-100
SALINE,176,,Moreno1(Starkey),CA,-121.914997,39.435899,,32.7666,-96.7779,1472.940369,1690,#N/A,1,50,4.013087396,50,2.569530778,#N/A,50,,#N/A,#N/A,#N/A,Moreno1(Starkey),,50-CA-2.4-Moreno1(Starkey)-100
SALINE,177,,Moreno2,CA,-120.122862,36.687777,,32.7666,-96.7779,1351.005013,1550,#N/A,1,50,4.013087396,50,2.569530778,#N/A,50,,#N/A,#N/A,#N/A,Moreno2,,50-CA-2.4-Moreno2-100
SALINE,178,,Morrison1,CO,-107.79039,37.195552,,32.7666,-96.7779,694.627612,800,24.323929,1,50,4.013087396,50,2.569530778,30.90654717,50,,#N/A,#N/A,#N/A,Morrison1,,50-CO-2.4-Morrison1-100
SALINE,179,,Morrison2,NM,-107.652666,36.368147,,32.7666,-96.7779,667.1272515,770,23.60215069,1,50,4.013087396,50,2.569530778,30.18476886,50,,#N/A,#N/A,#N/A,Morrison2,,50-NM-2.4-Morrison2-100
SALINE,180,,Morrison3,CO,-103.779655,39.885283,,32.7666,-96.7779,627.7970412,720,21.95649615,1,50,4.013087396,50,2.569530778,28.53911432,50,,#N/A,#N/A,#N/A,Morrison3,,50-CO-2.4-Morrison3-100
SALINE,181,,Morrison4,WY,-104.516272,41.672577,,32.7666,-96.7779,748.3818097,860,26.21498817,1,50,4.013087396,50,2.569530778,32.79760634,50,,#N/A,#N/A,#N/A,Morrison4,,50-WY-2.4-Morrison4-100
SALINE,182,,Morrison5,NE,-103.221649,41.666621,,32.7666,-96.7779,710.092953,820,24.81473825,1,50,4.013087396,50,2.569530778,31.39735642,50,,#N/A,#N/A,#N/A,Morrison5,,50-NE-2.4-Morrison5-100
SALINE,183,,Morrison6,WY,-108.335374,41.721884,,32.7666,-96.7779,886.5377734,1020,#N/A,1,50,4.013087396,50,2.569530778,#N/A,50,,#N/A,#N/A,#N/A,Morrison6,,50-WY-2.4-Morrison6-100
SALINE,184,,Morrison7,UT,-110.057661,39.947087,,32.7666,-96.7779,889.4851114,1020,#N/A,1,50,4.013087396,50,2.569530778,#N/A,50,,#N/A,#N/A,#N/A,Morrison7,,50-UT-2.4-Morrison7-100
SALINE,185,,Morrison8,CO,-107.684203,40.148758,,32.7666,-96.7779,791.9299291,910,27.41314016,1,50,4.013087396,50,2.569530778,33.99575833,50,,#N/A,#N/A,#N/A,Morrison8,,50-CO-2.4-Morrison8-100
SALINE,186,,Morrow1,OK,-99.272488,36.469471,,32.7666,-96.7779,292.8287408,340,10.7544968,1,30,2.280819455,30,1.674525676,14.70984193,50,,#N/A,#N/A,#N/A,Morrow1,,50-OK-2.4-Morrow1-100
SALINE,187,,Mount Simon1,IL,-88.443941,38.321953,,32.7666,-96.7779,605.8868492,700,21.4656869,1,50,4.013087396,50,2.569530778,28.04830507,50,,#N/A,#N/A,#N/A,Mount Simon1,,50-IL-2.4-Mount Simon1-100
SALINE,188,,Mount Simon2,IL,-88.594741,39.041157,,32.7666,-96.7779,630.8042735,730,22.20190077,1,50,4.013087396,50,2.569530778,28.78451895,50,,#N/A,#N/A,#N/A,Mount Simon2,,50-IL-2.4-Mount Simon2-100
SALINE,189,,Mount Simon3,IL,-89.238991,39.919913,,32.7666,-96.7779,648.5067071,750,23.11134144,1,50,4.013087396,50,2.569530778,29.69395961,50,,#N/A,#N/A,#N/A,Mount Simon3,,50-IL-2.4-Mount Simon3-100
SALINE,190,,Mount Simon4,IN,-87.518881,38.174101,,32.7666,-96.7779,641.2909456,740,22.88037238,1,50,4.013087396,50,2.569530778,29.46299056,50,,#N/A,#N/A,#N/A,Mount Simon4,,50-IN-2.4-Mount Simon4-100
SALINE,191,,Mount Simon5,IN,-86.946409,38.747523,,32.7666,-96.7779,689.0112025,790,24.09295994,1,50,4.013087396,50,2.569530778,30.67557811,50,,#N/A,#N/A,#N/A,Mount Simon5,,50-IN-2.4-Mount Simon5-100
SALINE,192,,Mount Simon6,IN,-86.053129,40.205727,,32.7666,-96.7779,786.6553207,900,27.1821711,1,50,4.013087396,50,2.569530778,33.76478927,50,,#N/A,#N/A,#N/A,Mount Simon6,,50-IN-2.4-Mount Simon6-100
SALINE,193,,Mount Simon7,MI,-85.777388,42.285556,,32.7666,-96.7779,891.600948,1030,#N/A,1,50,4.013087396,50,2.569530778,#N/A,50,,#N/A,#N/A,#N/A,Mount Simon7,,50-MI-2.4-Mount Simon7-100
SALINE,194,,Mount Simon8,MI,-83.66684,42.225355,,32.7666,-96.7779,970.4053356,1120,#N/A,1,50,4.013087396,50,2.569530778,#N/A,50,,#N/A,#N/A,#N/A,Mount Simon8,,50-MI-2.4-Mount Simon8-100
SALINE,195,,Mount Simon9,MI,-84.57742,43.875775,,32.7666,-96.7779,1012.049415,1160,#N/A,1,50,4.013087396,50,2.569530778,#N/A,50,,#N/A,#N/A,#N/A,Mount Simon9,,50-MI-2.4-Mount Simon9-100
SALINE,196,,Mount Simon10,OH,-83.760229,40.092839,,32.7666,-96.7779,882.603582,1010,#N/A,1,50,4.013087396,50,2.569530778,#N/A,50,,#N/A,#N/A,#N/A,Mount Simon10,,50-OH-2.4-Mount Simon10-100
SALINE,197,,Mount Simon11,KY,-84.596499,38.291331,,32.7666,-96.7779,784.0447387,900,27.1821711,1,50,4.013087396,50,2.569530778,33.76478927,50,,#N/A,#N/A,#N/A,Mount Simon11,,50-KY-2.4-Mount Simon11-100
SALINE,198,,Muddy1,WY,-108.550954,44.316664,,32.7666,-96.7779,1019.519869,1170,#N/A,1,50,4.013087396,50,2.569530778,#N/A,50,,#N/A,#N/A,#N/A,Muddy1,,50-WY-2.4-Muddy1-100
SALINE,199,,Muddy2,WY,-108.409006,44.294862,,32.7666,-96.7779,1013.680043,1170,#N/A,1,50,4.013087396,50,2.569530778,#N/A,50,,#N/A,#N/A,#N/A,Muddy2,,50-WY-2.4-Muddy2-100
SALINE,200,,Muddy3,MT,-109.117305,45.152116,,32.7666,-96.7779,1081.050108,1240,#N/A,1,50,4.013087396,50,2.569530778,#N/A,50,,#N/A,#N/A,#N/A,Muddy3,,50-MT-2.4-Muddy3-100
SALINE,201,,Muddy4,MT,-106.220976,45.399568,,32.7666,-96.7779,1008.612698,1160,#N/A,1,50,4.013087396,50,2.569530778,#N/A,50,,#N/A,#N/A,#N/A,Muddy4,,50-MT-2.4-Muddy4-100
SALINE,202,,Muddy5,CO,-107.939045,40.611594,,32.7666,-96.7779,821.998437,950,28.81339008,1,50,4.013087396,50,2.569530778,35.39600825,50,,#N/A,#N/A,#N/A,Muddy5,,50-CO-2.4-Muddy5-100
SALINE,203,,Muddy6,WY,-108.488886,41.830741,,32.7666,-96.7779,897.4498833,1030,#N/A,1,50,4.013087396,50,2.569530778,#N/A,50,,#N/A,#N/A,#N/A,Muddy6,,50-WY-2.4-Muddy6-100
SALINE,204,,Muddy7,WY,-105.661316,43.864678,,32.7666,-96.7779,905.2420911,1040,#N/A,1,50,4.013087396,50,2.569530778,#N/A,50,,#N/A,#N/A,#N/A,Muddy7,,50-WY-2.4-Muddy7-100
SALINE,205,,Muddy8,WY,-108.068245,43.052502,,32.7666,-96.7779,939.4210132,1080,#N/A,1,50,4.013087396,50,2.569530778,#N/A,50,,#N/A,#N/A,#N/A,Muddy8,,50-WY-2.4-Muddy8-100
SALINE,206,,Navajo01,UT,-110.767979,38.962825,,32.7666,-96.7779,892.2501289,1030,#N/A,1,50,4.013087396,50,2.569530778,#N/A,50,,#N/A,#N/A,#N/A,Navajo01,,50-UT-2.4-Navajo01-100
SALINE,207,,Niagaran01,MI,-84.548851,43.876485,,32.7666,-96.7779,1013.087086,1170,#N/A,1,50,4.013087396,50,2.569530778,#N/A,50,,#N/A,#N/A,#N/A,Niagaran01,,50-MI-2.4-Niagaran01-100
SALINE,208,,Nugget1,CO,-107.939045,40.611594,,32.7666,-96.7779,821.998437,950,28.81339008,1,50,4.013087396,50,2.569530778,35.39600825,50,,#N/A,#N/A,#N/A,Nugget1,,50-CO-2.4-Nugget1-100
SALINE,209,,Nugget2,WY,-108.488886,41.830741,,32.7666,-96.7779,897.4498833,1030,#N/A,1,50,4.013087396,50,2.569530778,#N/A,50,,#N/A,#N/A,#N/A,Nugget2,,50-WY-2.4-Nugget2-100
SALINE,210,,Nugget3,WY,-110.774115,42.004354,,32.7666,-96.7779,997.6984361,1150,#N/A,1,50,4.013087396,50,2.569530778,#N/A,50,,#N/A,#N/A,#N/A,Nugget3,,50-WY-2.4-Nugget3-100
SALINE,211,,Nugget4,WY,-108.273065,43.067759,,32.7666,-96.7779,947.4614258,1090,#N/A,1,50,4.013087396,50,2.569530778,#N/A,50,,#N/A,#N/A,#N/A,Nugget4,,50-WY-2.4-Nugget4-100
SALINE,212,,Oriskany1,MD,-79.197851,39.539686,,32.7666,-96.7779,1085.347013,1250,#N/A,1,50,4.013087396,50,2.569530778,#N/A,50,,#N/A,#N/A,#N/A,Oriskany1,,50-MD-2.4-Oriskany1-100
SALINE,213,,Oriskany2,OH,-81.432463,40.061158,,32.7666,-96.7779,990.0035089,1140,#N/A,1,50,4.013087396,50,2.569530778,#N/A,50,,#N/A,#N/A,#N/A,Oriskany2,,50-OH-2.4-Oriskany2-100
SALINE,214,,Oriskany3,OH,-80.855459,40.478602,,32.7666,-96.7779,1030.029472,1180,#N/A,1,50,4.013087396,50,2.569530778,#N/A,50,,#N/A,#N/A,#N/A,Oriskany3,,50-OH-2.4-Oriskany3-100
SALINE,215,,Oriskany4,PA,-77.929209,40.91741,,32.7666,-96.7779,1182.393475,1360,#N/A,1,50,4.013087396,50,2.569530778,#N/A,50,,#N/A,#N/A,#N/A,Oriskany4,,50-PA-2.4-Oriskany4-100
SALINE,216,,Oriskany5,PA,-78.99886,41.504503,,32.7666,-96.7779,1148.29187,1320,#N/A,1,50,4.013087396,50,2.569530778,#N/A,50,,#N/A,#N/A,#N/A,Oriskany5,,50-PA-2.4-Oriskany5-100
SALINE,217,,Oriskany6,WV,-80.508034,38.611997,,32.7666,-96.7779,997.5840698,1150,#N/A,1,50,4.013087396,50,2.569530778,#N/A,50,,#N/A,#N/A,#N/A,Oriskany6,,50-WV-2.4-Oriskany6-100
SALINE,218,,Oriskany7,WV,-81.798152,38.455235,,32.7666,-96.7779,928.2145644,1070,#N/A,1,50,4.013087396,50,2.569530778,#N/A,50,,#N/A,#N/A,#N/A,Oriskany7,,50-WV-2.4-Oriskany7-100
SALINE,219,,Paluxy1,TX,-95.422424,32.490719,,32.7666,-96.7779,81.23448131,90,2.800499837,1,10,0.837262838,10,0.620729345,4.258492021,50,,#N/A,#N/A,#N/A,Paluxy1,,50-TX-2.4-Paluxy1-100
SALINE,220,,Paluxy2,TX,-95.420633,32.267313,,32.7666,-96.7779,86.36916163,100,3.493407013,1,10,0.837262838,10,0.620729345,4.951399197,50,,#N/A,#N/A,#N/A,Paluxy2,,50-TX-2.4-Paluxy2-100
SALINE,221,,Paluxy3,TX,-95.242972,32.316896,,32.7666,-96.7779,94.75269424,110,3.796553903,1,10,0.837262838,10,0.620729345,5.254546086,50,,#N/A,#N/A,#N/A,Paluxy3,,50-TX-2.4-Paluxy3-100
SALINE,222,,Paluxy4,AL,-87.321291,31.485687,,32.7666,-96.7779,560.7981966,640,19.57462773,1,50,4.013087396,50,2.569530778,26.1572459,50,,#N/A,#N/A,#N/A,Paluxy4,,50-AL-2.4-Paluxy4-100
SALINE,223,,Paluxy5,FL,-85.850991,30.522298,,32.7666,-96.7779,661.5579625,760,23.37118163,1,50,4.013087396,50,2.569530778,29.95379981,50,,#N/A,#N/A,#N/A,Paluxy5,,50-FL-2.4-Paluxy5-100
SALINE,224,,Paluxy6,MS,-89.648985,31.766773,,32.7666,-96.7779,422.5691974,490,15.41718467,1,50,4.013087396,50,2.569530778,21.99980284,50,,#N/A,#N/A,#N/A,Paluxy6,,50-MS-2.4-Paluxy6-100
SALINE,225,,Panoche1a,CA,-120.12411,36.688649,,32.7666,-96.7779,1351.078924,1550,#N/A,1,50,4.013087396,50,2.569530778,#N/A,50,,#N/A,#N/A,#N/A,Panoche1a,,50-CA-2.4-Panoche1a-100
SALINE,226,,Panoche1b,CA,-120.123373,36.68916,,32.7666,-96.7779,1351.041064,1550,#N/A,1,50,4.013087396,50,2.569530778,#N/A,50,,#N/A,#N/A,#N/A,Panoche1b,,50-CA-2.4-Panoche1b-100
SALINE,227,,Paradox1,UT,-109.784291,38.164558,,32.7666,-96.7779,821.3012783,940,28.56798545,1,50,4.013087396,50,2.569530778,35.15060363,50,,#N/A,#N/A,#N/A,Paradox1,,50-UT-2.4-Paradox1-100
SALINE,228,,Potsdam1,PA,-79.37743,41.538398,,32.7666,-96.7779,1131.773749,1300,#N/A,1,50,4.013087396,50,2.569530778,#N/A,50,,#N/A,#N/A,#N/A,Potsdam1,,50-PA-2.4-Potsdam1-100
SALINE,229,,Queen1,TX,-102.452467,31.794064,,32.7666,-96.7779,338.55049,390,12.45789361,1,40,2.973726631,40,2.136463793,17.56808403,50,,#N/A,#N/A,#N/A,Queen1,,50-TX-2.4-Queen1-100
SALINE,230,,Queen2,NM,-103.618913,32.964927,,32.7666,-96.7779,397.6243731,460,14.65209966,1,50,4.013087396,50,2.569530778,21.23471784,50,,#N/A,#N/A,#N/A,Queen2,,50-NM-2.4-Queen2-100
SALINE,231,,Reagan01,CO,-102.494834,37.568758,,32.7666,-96.7779,463.3057892,530,16.41323874,1,50,4.013087396,50,2.569530778,22.99585691,50,,#N/A,#N/A,#N/A,Reagan01,,50-CO-2.4-Reagan01-100
SALINE,232,,Reagan02,NE,-100.773843,40.443608,,32.7666,-96.7779,575.3378548,660,20.49850396,1,50,4.013087396,50,2.569530778,27.08112214,50,,#N/A,#N/A,#N/A,Reagan02,,50-NE-2.4-Reagan02-100
SALINE,233,,Reagan03,KS,-99.818561,39.078589,,32.7666,-96.7779,468.565361,540,16.65864336,1,50,4.013087396,50,2.569530778,23.24126154,50,,#N/A,#N/A,#N/A,Reagan03,,50-KS-2.4-Reagan03-100
SALINE,234,,Reagan04,KS,-100.296748,37.895391,,32.7666,-96.7779,406.4669927,470,14.91193985,1,50,4.013087396,50,2.569530778,21.49455803,50,,#N/A,#N/A,#N/A,Reagan04,,50-KS-2.4-Reagan04-100
SALINE,235,,Reagan05,OK,-99.004941,36.103341,,32.7666,-96.7779,263.4402384,300,9.715136033,1,30,2.280819455,30,1.674525676,13.67048116,50,,#N/A,#N/A,#N/A,Reagan05,,50-OK-2.4-Reagan05-100
SALINE,236,,Reagan06,TX,-100.997608,35.998986,,32.7666,-96.7779,328.5869976,380,12.19805341,1,40,2.973726631,40,2.136463793,17.30824384,50,,#N/A,#N/A,#N/A,Reagan06,,50-TX-2.4-Reagan06-100
SALINE,237,,Red River1,ND,-101.13609,47.614641,,32.7666,-96.7779,1052.095012,1210,#N/A,1,50,4.013087396,50,2.569530778,#N/A,50,,#N/A,#N/A,#N/A,Red River1,,50-ND-2.4-Red River1-100
SALINE,238,,Red River2,MT,-105.128084,47.582421,,32.7666,-96.7779,1114.203329,1280,#N/A,1,50,4.013087396,50,2.569530778,#N/A,50,,#N/A,#N/A,#N/A,Red River2,,50-MT-2.4-Red River2-100
SALINE,239,,Repetto Sst1,CA,-118.142696,33.888938,,32.7666,-96.7779,1234.989044,1420,#N/A,1,50,4.013087396,50,2.569530778,#N/A,50,,#N/A,#N/A,#N/A,Repetto Sst1,,50-CA-2.4-Repetto Sst1-100
SALINE,240,,Repetto Sst2a,CA,-118.142696,33.888938,,32.7666,-96.7779,1234.989044,1420,#N/A,1,50,4.013087396,50,2.569530778,#N/A,50,,#N/A,#N/A,#N/A,Repetto Sst2a,,50-CA-2.4-Repetto Sst2a-100
SALINE,241,,Repetto Sst2b,CA,-118.142696,33.888938,,32.7666,-96.7779,1234.989044,1420,#N/A,1,50,4.013087396,50,2.569530778,#N/A,50,,#N/A,#N/A,#N/A,Repetto Sst2b,,50-CA-2.4-Repetto Sst2b-100
SALINE,242,,Repetto Sst2c,CA,-118.142696,33.888938,,32.7666,-96.7779,1234.989044,1420,#N/A,1,50,4.013087396,50,2.569530778,#N/A,50,,#N/A,#N/A,#N/A,Repetto Sst2c,,50-CA-2.4-Repetto Sst2c-100
SALINE,243,,Repetto Sst3a,CA,-118.142696,33.888938,,32.7666,-96.7779,1234.989044,1420,#N/A,1,50,4.013087396,50,2.569530778,#N/A,50,,#N/A,#N/A,#N/A,Repetto Sst3a,,50-CA-2.4-Repetto Sst3a-100
SALINE,244,,Repetto Sst3b,CA,-118.142696,33.888938,,32.7666,-96.7779,1234.989044,1420,#N/A,1,50,4.013087396,50,2.569530778,#N/A,50,,#N/A,#N/A,#N/A,Repetto Sst3b,,50-CA-2.4-Repetto Sst3b-100
SALINE,245,,Repetto Sst3c,CA,-118.142696,33.888938,,32.7666,-96.7779,1234.989044,1420,#N/A,1,50,4.013087396,50,2.569530778,#N/A,50,,#N/A,#N/A,#N/A,Repetto Sst3c,,50-CA-2.4-Repetto Sst3c-100
SALINE,246,,Repetto Sst3d,CA,-118.142696,33.888938,,32.7666,-96.7779,1234.989044,1420,#N/A,1,50,4.013087396,50,2.569530778,#N/A,50,,#N/A,#N/A,#N/A,Repetto Sst3d,,50-CA-2.4-Repetto Sst3d-100
SALINE,247,,Rome Trough Sst1,KY,-83.541567,37.313802,,32.7666,-96.7779,811.9709629,930,28.32258083,1,50,4.013087396,50,2.569530778,34.905199,50,,#N/A,#N/A,#N/A,Rome Trough Sst1,,50-KY-2.4-Rome Trough Sst1-100
SALINE,248,,Rome Trough Sst2,WV,-81.794997,38.546028,,32.7666,-96.7779,930.5937413,1070,#N/A,1,50,4.013087396,50,2.569530778,#N/A,50,,#N/A,#N/A,#N/A,Rome Trough Sst2,,50-WV-2.4-Rome Trough Sst2-100
SALINE,249,,Rose Run1,KY,-83.460799,37.418126,,32.7666,-96.7779,818.5199191,940,28.56798545,1,50,4.013087396,50,2.569530778,35.15060363,50,,#N/A,#N/A,#N/A,Rose Run1,,50-KY-2.4-Rose Run1-100
SALINE,250,,Rose Run2,OH,-81.731723,40.036197,,32.7666,-96.7779,975.0113013,1120,#N/A,1,50,4.013087396,50,2.569530778,#N/A,50,,#N/A,#N/A,#N/A,Rose Run2,,50-OH-2.4-Rose Run2-100
SALINE,251,,Rose Run3,PA,-78.868883,40.92619,,32.7666,-96.7779,1137.502512,1310,#N/A,1,50,4.013087396,50,2.569530778,#N/A,50,,#N/A,#N/A,#N/A,Rose Run3,,50-PA-2.4-Rose Run3-100
SALINE,252,,Rose Run4,PA,-79.692934,41.461703,,32.7666,-96.7779,1114.800251,1280,#N/A,1,50,4.013087396,50,2.569530778,#N/A,50,,#N/A,#N/A,#N/A,Rose Run4,,50-PA-2.4-Rose Run4-100
SALINE,253,,Rose Run5,WV,-81.534913,38.750221,,32.7666,-96.7779,948.7771379,1090,#N/A,1,50,4.013087396,50,2.569530778,#N/A,50,,#N/A,#N/A,#N/A,Rose Run5,,50-WV-2.4-Rose Run5-100
SALINE,254,,Rose Run6,NY,-77.366171,42.673771,,32.7666,-96.7779,1259.25815,1450,#N/A,1,50,4.013087396,50,2.569530778,#N/A,50,,#N/A,#N/A,#N/A,Rose Run6,,50-NY-2.4-Rose Run6-100
SALINE,255,,San Andres1,TX,-102.452467,31.794064,,32.7666,-96.7779,338.55049,390,12.45789361,1,40,2.973726631,40,2.136463793,17.56808403,50,,#N/A,#N/A,#N/A,San Andres1,,50-TX-2.4-San Andres1-100
SALINE,256,,San Andres2,NM,-103.618913,32.964927,,32.7666,-96.7779,397.6243731,460,14.65209966,1,50,4.013087396,50,2.569530778,21.23471784,50,,#N/A,#N/A,#N/A,San Andres2,,50-NM-2.4-San Andres2-100
SALINE,257,,Seven Rivers1,TX,-102.452467,31.794064,,32.7666,-96.7779,338.55049,390,12.45789361,1,40,2.973726631,40,2.136463793,17.56808403,50,,#N/A,#N/A,#N/A,Seven Rivers1,,50-TX-2.4-Seven Rivers1-100
SALINE,258,,Seven Rivers2,NM,-103.618913,32.964927,,32.7666,-96.7779,397.6243731,460,14.65209966,1,50,4.013087396,50,2.569530778,21.23471784,50,,#N/A,#N/A,#N/A,Seven Rivers2,,50-NM-2.4-Seven Rivers2-100
SALINE,259,,Simpson01,KS,-99.878463,37.599931,,32.7666,-96.7779,377.4249216,430,13.4828188,1,40,2.973726631,40,2.136463793,18.59300923,50,,#N/A,#N/A,#N/A,Simpson01,,50-KS-2.4-Simpson01-100
SALINE,260,,Simpson02,OK,-99.012367,36.120517,,32.7666,-96.7779,264.6788319,300,9.715136033,1,30,2.280819455,30,1.674525676,13.67048116,50,,#N/A,#N/A,#N/A,Simpson02,,50-OK-2.4-Simpson02-100
SALINE,261,,Simpson03,TX,-100.978564,35.990167,,32.7666,-96.7779,327.385387,380,12.19805341,1,40,2.973726631,40,2.136463793,17.30824384,50,,#N/A,#N/A,#N/A,Simpson03,,50-TX-2.4-Simpson03-100
SALINE,262,,Simpson04,CO,-102.380417,37.084567,,32.7666,-96.7779,435.9094129,500,15.6625893,1,50,4.013087396,50,2.569530778,22.24520747,50,,#N/A,#N/A,#N/A,Simpson04,,50-CO-2.4-Simpson04-100
SALINE,263,,St.Peter1,IL,-88.808935,38.884721,,32.7666,-96.7779,615.010889,710,21.72552709,1,50,4.013087396,50,2.569530778,28.30814526,50,,#N/A,#N/A,#N/A,St.Peter1,,50-IL-2.4-St.Peter1-100
SALINE,264,,St.Peter2,IL,-88.498717,38.153149,,32.7666,-96.7779,596.5499061,690,21.22028227,1,50,4.013087396,50,2.569530778,27.80290045,50,,#N/A,#N/A,#N/A,St.Peter2,,50-IL-2.4-St.Peter2-100
SALINE,265,,St.Peter3,IN,-87.114343,38.699345,,32.7666,-96.7779,679.6362786,780,23.84755531,1,50,4.013087396,50,2.569530778,30.43017349,50,,#N/A,#N/A,#N/A,St.Peter3,,50-IN-2.4-St.Peter3-100
SALINE,266,,St.Peter4,IN,-87.638568,38.085161,,32.7666,-96.7779,632.483061,730,22.20190077,1,50,4.013087396,50,2.569530778,28.78451895,50,,#N/A,#N/A,#N/A,St.Peter4,,50-IN-2.4-St.Peter4-100
SALINE,267,,St.Peter5,KY,-87.295219,37.482424,,32.7666,-96.7779,627.3691478,720,21.95649615,1,50,4.013087396,50,2.569530778,28.53911432,50,,#N/A,#N/A,#N/A,St.Peter5,,50-KY-2.4-St.Peter5-100
SALINE,268,,St.Peter6,KY,-87.624044,37.541511,,32.7666,-96.7779,613.6061617,710,21.72552709,1,50,4.013087396,50,2.569530778,28.30814526,50,,#N/A,#N/A,#N/A,St.Peter6,,50-KY-2.4-St.Peter6-100
SALINE,269,,St.Peter7,MI,-84.296037,45.372119,,32.7666,-96.7779,1097.020872,1260,#N/A,1,50,4.013087396,50,2.569530778,#N/A,50,,#N/A,#N/A,#N/A,St.Peter7,,50-MI-2.4-St.Peter7-100
SALINE,270,,St.Peter8,MI,-85.062088,42.443894,,32.7666,-96.7779,925.7382599,1060,#N/A,1,50,4.013087396,50,2.569530778,#N/A,50,,#N/A,#N/A,#N/A,St.Peter8,,50-MI-2.4-St.Peter8-100
SALINE,271,,St.Peter9,MI,-84.44558,43.707425,,32.7666,-96.7779,1008.495518,1160,#N/A,1,50,4.013087396,50,2.569530778,#N/A,50,,#N/A,#N/A,#N/A,St.Peter9,,50-MI-2.4-St.Peter9-100
SALINE,272,,St.Peter10,MI,-84.423265,44.035145,,32.7666,-96.7779,1025.284331,1180,#N/A,1,50,4.013087396,50,2.569530778,#N/A,50,,#N/A,#N/A,#N/A,St.Peter10,,50-MI-2.4-St.Peter10-100
SALINE,273,,Starkey1,CA,-121.358152,38.071841,,32.7666,-96.7779,1428.641407,1640,#N/A,1,50,4.013087396,50,2.569530778,#N/A,50,,#N/A,#N/A,#N/A,Starkey1,,50-CA-2.4-Starkey1-100
SALINE,274,,Stevens1,CA,-119.319149,35.410859,,32.7666,-96.7779,1301.275127,1500,#N/A,1,50,4.013087396,50,2.569530778,#N/A,50,,#N/A,#N/A,#N/A,Stevens1,,50-CA-2.4-Stevens1-100
SALINE,275,,Strawn1,TX,-102.452467,31.794064,,32.7666,-96.7779,338.55049,390,12.45789361,1,40,2.973726631,40,2.136463793,17.56808403,50,,#N/A,#N/A,#N/A,Strawn1,,50-TX-2.4-Strawn1-100
SALINE,276,,Strawn2,NM,-103.618913,32.964927,,32.7666,-96.7779,397.6243731,460,14.65209966,1,50,4.013087396,50,2.569530778,21.23471784,50,,#N/A,#N/A,#N/A,Strawn2,,50-NM-2.4-Strawn2-100
SALINE,277,,Sundance1,MT,-106.078871,45.431621,,32.7666,-96.7779,1006.7161,1160,#N/A,1,50,4.013087396,50,2.569530778,#N/A,50,,#N/A,#N/A,#N/A,Sundance1,,50-MT-2.4-Sundance1-100
SALINE,278,,Sundance2,WY,-105.60585,43.864477,,32.7666,-96.7779,903.6479445,1040,#N/A,1,50,4.013087396,50,2.569530778,#N/A,50,,#N/A,#N/A,#N/A,Sundance2,,50-WY-2.4-Sundance2-100
SALINE,279,,Sunniland1,FL,-81.137761,26.15994,,32.7666,-96.7779,1045.363224,1200,#N/A,1,50,4.013087396,50,2.569530778,#N/A,50,,#N/A,#N/A,#N/A,Sunniland1,,50-FL-2.4-Sunniland1-100
SALINE,280,,Sylvania1,MI,-84.696178,43.913044,,32.7666,-96.7779,1009.738882,1160,#N/A,1,50,4.013087396,50,2.569530778,#N/A,50,,#N/A,#N/A,#N/A,Sylvania1,,50-MI-2.4-Sylvania1-100
SALINE,281,,Temblor1a,CA,-119.319142,35.410859,,32.7666,-96.7779,1301.274732,1500,#N/A,1,50,4.013087396,50,2.569530778,#N/A,50,,#N/A,#N/A,#N/A,Temblor1a,,50-CA-2.4-Temblor1a-100
SALINE,282,,Temblor1b,CA,-119.319142,35.410859,,32.7666,-96.7779,1301.274732,1500,#N/A,1,50,4.013087396,50,2.569530778,#N/A,50,,#N/A,#N/A,#N/A,Temblor1b,,50-CA-2.4-Temblor1b-100
SALINE,283,,Temblor2a,CA,-120.12411,36.688649,,32.7666,-96.7779,1351.078924,1550,#N/A,1,50,4.013087396,50,2.569530778,#N/A,50,,#N/A,#N/A,#N/A,Temblor2a,,50-CA-2.4-Temblor2a-100
SALINE,284,,Temblor2b,CA,-120.12411,36.688649,,32.7666,-96.7779,1351.078924,1550,#N/A,1,50,4.013087396,50,2.569530778,#N/A,50,,#N/A,#N/A,#N/A,Temblor2b,,50-CA-2.4-Temblor2b-100
SALINE,285,,Temblor3a,CA,-120.124026,36.688592,,32.7666,-96.7779,1351.073959,1550,#N/A,1,50,4.013087396,50,2.569530778,#N/A,50,,#N/A,#N/A,#N/A,Temblor3a,,50-CA-2.4-Temblor3a-100
SALINE,286,,Temblor3b,CA,-120.124026,36.688592,,32.7666,-96.7779,1351.073959,1550,#N/A,1,50,4.013087396,50,2.569530778,#N/A,50,,#N/A,#N/A,#N/A,Temblor3b,,50-CA-2.4-Temblor3b-100
SALINE,287,,Temblor3c,CA,-120.124026,36.688592,,32.7666,-96.7779,1351.073959,1550,#N/A,1,50,4.013087396,50,2.569530778,#N/A,50,,#N/A,#N/A,#N/A,Temblor3c,,50-CA-2.4-Temblor3c-100
SALINE,288,,Tensleep1,WY,-108.487012,44.230322,,32.7666,-96.7779,1012.975003,1160,#N/A,1,50,4.013087396,50,2.569530778,#N/A,50,,#N/A,#N/A,#N/A,Tensleep1,,50-WY-2.4-Tensleep1-100
SALINE,289,,Tensleep2,WY,-108.5924,44.403095,,32.7666,-96.7779,1025.319009,1180,#N/A,1,50,4.013087396,50,2.569530778,#N/A,50,,#N/A,#N/A,#N/A,Tensleep2,,50-WY-2.4-Tensleep2-100
SALINE,290,,Tensleep3,MT,-109.180956,45.177169,,32.7666,-96.7779,1084.412871,1250,#N/A,1,50,4.013087396,50,2.569530778,#N/A,50,,#N/A,#N/A,#N/A,Tensleep3,,50-MT-2.4-Tensleep3-100
SALINE,291,,Tensleep4,WY,-110.592718,41.988206,,32.7666,-96.7779,989.4546739,1140,#N/A,1,50,4.013087396,50,2.569530778,#N/A,50,,#N/A,#N/A,#N/A,Tensleep4,,50-WY-2.4-Tensleep4-100
SALINE,292,,Tensleep5,UT,-111.185568,41.139183,,32.7666,-96.7779,982.5415253,1130,#N/A,1,50,4.013087396,50,2.569530778,#N/A,50,,#N/A,#N/A,#N/A,Tensleep5,,50-UT-2.4-Tensleep5-100
SALINE,293,,Tensleep 6,WY,-108.082819,43.059416,,32.7666,-96.7779,940.2784876,1080,#N/A,1,50,4.013087396,50,2.569530778,#N/A,50,,#N/A,#N/A,#N/A,Tensleep 6,,50-WY-2.4-Tensleep 6-100
SALINE,294,,Viola01,CO,-102.35125,37.697923,,32.7666,-96.7779,464.0352706,530,16.41323874,1,50,4.013087396,50,2.569530778,22.99585691,50,,#N/A,#N/A,#N/A,Viola01,,50-CO-2.4-Viola01-100
SALINE,295,,Viola02,KS,-100.369175,37.860986,,32.7666,-96.7779,406.4329738,470,14.91193985,1,50,4.013087396,50,2.569530778,21.49455803,50,,#N/A,#N/A,#N/A,Viola02,,50-KS-2.4-Viola02-100
SALINE,296,,Viola03,OK,-99.07061,36.074148,,32.7666,-96.7779,263.5226111,300,9.715136033,1,30,2.280819455,30,1.674525676,13.67048116,50,,#N/A,#N/A,#N/A,Viola03,,50-OK-2.4-Viola03-100
SALINE,297,,Viola04,TX,-100.929434,35.997845,,32.7666,-96.7779,325.6944644,370,11.95264879,1,40,2.973726631,40,2.136463793,17.06283921,50,,#N/A,#N/A,#N/A,Viola04,,50-TX-2.4-Viola04-100
SALINE,298,,Wasatch1,UT,-109.786108,40.019588,,32.7666,-96.7779,879.5769566,1010,#N/A,1,50,4.013087396,50,2.569530778,#N/A,50,,#N/A,#N/A,#N/A,Wasatch1,,50-UT-2.4-Wasatch1-100
SALINE,299,,Washita-Fredericksburg1,AL,-87.453907,31.394198,,32.7666,-96.7779,554.4515193,640,19.57462773,1,50,4.013087396,50,2.569530778,26.1572459,50,,#N/A,#N/A,#N/A,Washita-Fredericksburg1,,50-AL-2.4-Washita-Fredericksburg1-100
SALINE,300,,Washita-Fredericksburg2,FL,-85.779607,30.511104,,32.7666,-96.7779,665.8572461,770,23.60215069,1,50,4.013087396,50,2.569530778,30.18476886,50,,#N/A,#N/A,#N/A,Washita-Fredericksburg2,,50-FL-2.4-Washita-Fredericksburg2-100
SALINE,301,,Washita-Fredericksburg3,MS,-89.680548,31.735258,,32.7666,-96.7779,421.1833254,480,15.15734448,1,50,4.013087396,50,2.569530778,21.73996265,50,,#N/A,#N/A,#N/A,Washita-Fredericksburg3,,50-MS-2.4-Washita-Fredericksburg3-100
SALINE,302,,Waste Gate1,MD,-75.511496,38.237383,,32.7666,-96.7779,1252.574741,1440,#N/A,1,50,4.013087396,50,2.569530778,#N/A,50,,#N/A,#N/A,#N/A,Waste Gate1,,50-MD-2.4-Waste Gate1-100
SALINE,303,,Weber1,CO,-107.589686,39.133874,,32.7666,-96.7779,747.7611693,860,26.21498817,1,50,4.013087396,50,2.569530778,32.79760634,50,,#N/A,#N/A,#N/A,Weber1,,50-CO-2.4-Weber1-100
SALINE,304,,Weber2,CO,-108.372587,39.794882,,32.7666,-96.7779,807.7477413,930,28.32258083,1,50,4.013087396,50,2.569530778,34.905199,50,,#N/A,#N/A,#N/A,Weber2,,50-CO-2.4-Weber2-100
SALINE,305,,Weber3,CO,-107.81779,40.608238,,32.7666,-96.7779,816.8343107,940,28.56798545,1,50,4.013087396,50,2.569530778,35.15060363,50,,#N/A,#N/A,#N/A,Weber3,,50-CO-2.4-Weber3-100
SALINE,306,,Weber4,WY,-106.627097,41.600899,,32.7666,-96.7779,816.1797413,940,28.56798545,1,50,4.013087396,50,2.569530778,35.15060363,50,,#N/A,#N/A,#N/A,Weber4,,50-WY-2.4-Weber4-100
SALINE,307,,WhiteRim01,UT,-110.775813,38.96364,,32.7666,-96.7779,892.65712,1030,#N/A,1,50,4.013087396,50,2.569530778,#N/A,50,,#N/A,#N/A,#N/A,WhiteRim01,,50-UT-2.4-WhiteRim01-100
SALINE,308,,Winters1a,CA,-121.358152,38.071841,,32.7666,-96.7779,1428.641407,1640,#N/A,1,50,4.013087396,50,2.569530778,#N/A,50,,#N/A,#N/A,#N/A,Winters1a,,50-CA-2.4-Winters1a-100
SALINE,309,,Winters1b,CA,-121.358152,38.071841,,32.7666,-96.7779,1428.641407,1640,#N/A,1,50,4.013087396,50,2.569530778,#N/A,50,,#N/A,#N/A,#N/A,Winters1b,,50-CA-2.4-Winters1b-100
SALINE,310,,Winters1c,CA,-121.358152,38.071841,,32.7666,-96.7779,1428.641407,1640,#N/A,1,50,4.013087396,50,2.569530778,#N/A,50,,#N/A,#N/A,#N/A,Winters1c,,50-CA-2.4-Winters1c-100
SALINE,311,,Winters2,CA,-121.913304,39.441286,,32.7666,-96.7779,1472.918724,1690,#N/A,1,50,4.013087396,50,2.569530778,#N/A,50,,#N/A,#N/A,#N/A,Winters2,,50-CA-2.4-Winters2-100
SALINE,312,,Wolfcamp1,TX,-101.65746,34.678773,,32.7666,-96.7779,310.2748662,360,11.25974161,1,40,2.973726631,40,2.136463793,16.36993204,50,,#N/A,#N/A,#N/A,Wolfcamp1,,50-TX-2.4-Wolfcamp1-100
SALINE,313,,Wolfcamp2,NM,-103.845977,34.630852,,32.7666,-96.7779,426.5850988,490,15.41718467,1,50,4.013087396,50,2.569530778,21.99980284,50,,#N/A,#N/A,#N/A,Wolfcamp2,,50-NM-2.4-Wolfcamp2-100
SALINE,314,,Woodbine1,TX,-95.574182,31.698111,,32.7666,-96.7779,102.0902667,120,4.07082966,1,10,0.837262838,10,0.620729345,5.528821844,50,,#N/A,#N/A,#N/A,Woodbine1,,50-TX-2.4-Woodbine1-100
,,,,,,,,,,,,,,,,,,,,,,,,,,
EOR, DOKS6344800,Anadarko Basin - KS, DOKS6344800, KS,-101.50785,37.183145,,32.7666,-96.7779,406.319434,470,14.91193985,1,50,4.013087396,50,2.569530778,21.49455803,,YES,-97,YES,-75.50544197, DOKS6344800,,
EOR, DOKS6345200,Anadarko Basin - KS, DOKS6345200, KS,-101.50785,37.183145,,32.7666,-96.7779,406.319434,470,14.91193985,1,50,4.013087396,50,2.569530778,21.49455803,,NO,25,YES,46.49455803, DOKS6345200,,
EOR, DOKS6345500,Anadarko Basin - KS, DOKS6345500, KS,-101.50785,37.183145,,32.7666,-96.7779,406.319434,470,14.91193985,1,50,4.013087396,50,2.569530778,21.49455803,,NO,-104,YES,-82.50544197, DOKS6345500,,
EOR, DOKS6345900,Anadarko Basin - KS, DOKS6345900, KS,-101.50785,37.183145,,32.7666,-96.7779,406.319434,470,14.91193985,1,50,4.013087396,50,2.569530778,21.49455803,,YES,34,YES,55.49455803, DOKS6345900,,
EOR, DOKS6346000,Anadarko Basin - KS, DOKS6346000, KS,-101.50785,37.183145,,32.7666,-96.7779,406.319434,470,14.91193985,1,50,4.013087396,50,2.569530778,21.49455803,,YES,-113,YES,-91.50544197, DOKS6346000,,
EOR, DOKS6346400,Anadarko Basin - KS, DOKS6346400, KS,-101.50785,37.183145,,32.7666,-96.7779,406.319434,470,14.91193985,1,50,4.013087396,50,2.569530778,21.49455803,,NO,-87,YES,-65.50544197, DOKS6346400,,
EOR, DOKS6346500,Anadarko Basin - KS, DOKS6346500, KS,-101.50785,37.183145,,32.7666,-96.7779,406.319434,470,14.91193985,1,50,4.013087396,50,2.569530778,21.49455803,,NO,-31,YES,-9.505441971, DOKS6346500,,
EOR, DOKS6347000,Anadarko Basin - KS, DOKS6347000, KS,-101.50785,37.183145,,32.7666,-96.7779,406.319434,470,14.91193985,1,50,4.013087396,50,2.569530778,21.49455803,,NO,100,NO,121.494558, DOKS6347000,,
EOR, DOKS6347200,Anadarko Basin - KS, DOKS6347200, KS,-101.50785,37.183145,,32.7666,-96.7779,406.319434,470,14.91193985,1,50,4.013087396,50,2.569530778,21.49455803,,NO,-65,YES,-43.50544197, DOKS6347200,,
EOR, DOKS6348100,Anadarko Basin - KS, DOKS6348100, KS,-101.50785,37.183145,,32.7666,-96.7779,406.319434,470,14.91193985,1,50,4.013087396,50,2.569530778,21.49455803,,NO,49,YES,70.49455803, DOKS6348100,,
EOR, DOKS6350100,Anadarko Basin - KS, DOKS6350100, KS,-101.50785,37.183145,,32.7666,-96.7779,406.319434,470,14.91193985,1,50,4.013087396,50,2.569530778,21.49455803,,NO,-59,NO,-37.50544197, DOKS6350100,,
EOR, DOKS6351600,Anadarko Basin - KS, DOKS6351600, KS,-101.50785,37.183145,,32.7666,-96.7779,406.319434,470,14.91193985,1,50,4.013087396,50,2.569530778,21.49455803,,YES,-136,YES,-114.505442, DOKS6351600,,
EOR, DOKS6354800,Anadarko Basin - KS, DOKS6354800, KS,-101.50785,37.183145,,32.7666,-96.7779,406.319434,470,14.91193985,1,50,4.013087396,50,2.569530778,21.49455803,,YES,76,NO,97.49455803, DOKS6354800,,
EOR, DOKS6356100,Anadarko Basin - KS, DOKS6356100, KS,-101.50785,37.183145,,32.7666,-96.7779,406.319434,470,14.91193985,1,50,4.013087396,50,2.569530778,21.49455803,,NO,50,NO,71.49455803, DOKS6356100,,
EOR, DOKS6357100,Anadarko Basin - KS, DOKS6357100, KS,-101.50785,37.183145,,32.7666,-96.7779,406.319434,470,14.91193985,1,50,4.013087396,50,2.569530778,21.49455803,,NO,-70,NO,-48.50544197, DOKS6357100,,
EOR, DOKS6357500,Anadarko Basin - KS, DOKS6357500, KS,-101.50785,37.183145,,32.7666,-96.7779,406.319434,470,14.91193985,1,50,4.013087396,50,2.569530778,21.49455803,,NO,-44,YES,-22.50544197, DOKS6357500,,
EOR, DOKS6359000,Anadarko Basin - KS, DOKS6359000, KS,-101.50785,37.183145,,32.7666,-96.7779,406.319434,470,14.91193985,1,50,4.013087396,50,2.569530778,21.49455803,,YES,100,NO,121.494558, DOKS6359000,,
EOR, DOKS6361400,Anadarko Basin - KS, DOKS6361400, KS,-101.50785,37.183145,,32.7666,-96.7779,406.319434,470,14.91193985,1,50,4.013087396,50,2.569530778,21.49455803,,NO,100,NO,121.494558, DOKS6361400,,
EOR, DOKS6362100,Anadarko Basin - KS, DOKS6362100, KS,-101.50785,37.183145,,32.7666,-96.7779,406.319434,470,14.91193985,1,50,4.013087396,50,2.569530778,21.49455803,,NO,100,NO,121.494558, DOKS6362100,,
EOR, DOKS6366300,Anadarko Basin - KS, DOKS6366300, KS,-101.50785,37.183145,,32.7666,-96.7779,406.319434,470,14.91193985,1,50,4.013087396,50,2.569530778,21.49455803,,NO,100,NO,121.494558, DOKS6366300,,
EOR, DOKS6369200,Anadarko Basin - KS, DOKS6369200, KS,-101.50785,37.183145,,32.7666,-96.7779,406.319434,470,14.91193985,1,50,4.013087396,50,2.569530778,21.49455803,,NO,100,NO,121.494558, DOKS6369200,,
EOR, DOKS6372000,Anadarko Basin - KS, DOKS6372000, KS,-101.50785,37.183145,,32.7666,-96.7779,406.319434,470,14.91193985,1,50,4.013087396,50,2.569530778,21.49455803,,YES,41,NO,62.49455803, DOKS6372000,,
EOR, DOKS6375500,Anadarko Basin - KS, DOKS6375500, KS,-101.50785,37.183145,,32.7666,-96.7779,406.319434,470,14.91193985,1,50,4.013087396,50,2.569530778,21.49455803,,YES,99,NO,120.494558, DOKS6375500,,
EOR, DOKS6377600,Anadarko Basin - KS, DOKS6377600, KS,-101.50785,37.183145,,32.7666,-96.7779,406.319434,470,14.91193985,1,50,4.013087396,50,2.569530778,21.49455803,,NO,100,NO,121.494558, DOKS6377600,,
EOR, DOKS6377900,Anadarko Basin - KS, DOKS6377900, KS,-101.50785,37.183145,,32.7666,-96.7779,406.319434,470,14.91193985,1,50,4.013087396,50,2.569530778,21.49455803,,NO,100,NO,121.494558, DOKS6377900,,
EOR, DOOK6337300,Anadarko Basin - OK, DOOK6337300, OK,-98.811518,35.643089,,32.7666,-96.7779,230.466677,270,8.502548475,1,30,2.280819455,30,1.674525676,12.45789361,,YES,-153,YES,-140.5421064, DOOK6337300,,
EOR, DOOK6340500,Anadarko Basin - OK, DOOK6340500, OK,-98.811518,35.643089,,32.7666,-96.7779,230.466677,270,8.502548475,1,30,2.280819455,30,1.674525676,12.45789361,,YES,19,YES,31.45789361, DOOK6340500,,
EOR, DOOK6344300,Anadarko Basin - OK, DOOK6344300, OK,-98.811518,35.643089,,32.7666,-96.7779,230.466677,270,8.502548475,1,30,2.280819455,30,1.674525676,12.45789361,,NO,-85,YES,-72.54210639, DOOK6344300,,
EOR, DOOK6344600,Anadarko Basin - OK, DOOK6344600, OK,-98.811518,35.643089,,32.7666,-96.7779,230.466677,270,8.502548475,1,30,2.280819455,30,1.674525676,12.45789361,,NO,100,NO,112.4578936, DOOK6344600,,
EOR, DOOK6344700,Anadarko Basin - OK, DOOK6344700, OK,-98.811518,35.643089,,32.7666,-96.7779,230.466677,270,8.502548475,1,30,2.280819455,30,1.674525676,12.45789361,,NO,100,NO,112.4578936, DOOK6344700,,
EOR, DOOK6345100,Anadarko Basin - OK, DOOK6345100, OK,-98.811518,35.643089,,32.7666,-96.7779,230.466677,270,8.502548475,1,30,2.280819455,30,1.674525676,12.45789361,,NO,71,YES,83.45789361, DOOK6345100,,
EOR, DOOK6345300,Anadarko Basin - OK, DOOK6345300, OK,-98.811518,35.643089,,32.7666,-96.7779,230.466677,270,8.502548475,1,30,2.280819455,30,1.674525676,12.45789361,,YES,40,NO,52.45789361, DOOK6345300,,
EOR, DOOK6345400,Anadarko Basin - OK, DOOK6345400, OK,-98.811518,35.643089,,32.7666,-96.7779,230.466677,270,8.502548475,1,30,2.280819455,30,1.674525676,12.45789361,,YES,100,NO,112.4578936, DOOK6345400,,
EOR, DOOK6345700,Anadarko Basin - OK, DOOK6345700, OK,-98.811518,35.643089,,32.7666,-96.7779,230.466677,270,8.502548475,1,30,2.280819455,30,1.674525676,12.45789361,,YES,-223,YES,-210.5421064, DOOK6345700,,
EOR, DOOK6346200,Anadarko Basin - OK, DOOK6346200, OK,-98.811518,35.643089,,32.7666,-96.7779,230.466677,270,8.502548475,1,30,2.280819455,30,1.674525676,12.45789361,,NO,-124,NO,-111.5421064, DOOK6346200,,
EOR, DOOK6346300,Anadarko Basin - OK, DOOK6346300, OK,-98.811518,35.643089,,32.7666,-96.7779,230.466677,270,8.502548475,1,30,2.280819455,30,1.674525676,12.45789361,,YES,100,YES,112.4578936, DOOK6346300,,
EOR, DOOK6346600,Anadarko Basin - OK, DOOK6346600, OK,-98.811518,35.643089,,32.7666,-96.7779,230.466677,270,8.502548475,1,30,2.280819455,30,1.674525676,12.45789361,,NO,-96,NO,-83.54210639, DOOK6346600,,
EOR, DOOK6347500,Anadarko Basin - OK, DOOK6347500, OK,-98.811518,35.643089,,32.7666,-96.7779,230.466677,270,8.502548475,1,30,2.280819455,30,1.674525676,12.45789361,,YES,100,NO,112.4578936, DOOK6347500,,
EOR, DOOK6348300,Anadarko Basin - OK, DOOK6348300, OK,-98.811518,35.643089,,32.7666,-96.7779,230.466677,270,8.502548475,1,30,2.280819455,30,1.674525676,12.45789361,,NO,95,NO,107.4578936, DOOK6348300,,
EOR, DOOK6348700,Anadarko Basin - OK, DOOK6348700, OK,-98.811518,35.643089,,32.7666,-96.7779,230.466677,270,8.502548475,1,30,2.280819455,30,1.674525676,12.45789361,,YES,-54,YES,-41.54210639, DOOK6348700,,
EOR, DOOK6348800,Anadarko Basin - OK, DOOK6348800, OK,-98.811518,35.643089,,32.7666,-96.7779,230.466677,270,8.502548475,1,30,2.280819455,30,1.674525676,12.45789361,,YES,100,NO,112.4578936, DOOK6348800,,
EOR, DOOK6349100,Anadarko Basin - OK, DOOK6349100, OK,-98.811518,35.643089,,32.7666,-96.7779,230.466677,270,8.502548475,1,30,2.280819455,30,1.674525676,12.45789361,,YES,-66,YES,-53.54210639, DOOK6349100,,
EOR, DOOK6349400,Anadarko Basin - OK, DOOK6349400, OK,-98.811518,35.643089,,32.7666,-96.7779,230.466677,270,8.502548475,1,30,2.280819455,30,1.674525676,12.45789361,,NO,4,YES,16.45789361, DOOK6349400,,
EOR, DOOK6351000,Anadarko Basin - OK, DOOK6351000, OK,-98.811518,35.643089,,32.7666,-96.7779,230.466677,270,8.502548475,1,30,2.280819455,30,1.674525676,12.45789361,,YES,67,NO,79.45789361, DOOK6351000,,
EOR, DOOK6351100,Anadarko Basin - OK, DOOK6351100, OK,-98.811518,35.643089,,32.7666,-96.7779,230.466677,270,8.502548475,1,30,2.280819455,30,1.674525676,12.45789361,,YES,100,NO,112.4578936, DOOK6351100,,
EOR, DOOK6351200,Anadarko Basin - OK, DOOK6351200, OK,-98.811518,35.643089,,32.7666,-96.7779,230.466677,270,8.502548475,1,30,2.280819455,30,1.674525676,12.45789361,,NO,-60,YES,-47.54210639, DOOK6351200,,
EOR, DOOK6351400,Anadarko Basin - OK, DOOK6351400, OK,-98.811518,35.643089,,32.7666,-96.7779,230.466677,270,8.502548475,1,30,2.280819455,30,1.674525676,12.45789361,,YES,-25,NO,-12.54210639, DOOK6351400,,
EOR, DOOK6351900,Anadarko Basin - OK, DOOK6351900, OK,-98.811518,35.643089,,32.7666,-96.7779,230.466677,270,8.502548475,1,30,2.280819455,30,1.674525676,12.45789361,,NO,100,NO,112.4578936, DOOK6351900,,
EOR, DOOK6352100,Anadarko Basin - OK, DOOK6352100, OK,-98.811518,35.643089,,32.7666,-96.7779,230.466677,270,8.502548475,1,30,2.280819455,30,1.674525676,12.45789361,,YES,88,NO,100.4578936, DOOK6352100,,
EOR, DOOK6352200,Anadarko Basin - OK, DOOK6352200, OK,-98.811518,35.643089,,32.7666,-96.7779,230.466677,270,8.502548475,1,30,2.280819455,30,1.674525676,12.45789361,,YES,63,NO,75.45789361, DOOK6352200,,
EOR, DOOK6352500,Anadarko Basin - OK, DOOK6352500, OK,-98.811518,35.643089,,32.7666,-96.7779,230.466677,270,8.502548475,1,30,2.280819455,30,1.674525676,12.45789361,,YES,100,NO,112.4578936, DOOK6352500,,
EOR, DOOK6352900,Anadarko Basin - OK, DOOK6352900, OK,-98.811518,35.643089,,32.7666,-96.7779,230.466677,270,8.502548475,1,30,2.280819455,30,1.674525676,12.45789361,,YES,100,NO,112.4578936, DOOK6352900,,
EOR, DOOK6354000,Anadarko Basin - OK, DOOK6354000, OK,-98.811518,35.643089,,32.7666,-96.7779,230.466677,270,8.502548475,1,30,2.280819455,30,1.674525676,12.45789361,,NO,47,NO,59.45789361, DOOK6354000,,
EOR, DOOK6354400,Anadarko Basin - OK, DOOK6354400, OK,-98.811518,35.643089,,32.7666,-96.7779,230.466677,270,8.502548475,1,30,2.280819455,30,1.674525676,12.45789361,,NO,100,NO,112.4578936, DOOK6354400,,
EOR, DOOK6354500,Anadarko Basin - OK, DOOK6354500, OK,-98.811518,35.643089,,32.7666,-96.7779,230.466677,270,8.502548475,1,30,2.280819455,30,1.674525676,12.45789361,,NO,97,NO,109.4578936, DOOK6354500,,
EOR, DOOK6355300,Anadarko Basin - OK, DOOK6355300, OK,-98.811518,35.643089,,32.7666,-96.7779,230.466677,270,8.502548475,1,30,2.280819455,30,1.674525676,12.45789361,,NO,100,NO,112.4578936, DOOK6355300,,
EOR, DOOK6356200,Anadarko Basin - OK, DOOK6356200, OK,-98.811518,35.643089,,32.7666,-96.7779,230.466677,270,8.502548475,1,30,2.280819455,30,1.674525676,12.45789361,,YES,100,NO,112.4578936, DOOK6356200,,
EOR, DOOK6356400,Anadarko Basin - OK, DOOK6356400, OK,-98.811518,35.643089,,32.7666,-96.7779,230.466677,270,8.502548475,1,30,2.280819455,30,1.674525676,12.45789361,,YES,18,NO,30.45789361, DOOK6356400,,
EOR, DOOK6357600,Anadarko Basin - OK, DOOK6357600, OK,-98.811518,35.643089,,32.7666,-96.7779,230.466677,270,8.502548475,1,30,2.280819455,30,1.674525676,12.45789361,,YES,100,NO,112.4578936, DOOK6357600,,
EOR, DOOK6357700,Anadarko Basin - OK, DOOK6357700, OK,-98.811518,35.643089,,32.7666,-96.7779,230.466677,270,8.502548475,1,30,2.280819455,30,1.674525676,12.45789361,,YES,15,NO,27.45789361, DOOK6357700,,
EOR, DOOK6357900,Anadarko Basin - OK, DOOK6357900, OK,-98.811518,35.643089,,32.7666,-96.7779,230.466677,270,8.502548475,1,30,2.280819455,30,1.674525676,12.45789361,,YES,-32,NO,-19.54210639, DOOK6357900,,
EOR, DOOK6358000,Anadarko Basin - OK, DOOK6358000, OK,-98.811518,35.643089,,32.7666,-96.7779,230.466677,270,8.502548475,1,30,2.280819455,30,1.674525676,12.45789361,,NO,100,NO,112.4578936, DOOK6358000,,
EOR, DOOK6359400,Anadarko Basin - OK, DOOK6359400, OK,-98.811518,35.643089,,32.7666,-96.7779,230.466677,270,8.502548475,1,30,2.280819455,30,1.674525676,12.45789361,,YES,18,NO,30.45789361, DOOK6359400,,
EOR, DOOK6360400,Anadarko Basin - OK, DOOK6360400, OK,-98.811518,35.643089,,32.7666,-96.7779,230.466677,270,8.502548475,1,30,2.280819455,30,1.674525676,12.45789361,,NO,-54,NO,-41.54210639, DOOK6360400,,
EOR, DOOK6360500,Anadarko Basin - OK, DOOK6360500, OK,-98.811518,35.643089,,32.7666,-96.7779,230.466677,270,8.502548475,1,30,2.280819455,30,1.674525676,12.45789361,,NO,100,NO,112.4578936, DOOK6360500,,
EOR, DOOK6360700,Anadarko Basin - OK, DOOK6360700, OK,-98.811518,35.643089,,32.7666,-96.7779,230.466677,270,8.502548475,1,30,2.280819455,30,1.674525676,12.45789361,,YES,100,NO,112.4578936, DOOK6360700,,
EOR, DOOK6360800,Anadarko Basin - OK, DOOK6360800, OK,-98.811518,35.643089,,32.7666,-96.7779,230.466677,270,8.502548475,1,30,2.280819455,30,1.674525676,12.45789361,,YES,100,NO,112.4578936, DOOK6360800,,
EOR, DOOK6360900,Anadarko Basin - OK, DOOK6360900, OK,-98.811518,35.643089,,32.7666,-96.7779,230.466677,270,8.502548475,1,30,2.280819455,30,1.674525676,12.45789361,,NO,71,NO,83.45789361, DOOK6360900,,
EOR, DOOK6362600,Anadarko Basin - OK, DOOK6362600, OK,-98.811518,35.643089,,32.7666,-96.7779,230.466677,270,8.502548475,1,30,2.280819455,30,1.674525676,12.45789361,,NO,31,NO,43.45789361, DOOK6362600,,
EOR, DOOK6363100,Anadarko Basin - OK, DOOK6363100, OK,-98.811518,35.643089,,32.7666,-96.7779,230.466677,270,8.502548475,1,30,2.280819455,30,1.674525676,12.45789361,,YES,-92,YES,-79.54210639, DOOK6363100,,
EOR, DOOK6363300,Anadarko Basin - OK, DOOK6363300, OK,-98.811518,35.643089,,32.7666,-96.7779,230.466677,270,8.502548475,1,30,2.280819455,30,1.674525676,12.45789361,,YES,100,NO,112.4578936, DOOK6363300,,
EOR, DOOK6365900,Anadarko Basin - OK, DOOK6365900, OK,-98.811518,35.643089,,32.7666,-96.7779,230.466677,270,8.502548475,1,30,2.280819455,30,1.674525676,12.45789361,,YES,100,NO,112.4578936, DOOK6365900,,
EOR, DOOK6366000,Anadarko Basin - OK, DOOK6366000, OK,-98.811518,35.643089,,32.7666,-96.7779,230.466677,270,8.502548475,1,30,2.280819455,30,1.674525676,12.45789361,,YES,100,NO,112.4578936, DOOK6366000,,
EOR, DOOK6367300,Anadarko Basin - OK, DOOK6367300, OK,-98.811518,35.643089,,32.7666,-96.7779,230.466677,270,8.502548475,1,30,2.280819455,30,1.674525676,12.45789361,,NO,-49,NO,-36.54210639, DOOK6367300,,
EOR, DOOK6367900,Anadarko Basin - OK, DOOK6367900, OK,-98.811518,35.643089,,32.7666,-96.7779,230.466677,270,8.502548475,1,30,2.280819455,30,1.674525676,12.45789361,,NO,-45,NO,-32.54210639, DOOK6367900,,
EOR, DOOK6368200,Anadarko Basin - OK, DOOK6368200, OK,-98.811518,35.643089,,32.7666,-96.7779,230.466677,270,8.502548475,1,30,2.280819455,30,1.674525676,12.45789361,,YES,-98,YES,-85.54210639, DOOK6368200,,
EOR, DOOK6370000,Anadarko Basin - OK, DOOK6370000, OK,-98.811518,35.643089,,32.7666,-96.7779,230.466677,270,8.502548475,1,30,2.280819455,30,1.674525676,12.45789361,,NO,-89,NO,-76.54210639, DOOK6370000,,
EOR, DOOK6370200,Anadarko Basin - OK, DOOK6370200, OK,-98.811518,35.643089,,32.7666,-96.7779,230.466677,270,8.502548475,1,30,2.280819455,30,1.674525676,12.45789361,,NO,22,NO,34.45789361, DOOK6370200,,
EOR, DOOK6371300,Anadarko Basin - OK, DOOK6371300, OK,-98.811518,35.643089,,32.7666,-96.7779,230.466677,270,8.502548475,1,30,2.280819455,30,1.674525676,12.45789361,,NO,64,NO,76.45789361, DOOK6371300,,
EOR, DOOK6371600,Anadarko Basin - OK, DOOK6371600, OK,-98.811518,35.643089,,32.7666,-96.7779,230.466677,270,8.502548475,1,30,2.280819455,30,1.674525676,12.45789361,,NO,-74,NO,-61.54210639, DOOK6371600,,
EOR, DOOK6373500,Anadarko Basin - OK, DOOK6373500, OK,-98.811518,35.643089,,32.7666,-96.7779,230.466677,270,8.502548475,1,30,2.280819455,30,1.674525676,12.45789361,,NO,-77,NO,-64.54210639, DOOK6373500,,
EOR, DOOK6373800,Anadarko Basin - OK, DOOK6373800, OK,-98.811518,35.643089,,32.7666,-96.7779,230.466677,270,8.502548475,1,30,2.280819455,30,1.674525676,12.45789361,,NO,84,NO,96.45789361, DOOK6373800,,
EOR, DOOK6376200,Anadarko Basin - OK, DOOK6376200, OK,-98.811518,35.643089,,32.7666,-96.7779,230.466677,270,8.502548475,1,30,2.280819455,30,1.674525676,12.45789361,,NO,41,NO,53.45789361, DOOK6376200,,
EOR, DOOK6376400,Anadarko Basin - OK, DOOK6376400, OK,-98.811518,35.643089,,32.7666,-96.7779,230.466677,270,8.502548475,1,30,2.280819455,30,1.674525676,12.45789361,,NO,100,NO,112.4578936, DOOK6376400,,
EOR, DOOK6376500,Anadarko Basin - OK, DOOK6376500, OK,-98.811518,35.643089,,32.7666,-96.7779,230.466677,270,8.502548475,1,30,2.280819455,30,1.674525676,12.45789361,,YES,100,NO,112.4578936, DOOK6376500,,
EOR, DOOK6377300,Anadarko Basin - OK, DOOK6377300, OK,-98.811518,35.643089,,32.7666,-96.7779,230.466677,270,8.502548475,1,30,2.280819455,30,1.674525676,12.45789361,,NO,-50,NO,-37.54210639, DOOK6377300,,
EOR, DOOK6378100,Anadarko Basin - OK, DOOK6378100, OK,-98.811518,35.643089,,32.7666,-96.7779,230.466677,270,8.502548475,1,30,2.280819455,30,1.674525676,12.45789361,,YES,100,NO,112.4578936, DOOK6378100,,
EOR, DOOK6378200,Anadarko Basin - OK, DOOK6378200, OK,-98.811518,35.643089,,32.7666,-96.7779,230.466677,270,8.502548475,1,30,2.280819455,30,1.674525676,12.45789361,,NO,-51,YES,-38.54210639, DOOK6378200,,
EOR, DOOK6379200,Anadarko Basin - OK, DOOK6379200, OK,-98.811518,35.643089,,32.7666,-96.7779,230.466677,270,8.502548475,1,30,2.280819455,30,1.674525676,12.45789361,,YES,100,NO,112.4578936, DOOK6379200,,
EOR, DOOK7309900,Anadarko Basin - OK, DOOK7309900, OK,-98.811518,35.643089,,32.7666,-96.7779,230.466677,270,8.502548475,1,30,2.280819455,30,1.674525676,12.45789361,,NO,100,YES,112.4578936, DOOK7309900,,
EOR, DOOK7310700,Anadarko Basin - OK, DOOK7310700, OK,-98.811518,35.643089,,32.7666,-96.7779,230.466677,270,8.502548475,1,30,2.280819455,30,1.674525676,12.45789361,,NO,100,NO,112.4578936, DOOK7310700,,
EOR, DOOK7311100,Anadarko Basin - OK, DOOK7311100, OK,-98.811518,35.643089,,32.7666,-96.7779,230.466677,270,8.502548475,1,30,2.280819455,30,1.674525676,12.45789361,,NO,100,NO,112.4578936, DOOK7311100,,
EOR, DOOK7311300,Anadarko Basin - OK, DOOK7311300, OK,-98.811518,35.643089,,32.7666,-96.7779,230.466677,270,8.502548475,1,30,2.280819455,30,1.674525676,12.45789361,,NO,100,NO,112.4578936, DOOK7311300,,
EOR, DOOK7311500,Anadarko Basin - OK, DOOK7311500, OK,-98.811518,35.643089,,32.7666,-96.7779,230.466677,270,8.502548475,1,30,2.280819455,30,1.674525676,12.45789361,,NO,100,NO,112.4578936, DOOK7311500,,
EOR, DOOK7312300,Anadarko Basin - OK, DOOK7312300, OK,-98.811518,35.643089,,32.7666,-96.7779,230.466677,270,8.502548475,1,30,2.280819455,30,1.674525676,12.45789361,,NO,100,NO,112.4578936, DOOK7312300,,
EOR, DOOK7312800,Anadarko Basin - OK, DOOK7312800, OK,-98.811518,35.643089,,32.7666,-96.7779,230.466677,270,8.502548475,1,30,2.280819455,30,1.674525676,12.45789361,,NO,100,NO,112.4578936, DOOK7312800,,
EOR, DOOK7313100,Anadarko Basin - OK, DOOK7313100, OK,-98.811518,35.643089,,32.7666,-96.7779,230.466677,270,8.502548475,1,30,2.280819455,30,1.674525676,12.45789361,,NO,100,NO,112.4578936, DOOK7313100,,
EOR, DOOK7316100,Anadarko Basin - OK, DOOK7316100, OK,-98.811518,35.643089,,32.7666,-96.7779,230.466677,270,8.502548475,1,30,2.280819455,30,1.674525676,12.45789361,,NO,100,NO,112.4578936, DOOK7316100,,
EOR, DOOK7316400,Anadarko Basin - OK, DOOK7316400, OK,-98.811518,35.643089,,32.7666,-96.7779,230.466677,270,8.502548475,1,30,2.280819455,30,1.674525676,12.45789361,,NO,100,NO,112.4578936, DOOK7316400,,
EOR, DOOK7316700,Anadarko Basin - OK, DOOK7316700, OK,-98.811518,35.643089,,32.7666,-96.7779,230.466677,270,8.502548475,1,30,2.280819455,30,1.674525676,12.45789361,,NO,100,NO,112.4578936, DOOK7316700,,
EOR, DOOK7317200,Anadarko Basin - OK, DOOK7317200, OK,-98.811518,35.643089,,32.7666,-96.7779,230.466677,270,8.502548475,1,30,2.280819455,30,1.674525676,12.45789361,,NO,100,NO,112.4578936, DOOK7317200,,
EOR, DOOK7317300,Anadarko Basin - OK, DOOK7317300, OK,-98.811518,35.643089,,32.7666,-96.7779,230.466677,270,8.502548475,1,30,2.280819455,30,1.674525676,12.45789361,,NO,90,NO,102.4578936, DOOK7317300,,
EOR, DOOK7318900,Anadarko Basin - OK, DOOK7318900, OK,-98.811518,35.643089,,32.7666,-96.7779,230.466677,270,8.502548475,1,30,2.280819455,30,1.674525676,12.45789361,,NO,100,NO,112.4578936, DOOK7318900,,
EOR, DOOK7319100,Anadarko Basin - OK, DOOK7319100, OK,-98.811518,35.643089,,32.7666,-96.7779,230.466677,270,8.502548475,1,30,2.280819455,30,1.674525676,12.45789361,,NO,100,NO,112.4578936, DOOK7319100,,
EOR, DOOK7320400,Anadarko Basin - OK, DOOK7320400, OK,-98.811518,35.643089,,32.7666,-96.7779,230.466677,270,8.502548475,1,30,2.280819455,30,1.674525676,12.45789361,,NO,100,NO,112.4578936, DOOK7320400,,
EOR, DOOK7321900,Anadarko Basin - OK, DOOK7321900, OK,-98.811518,35.643089,,32.7666,-96.7779,230.466677,270,8.502548475,1,30,2.280819455,30,1.674525676,12.45789361,,NO,100,NO,112.4578936, DOOK7321900,,
EOR, DOOK7322600,Anadarko Basin - OK, DOOK7322600, OK,-98.811518,35.643089,,32.7666,-96.7779,230.466677,270,8.502548475,1,30,2.280819455,30,1.674525676,12.45789361,,NO,100,NO,112.4578936, DOOK7322600,,
EOR, DOOK7322900,Anadarko Basin - OK, DOOK7322900, OK,-98.811518,35.643089,,32.7666,-96.7779,230.466677,270,8.502548475,1,30,2.280819455,30,1.674525676,12.45789361,,NO,100,NO,112.4578936, DOOK7322900,,
EOR, DOOK7323000,Anadarko Basin - OK, DOOK7323000, OK,-98.811518,35.643089,,32.7666,-96.7779,230.466677,270,8.502548475,1,30,2.280819455,30,1.674525676,12.45789361,,NO,100,NO,112.4578936, DOOK7323000,,
EOR, DOOK7323100,Anadarko Basin - OK, DOOK7323100, OK,-98.811518,35.643089,,32.7666,-96.7779,230.466677,270,8.502548475,1,30,2.280819455,30,1.674525676,12.45789361,,NO,100,NO,112.4578936, DOOK7323100,,
EOR, DOOK7323300,Anadarko Basin - OK, DOOK7323300, OK,-98.811518,35.643089,,32.7666,-96.7779,230.466677,270,8.502548475,1,30,2.280819455,30,1.674525676,12.45789361,,NO,100,NO,112.4578936, DOOK7323300,,
EOR, DOOK7323400,Anadarko Basin - OK, DOOK7323400, OK,-98.811518,35.643089,,32.7666,-96.7779,230.466677,270,8.502548475,1,30,2.280819455,30,1.674525676,12.45789361,,NO,100,NO,112.4578936, DOOK7323400,,
EOR, DOOK7323500,Anadarko Basin - OK, DOOK7323500, OK,-98.811518,35.643089,,32.7666,-96.7779,230.466677,270,8.502548475,1,30,2.280819455,30,1.674525676,12.45789361,,NO,100,NO,112.4578936, DOOK7323500,,
EOR, DOOK7323600,Anadarko Basin - OK, DOOK7323600, OK,-98.811518,35.643089,,32.7666,-96.7779,230.466677,270,8.502548475,1,30,2.280819455,30,1.674525676,12.45789361,,NO,100,NO,112.4578936, DOOK7323600,,
EOR, DOOK7323900,Anadarko Basin - OK, DOOK7323900, OK,-98.811518,35.643089,,32.7666,-96.7779,230.466677,270,8.502548475,1,30,2.280819455,30,1.674525676,12.45789361,,NO,100,NO,112.4578936, DOOK7323900,,
EOR, DOOK7324100,Anadarko Basin - OK, DOOK7324100, OK,-98.811518,35.643089,,32.7666,-96.7779,230.466677,270,8.502548475,1,30,2.280819455,30,1.674525676,12.45789361,,NO,100,NO,112.4578936, DOOK7324100,,
EOR, DOOK7324700,Anadarko Basin - OK, DOOK7324700, OK,-98.811518,35.643089,,32.7666,-96.7779,230.466677,270,8.502548475,1,30,2.280819455,30,1.674525676,12.45789361,,NO,100,NO,112.4578936, DOOK7324700,,
EOR, DOOK7325100,Anadarko Basin - OK, DOOK7325100, OK,-98.811518,35.643089,,32.7666,-96.7779,230.466677,270,8.502548475,1,30,2.280819455,30,1.674525676,12.45789361,,NO,100,NO,112.4578936, DOOK7325100,,
EOR, DOOK7325300,Anadarko Basin - OK, DOOK7325300, OK,-98.811518,35.643089,,32.7666,-96.7779,230.466677,270,8.502548475,1,30,2.280819455,30,1.674525676,12.45789361,,NO,100,NO,112.4578936, DOOK7325300,,
EOR, DOOK7325800,Anadarko Basin - OK, DOOK7325800, OK,-98.811518,35.643089,,32.7666,-96.7779,230.466677,270,8.502548475,1,30,2.280819455,30,1.674525676,12.45789361,,NO,100,NO,112.4578936, DOOK7325800,,
EOR, DOOK7326200,Anadarko Basin - OK, DOOK7326200, OK,-98.811518,35.643089,,32.7666,-96.7779,230.466677,270,8.502548475,1,30,2.280819455,30,1.674525676,12.45789361,,NO,100,NO,112.4578936, DOOK7326200,,
EOR, DOOK7326500,Anadarko Basin - OK, DOOK7326500, OK,-98.811518,35.643089,,32.7666,-96.7779,230.466677,270,8.502548475,1,30,2.280819455,30,1.674525676,12.45789361,,NO,100,NO,112.4578936, DOOK7326500,,
EOR, DOOK7326900,Anadarko Basin - OK, DOOK7326900, OK,-98.811518,35.643089,,32.7666,-96.7779,230.466677,270,8.502548475,1,30,2.280819455,30,1.674525676,12.45789361,,NO,100,NO,112.4578936, DOOK7326900,,
EOR, DOOK7327000,Anadarko Basin - OK, DOOK7327000, OK,-98.811518,35.643089,,32.7666,-96.7779,230.466677,270,8.502548475,1,30,2.280819455,30,1.674525676,12.45789361,,NO,100,NO,112.4578936, DOOK7327000,,
EOR, DOOK7327400,Anadarko Basin - OK, DOOK7327400, OK,-98.811518,35.643089,,32.7666,-96.7779,230.466677,270,8.502548475,1,30,2.280819455,30,1.674525676,12.45789361,,NO,100,NO,112.4578936, DOOK7327400,,
EOR, DOOK7328100,Anadarko Basin - OK, DOOK7328100, OK,-98.811518,35.643089,,32.7666,-96.7779,230.466677,270,8.502548475,1,30,2.280819455,30,1.674525676,12.45789361,,NO,100,NO,112.4578936, DOOK7328100,,
EOR, DOOK7328900,Anadarko Basin - OK, DOOK7328900, OK,-98.811518,35.643089,,32.7666,-96.7779,230.466677,270,8.502548475,1,30,2.280819455,30,1.674525676,12.45789361,,NO,100,NO,112.4578936, DOOK7328900,,
EOR, DOOK7329300,Anadarko Basin - OK, DOOK7329300, OK,-98.811518,35.643089,,32.7666,-96.7779,230.466677,270,8.502548475,1,30,2.280819455,30,1.674525676,12.45789361,,NO,100,NO,112.4578936, DOOK7329300,,
EOR, DOOK7329700,Anadarko Basin - OK, DOOK7329700, OK,-98.811518,35.643089,,32.7666,-96.7779,230.466677,270,8.502548475,1,30,2.280819455,30,1.674525676,12.45789361,,NO,100,NO,112.4578936, DOOK7329700,,
EOR, DOOK7329900,Anadarko Basin - OK, DOOK7329900, OK,-98.811518,35.643089,,32.7666,-96.7779,230.466677,270,8.502548475,1,30,2.280819455,30,1.674525676,12.45789361,,NO,100,NO,112.4578936, DOOK7329900,,
EOR, DOOK7330000,Anadarko Basin - OK, DOOK7330000, OK,-98.811518,35.643089,,32.7666,-96.7779,230.466677,270,8.502548475,1,30,2.280819455,30,1.674525676,12.45789361,,NO,100,NO,112.4578936, DOOK7330000,,
EOR, DOOK7330700,Anadarko Basin - OK, DOOK7330700, OK,-98.811518,35.643089,,32.7666,-96.7779,230.466677,270,8.502548475,1,30,2.280819455,30,1.674525676,12.45789361,,NO,100,NO,112.4578936, DOOK7330700,,
EOR, DOOK7331400,Anadarko Basin - OK, DOOK7331400, OK,-98.811518,35.643089,,32.7666,-96.7779,230.466677,270,8.502548475,1,30,2.280819455,30,1.674525676,12.45789361,,NO,100,NO,112.4578936, DOOK7331400,,
EOR, DOOK7331600,Anadarko Basin - OK, DOOK7331600, OK,-98.811518,35.643089,,32.7666,-96.7779,230.466677,270,8.502548475,1,30,2.280819455,30,1.674525676,12.45789361,,NO,100,NO,112.4578936, DOOK7331600,,
EOR, DOOK7331700,Anadarko Basin - OK, DOOK7331700, OK,-98.811518,35.643089,,32.7666,-96.7779,230.466677,270,8.502548475,1,30,2.280819455,30,1.674525676,12.45789361,,NO,100,NO,112.4578936, DOOK7331700,,
EOR, DOOK7331900,Anadarko Basin - OK, DOOK7331900, OK,-98.811518,35.643089,,32.7666,-96.7779,230.466677,270,8.502548475,1,30,2.280819455,30,1.674525676,12.45789361,,NO,100,NO,112.4578936, DOOK7331900,,
EOR, DOOK7332000,Anadarko Basin - OK, DOOK7332000, OK,-98.811518,35.643089,,32.7666,-96.7779,230.466677,270,8.502548475,1,30,2.280819455,30,1.674525676,12.45789361,,NO,100,NO,112.4578936, DOOK7332000,,
EOR, DOOK7333200,Anadarko Basin - OK, DOOK7333200, OK,-98.811518,35.643089,,32.7666,-96.7779,230.466677,270,8.502548475,1,30,2.280819455,30,1.674525676,12.45789361,,NO,100,NO,112.4578936, DOOK7333200,,
EOR, DOOK7333800,Anadarko Basin - OK, DOOK7333800, OK,-98.811518,35.643089,,32.7666,-96.7779,230.466677,270,8.502548475,1,30,2.280819455,30,1.674525676,12.45789361,,NO,100,NO,112.4578936, DOOK7333800,,
EOR, DOOK7334600,Anadarko Basin - OK, DOOK7334600, OK,-98.811518,35.643089,,32.7666,-96.7779,230.466677,270,8.502548475,1,30,2.280819455,30,1.674525676,12.45789361,,NO,100,NO,112.4578936, DOOK7334600,,
EOR, DOOK7336100,Anadarko Basin - OK, DOOK7336100, OK,-98.811518,35.643089,,32.7666,-96.7779,230.466677,270,8.502548475,1,30,2.280819455,30,1.674525676,12.45789361,,NO,100,NO,112.4578936, DOOK7336100,,
EOR, DOOK7336300,Anadarko Basin - OK, DOOK7336300, OK,-98.811518,35.643089,,32.7666,-96.7779,230.466677,270,8.502548475,1,30,2.280819455,30,1.674525676,12.45789361,,NO,100,NO,112.4578936, DOOK7336300,,
EOR, DOOK7336400,Anadarko Basin - OK, DOOK7336400, OK,-98.811518,35.643089,,32.7666,-96.7779,230.466677,270,8.502548475,1,30,2.280819455,30,1.674525676,12.45789361,,NO,100,NO,112.4578936, DOOK7336400,,
EOR, DOOK7336800,Anadarko Basin - OK, DOOK7336800, OK,-98.811518,35.643089,,32.7666,-96.7779,230.466677,270,8.502548475,1,30,2.280819455,30,1.674525676,12.45789361,,NO,100,NO,112.4578936, DOOK7336800,,
EOR, DOOK7337100,Anadarko Basin - OK, DOOK7337100, OK,-98.811518,35.643089,,32.7666,-96.7779,230.466677,270,8.502548475,1,30,2.280819455,30,1.674525676,12.45789361,,NO,100,NO,112.4578936, DOOK7337100,,
EOR, DOOK7338200,Anadarko Basin - OK, DOOK7338200, OK,-98.811518,35.643089,,32.7666,-96.7779,230.466677,270,8.502548475,1,30,2.280819455,30,1.674525676,12.45789361,,NO,100,NO,112.4578936, DOOK7338200,,
EOR, DOOK7338300,Anadarko Basin - OK, DOOK7338300, OK,-98.811518,35.643089,,32.7666,-96.7779,230.466677,270,8.502548475,1,30,2.280819455,30,1.674525676,12.45789361,,NO,100,NO,112.4578936, DOOK7338300,,
EOR, DOOK7338500,Anadarko Basin - OK, DOOK7338500, OK,-98.811518,35.643089,,32.7666,-96.7779,230.466677,270,8.502548475,1,30,2.280819455,30,1.674525676,12.45789361,,NO,100,NO,112.4578936, DOOK7338500,,
EOR, DOOK7339700,Anadarko Basin - OK, DOOK7339700, OK,-98.811518,35.643089,,32.7666,-96.7779,230.466677,270,8.502548475,1,30,2.280819455,30,1.674525676,12.45789361,,NO,100,NO,112.4578936, DOOK7339700,,
EOR, DOOK7340400,Anadarko Basin - OK, DOOK7340400, OK,-98.811518,35.643089,,32.7666,-96.7779,230.466677,270,8.502548475,1,30,2.280819455,30,1.674525676,12.45789361,,NO,100,NO,112.4578936, DOOK7340400,,
EOR, DOOK7340500,Anadarko Basin - OK, DOOK7340500, OK,-98.811518,35.643089,,32.7666,-96.7779,230.466677,270,8.502548475,1,30,2.280819455,30,1.674525676,12.45789361,,NO,100,NO,112.4578936, DOOK7340500,,
EOR, DOOK7342200,Anadarko Basin - OK, DOOK7342200, OK,-98.811518,35.643089,,32.7666,-96.7779,230.466677,270,8.502548475,1,30,2.280819455,30,1.674525676,12.45789361,,NO,100,NO,112.4578936, DOOK7342200,,
EOR, DOOK7343500,Anadarko Basin - OK, DOOK7343500, OK,-98.811518,35.643089,,32.7666,-96.7779,230.466677,270,8.502548475,1,30,2.280819455,30,1.674525676,12.45789361,,NO,100,NO,112.4578936, DOOK7343500,,
EOR, DOOK7343600,Anadarko Basin - OK, DOOK7343600, OK,-98.811518,35.643089,,32.7666,-96.7779,230.466677,270,8.502548475,1,30,2.280819455,30,1.674525676,12.45789361,,NO,100,NO,112.4578936, DOOK7343600,,
EOR, DOOK7343800,Anadarko Basin - OK, DOOK7343800, OK,-98.811518,35.643089,,32.7666,-96.7779,230.466677,270,8.502548475,1,30,2.280819455,30,1.674525676,12.45789361,,NO,100,NO,112.4578936, DOOK7343800,,
EOR, DOOK7344600,Anadarko Basin - OK, DOOK7344600, OK,-98.811518,35.643089,,32.7666,-96.7779,230.466677,270,8.502548475,1,30,2.280819455,30,1.674525676,12.45789361,,NO,100,NO,112.4578936, DOOK7344600,,
EOR, DOOK7345700,Anadarko Basin - OK, DOOK7345700, OK,-98.811518,35.643089,,32.7666,-96.7779,230.466677,270,8.502548475,1,30,2.280819455,30,1.674525676,12.45789361,,NO,100,NO,112.4578936, DOOK7345700,,
EOR, DOOK7345800,Anadarko Basin - OK, DOOK7345800, OK,-98.811518,35.643089,,32.7666,-96.7779,230.466677,270,8.502548475,1,30,2.280819455,30,1.674525676,12.45789361,,NO,100,NO,112.4578936, DOOK7345800,,
EOR, DOOK7345900,Anadarko Basin - OK, DOOK7345900, OK,-98.811518,35.643089,,32.7666,-96.7779,230.466677,270,8.502548475,1,30,2.280819455,30,1.674525676,12.45789361,,NO,100,NO,112.4578936, DOOK7345900,,
EOR, DOOK7346000,Anadarko Basin - OK, DOOK7346000, OK,-98.811518,35.643089,,32.7666,-96.7779,230.466677,270,8.502548475,1,30,2.280819455,30,1.674525676,12.45789361,,NO,100,NO,112.4578936, DOOK7346000,,
EOR, DOOK7346500,Anadarko Basin - OK, DOOK7346500, OK,-98.811518,35.643089,,32.7666,-96.7779,230.466677,270,8.502548475,1,30,2.280819455,30,1.674525676,12.45789361,,NO,100,NO,112.4578936, DOOK7346500,,
EOR, DOOK7346700,Anadarko Basin - OK, DOOK7346700, OK,-98.811518,35.643089,,32.7666,-96.7779,230.466677,270,8.502548475,1,30,2.280819455,30,1.674525676,12.45789361,,NO,100,NO,112.4578936, DOOK7346700,,
EOR, DOOK7347700,Anadarko Basin - OK, DOOK7347700, OK,-98.811518,35.643089,,32.7666,-96.7779,230.466677,270,8.502548475,1,30,2.280819455,30,1.674525676,12.45789361,,NO,100,NO,112.4578936, DOOK7347700,,
EOR, DOOK7349100,Anadarko Basin - OK, DOOK7349100, OK,-98.811518,35.643089,,32.7666,-96.7779,230.466677,270,8.502548475,1,30,2.280819455,30,1.674525676,12.45789361,,NO,100,NO,112.4578936, DOOK7349100,,
EOR, DOOK7349200,Anadarko Basin - OK, DOOK7349200, OK,-98.811518,35.643089,,32.7666,-96.7779,230.466677,270,8.502548475,1,30,2.280819455,30,1.674525676,12.45789361,,NO,100,NO,112.4578936, DOOK7349200,,
EOR, DOOK7349300,Anadarko Basin - OK, DOOK7349300, OK,-98.811518,35.643089,,32.7666,-96.7779,230.466677,270,8.502548475,1,30,2.280819455,30,1.674525676,12.45789361,,NO,100,NO,112.4578936, DOOK7349300,,
EOR, DOOK7349500,Anadarko Basin - OK, DOOK7349500, OK,-98.811518,35.643089,,32.7666,-96.7779,230.466677,270,8.502548475,1,30,2.280819455,30,1.674525676,12.45789361,,NO,100,NO,112.4578936, DOOK7349500,,
EOR, DOOK7349600,Anadarko Basin - OK, DOOK7349600, OK,-98.811518,35.643089,,32.7666,-96.7779,230.466677,270,8.502548475,1,30,2.280819455,30,1.674525676,12.45789361,,NO,100,NO,112.4578936, DOOK7349600,,
EOR, DOOK7349900,Anadarko Basin - OK, DOOK7349900, OK,-98.811518,35.643089,,32.7666,-96.7779,230.466677,270,8.502548475,1,30,2.280819455,30,1.674525676,12.45789361,,NO,100,NO,112.4578936, DOOK7349900,,
EOR, DOOK7350100,Anadarko Basin - OK, DOOK7350100, OK,-98.811518,35.643089,,32.7666,-96.7779,230.466677,270,8.502548475,1,30,2.280819455,30,1.674525676,12.45789361,,NO,100,NO,112.4578936, DOOK7350100,,
EOR, DOOK7350300,Anadarko Basin - OK, DOOK7350300, OK,-98.811518,35.643089,,32.7666,-96.7779,230.466677,270,8.502548475,1,30,2.280819455,30,1.674525676,12.45789361,,NO,100,NO,112.4578936, DOOK7350300,,
EOR, DOOK7350700,Anadarko Basin - OK, DOOK7350700, OK,-98.811518,35.643089,,32.7666,-96.7779,230.466677,270,8.502548475,1,30,2.280819455,30,1.674525676,12.45789361,,NO,100,NO,112.4578936, DOOK7350700,,
EOR, DOOK7350900,Anadarko Basin - OK, DOOK7350900, OK,-98.811518,35.643089,,32.7666,-96.7779,230.466677,270,8.502548475,1,30,2.280819455,30,1.674525676,12.45789361,,NO,100,NO,112.4578936, DOOK7350900,,
EOR, DOOK7351900,Anadarko Basin - OK, DOOK7351900, OK,-98.811518,35.643089,,32.7666,-96.7779,230.466677,270,8.502548475,1,30,2.280819455,30,1.674525676,12.45789361,,NO,100,NO,112.4578936, DOOK7351900,,
EOR, DOOK7352100,Anadarko Basin - OK, DOOK7352100, OK,-98.811518,35.643089,,32.7666,-96.7779,230.466677,270,8.502548475,1,30,2.280819455,30,1.674525676,12.45789361,,NO,100,NO,112.4578936, DOOK7352100,,
EOR, DOOK7352200,Anadarko Basin - OK, DOOK7352200, OK,-98.811518,35.643089,,32.7666,-96.7779,230.466677,270,8.502548475,1,30,2.280819455,30,1.674525676,12.45789361,,NO,100,NO,112.4578936, DOOK7352200,,
EOR, DOOK7352700,Anadarko Basin - OK, DOOK7352700, OK,-98.811518,35.643089,,32.7666,-96.7779,230.466677,270,8.502548475,1,30,2.280819455,30,1.674525676,12.45789361,,NO,100,NO,112.4578936, DOOK7352700,,
EOR, DOOK7353900,Anadarko Basin - OK, DOOK7353900, OK,-98.811518,35.643089,,32.7666,-96.7779,230.466677,270,8.502548475,1,30,2.280819455,30,1.674525676,12.45789361,,NO,100,NO,112.4578936, DOOK7353900,,
EOR, DOOK7354400,Anadarko Basin - OK, DOOK7354400, OK,-98.811518,35.643089,,32.7666,-96.7779,230.466677,270,8.502548475,1,30,2.280819455,30,1.674525676,12.45789361,,NO,100,NO,112.4578936, DOOK7354400,,
EOR, DOOK7354600,Anadarko Basin - OK, DOOK7354600, OK,-98.811518,35.643089,,32.7666,-96.7779,230.466677,270,8.502548475,1,30,2.280819455,30,1.674525676,12.45789361,,NO,100,NO,112.4578936, DOOK7354600,,
EOR, DOOK7354700,Anadarko Basin - OK, DOOK7354700, OK,-98.811518,35.643089,,32.7666,-96.7779,230.466677,270,8.502548475,1,30,2.280819455,30,1.674525676,12.45789361,,NO,100,NO,112.4578936, DOOK7354700,,
EOR, DOOK7355000,Anadarko Basin - OK, DOOK7355000, OK,-98.811518,35.643089,,32.7666,-96.7779,230.466677,270,8.502548475,1,30,2.280819455,30,1.674525676,12.45789361,,NO,100,NO,112.4578936, DOOK7355000,,
EOR, DOOK7355300,Anadarko Basin - OK, DOOK7355300, OK,-98.811518,35.643089,,32.7666,-96.7779,230.466677,270,8.502548475,1,30,2.280819455,30,1.674525676,12.45789361,,NO,100,NO,112.4578936, DOOK7355300,,
EOR, DOOK7356700,Anadarko Basin - OK, DOOK7356700, OK,-98.811518,35.643089,,32.7666,-96.7779,230.466677,270,8.502548475,1,30,2.280819455,30,1.674525676,12.45789361,,NO,100,NO,112.4578936, DOOK7356700,,
EOR, DOOK7359100,Anadarko Basin - OK, DOOK7359100, OK,-98.811518,35.643089,,32.7666,-96.7779,230.466677,270,8.502548475,1,30,2.280819455,30,1.674525676,12.45789361,,NO,100,NO,112.4578936, DOOK7359100,,
EOR, DOOK7359400,Anadarko Basin - OK, DOOK7359400, OK,-98.811518,35.643089,,32.7666,-96.7779,230.466677,270,8.502548475,1,30,2.280819455,30,1.674525676,12.45789361,,NO,100,NO,112.4578936, DOOK7359400,,
EOR, DOOK7359700,Anadarko Basin - OK, DOOK7359700, OK,-98.811518,35.643089,,32.7666,-96.7779,230.466677,270,8.502548475,1,30,2.280819455,30,1.674525676,12.45789361,,NO,100,NO,112.4578936, DOOK7359700,,
EOR, DOOK7359800,Anadarko Basin - OK, DOOK7359800, OK,-98.811518,35.643089,,32.7666,-96.7779,230.466677,270,8.502548475,1,30,2.280819455,30,1.674525676,12.45789361,,NO,100,NO,112.4578936, DOOK7359800,,
EOR, DOOK7359900,Anadarko Basin - OK, DOOK7359900, OK,-98.811518,35.643089,,32.7666,-96.7779,230.466677,270,8.502548475,1,30,2.280819455,30,1.674525676,12.45789361,,NO,100,NO,112.4578936, DOOK7359900,,
EOR, DOOK7360100,Anadarko Basin - OK, DOOK7360100, OK,-98.811518,35.643089,,32.7666,-96.7779,230.466677,270,8.502548475,1,30,2.280819455,30,1.674525676,12.45789361,,NO,100,NO,112.4578936, DOOK7360100,,
EOR, DOOK7360300,Anadarko Basin - OK, DOOK7360300, OK,-98.811518,35.643089,,32.7666,-96.7779,230.466677,270,8.502548475,1,30,2.280819455,30,1.674525676,12.45789361,,NO,100,NO,112.4578936, DOOK7360300,,
EOR, DOOK7360600,Anadarko Basin - OK, DOOK7360600, OK,-98.811518,35.643089,,32.7666,-96.7779,230.466677,270,8.502548475,1,30,2.280819455,30,1.674525676,12.45789361,,NO,100,NO,112.4578936, DOOK7360600,,
EOR, DOOK7361100,Anadarko Basin - OK, DOOK7361100, OK,-98.811518,35.643089,,32.7666,-96.7779,230.466677,270,8.502548475,1,30,2.280819455,30,1.674525676,12.45789361,,NO,100,NO,112.4578936, DOOK7361100,,
EOR, DOOK7361600,Anadarko Basin - OK, DOOK7361600, OK,-98.811518,35.643089,,32.7666,-96.7779,230.466677,270,8.502548475,1,30,2.280819455,30,1.674525676,12.45789361,,NO,100,NO,112.4578936, DOOK7361600,,
EOR, DOTX6347400,Anadarko Basin - TX, DOTX6347400, TX,-100.423451,35.951881,,32.7666,-96.7779,303.059899,350,11.01433699,1,40,2.973726631,40,2.136463793,16.12452741,,NO,-70,YES,-53.87547259, DOTX6347400,,
EOR, DOTX6347600,Anadarko Basin - TX, DOTX6347600, TX,-100.423451,35.951881,,32.7666,-96.7779,303.059899,350,11.01433699,1,40,2.973726631,40,2.136463793,16.12452741,,NO,-47,NO,-30.87547259, DOTX6347600,,
EOR, DOTX6347800,Anadarko Basin - TX, DOTX6347800, TX,-100.423451,35.951881,,32.7666,-96.7779,303.059899,350,11.01433699,1,40,2.973726631,40,2.136463793,16.12452741,,NO,-91,YES,-74.87547259, DOTX6347800,,
EOR, DOTX6348400,Anadarko Basin - TX, DOTX6348400, TX,-100.423451,35.951881,,32.7666,-96.7779,303.059899,350,11.01433699,1,40,2.973726631,40,2.136463793,16.12452741,,NO,-106,YES,-89.87547259, DOTX6348400,,
EOR, DOTX6348900,Anadarko Basin - TX, DOTX6348900, TX,-100.423451,35.951881,,32.7666,-96.7779,303.059899,350,11.01433699,1,40,2.973726631,40,2.136463793,16.12452741,,NO,6,YES,22.12452741, DOTX6348900,,
EOR, DOTX6349000,Anadarko Basin - TX, DOTX6349000, TX,-100.423451,35.951881,,32.7666,-96.7779,303.059899,350,11.01433699,1,40,2.973726631,40,2.136463793,16.12452741,,NO,-132,YES,-115.8754726, DOTX6349000,,
EOR, DOTX6351800,Anadarko Basin - TX, DOTX6351800, TX,-100.423451,35.951881,,32.7666,-96.7779,303.059899,350,11.01433699,1,40,2.973726631,40,2.136463793,16.12452741,,NO,-122,YES,-105.8754726, DOTX6351800,,
EOR, DOTX6352800,Anadarko Basin - TX, DOTX6352800, TX,-100.423451,35.951881,,32.7666,-96.7779,303.059899,350,11.01433699,1,40,2.973726631,40,2.136463793,16.12452741,,NO,-5,YES,11.12452741, DOTX6352800,,
EOR, DOTX6353800,Anadarko Basin - TX, DOTX6353800, TX,-100.423451,35.951881,,32.7666,-96.7779,303.059899,350,11.01433699,1,40,2.973726631,40,2.136463793,16.12452741,,NO,-70,NO,-53.87547259, DOTX6353800,,
EOR, DOTX6354100,Anadarko Basin - TX, DOTX6354100, TX,-100.423451,35.951881,,32.7666,-96.7779,303.059899,350,11.01433699,1,40,2.973726631,40,2.136463793,16.12452741,,NO,-8,NO,8.124527413, DOTX6354100,,
EOR, DOTX6369500,Anadarko Basin - TX, DOTX6369500, TX,-100.423451,35.951881,,32.7666,-96.7779,303.059899,350,11.01433699,1,40,2.973726631,40,2.136463793,16.12452741,,NO,100,NO,116.1245274, DOTX6369500,,
EOR, DOTX6377400,Anadarko Basin - TX, DOTX6377400, TX,-100.423451,35.951881,,32.7666,-96.7779,303.059899,350,11.01433699,1,40,2.973726631,40,2.136463793,16.12452741,,NO,-46,YES,-29.87547259, DOTX6377400,,
EOR, DOTX6381000,Anadarko Basin - TX, DOTX6381000, TX,-100.423451,35.951881,,32.7666,-96.7779,303.059899,350,11.01433699,1,40,2.973726631,40,2.136463793,16.12452741,,NO,100,NO,116.1245274, DOTX6381000,,
EOR, DOTX6382600,Anadarko Basin - TX, DOTX6382600, TX,-100.423451,35.951881,,32.7666,-96.7779,303.059899,350,11.01433699,1,40,2.973726631,40,2.136463793,16.12452741,,NO,100,NO,116.1245274, DOTX6382600,,
EOR, DOTX6383900,Anadarko Basin - TX, DOTX6383900, TX,-100.423451,35.951881,,32.7666,-96.7779,303.059899,350,11.01433699,1,40,2.973726631,40,2.136463793,16.12452741,,NO,100,NO,116.1245274, DOTX6383900,,
EOR, DOTX6744600,Anadarko Basin - TX, DOTX6744600, TX,-100.423451,35.951881,,32.7666,-96.7779,303.059899,350,11.01433699,1,40,2.973726631,40,2.136463793,16.12452741,,YES,-75,NO,-58.87547259, DOTX6744600,,
EOR, DONY7299100,Appalachian Basin - NY, DONY7299100, NY,-76.413601,42.609829,,32.7666,-96.7779,1301.020692,1500,#N/A,1,50,4.013087396,50,2.569530778,#N/A,,NO,100,NO,#N/A, DONY7299100,,
EOR, DOTN6499900,Appalachian Basin - TN, DOTN6499900, TN,-84.477099,36.301836,,32.7666,-96.7779,741.6876429,850,25.96958354,1,50,4.013087396,50,2.569530778,32.55220172,,NO,100,NO,132.5522017, DOTN6499900,,
EOR, DOVA6799900,Appalachian Basin - VA, DOVA6799900, VA,-80.893616,37.494133,,32.7666,-96.7779,954.7384896,1100,#N/A,1,50,4.013087396,50,2.569530778,#N/A,,NO,100,NO,#N/A, DOVA6799900,,
EOR, DOOK6264900,Arkoma Basin - OK, DOOK6264900, OK,-95.537519,35.050822,,32.7666,-96.7779,173.2996317,200,6.669231571,1,20,1.602347845,20,1.024925198,9.296504614,,YES,100,NO,109.2965046, DOOK6264900,,
EOR, DOOK6265000,Arkoma Basin - OK, DOOK6265000, OK,-95.537519,35.050822,,32.7666,-96.7779,173.2996317,200,6.669231571,1,20,1.602347845,20,1.024925198,9.296504614,,NO,32,NO,41.29650461, DOOK6265000,,
EOR, DOOK6298200,Arkoma Basin - OK, DOOK6298200, OK,-95.537519,35.050822,,32.7666,-96.7779,173.2996317,200,6.669231571,1,20,1.602347845,20,1.024925198,9.296504614,,NO,100,NO,109.2965046, DOOK6298200,,
EOR, DOOK6298300,Arkoma Basin - OK, DOOK6298300, OK,-95.537519,35.050822,,32.7666,-96.7779,173.2996317,200,6.669231571,1,20,1.602347845,20,1.024925198,9.296504614,,YES,100,NO,109.2965046, DOOK6298300,,
EOR, DOOK6306800,Arkoma Basin - OK, DOOK6306800, OK,-95.537519,35.050822,,32.7666,-96.7779,173.2996317,200,6.669231571,1,20,1.602347845,20,1.024925198,9.296504614,,YES,100,NO,109.2965046, DOOK6306800,,
EOR, DOOK6317200,Arkoma Basin - OK, DOOK6317200, OK,-95.537519,35.050822,,32.7666,-96.7779,173.2996317,200,6.669231571,1,20,1.602347845,20,1.024925198,9.296504614,,YES,100,NO,109.2965046, DOOK6317200,,
EOR, DOOK6327400,Arkoma Basin - OK, DOOK6327400, OK,-95.537519,35.050822,,32.7666,-96.7779,173.2996317,200,6.669231571,1,20,1.602347845,20,1.024925198,9.296504614,,NO,9,NO,18.29650461, DOOK6327400,,
EOR, DOOK6327600,Arkoma Basin - OK, DOOK6327600, OK,-95.537519,35.050822,,32.7666,-96.7779,173.2996317,200,6.669231571,1,20,1.602347845,20,1.024925198,9.296504614,,NO,100,NO,109.2965046, DOOK6327600,,
EOR, DOOK6339900,Arkoma Basin - OK, DOOK6339900, OK,-95.537519,35.050822,,32.7666,-96.7779,173.2996317,200,6.669231571,1,20,1.602347845,20,1.024925198,9.296504614,,YES,100,NO,109.2965046, DOOK6339900,,
EOR, DOOK6270500,Bend Arch - Ft. Worth Basin - OK, DOOK6270500, OK,-98.288856,34.240032,,32.7666,-96.7779,134.0934934,150,4.893656932,1,20,1.602347845,20,1.024925198,7.520929975,,NO,100,NO,107.52093, DOOK6270500,,
EOR, DOOK6737400,Bend Arch - Ft. Worth Basin - OK, DOOK6737400, OK,-98.288856,34.240032,,32.7666,-96.7779,134.0934934,150,4.893656932,1,20,1.602347845,20,1.024925198,7.520929975,,NO,-77,NO,-69.47907002, DOOK6737400,,
EOR, DOOK6737500,Bend Arch - Ft. Worth Basin - OK, DOOK6737500, OK,-98.288856,34.240032,,32.7666,-96.7779,134.0934934,150,4.893656932,1,20,1.602347845,20,1.024925198,7.520929975,,NO,100,NO,107.52093, DOOK6737500,,
EOR, DOOK6737600,Bend Arch - Ft. Worth Basin - OK, DOOK6737600, OK,-98.288856,34.240032,,32.7666,-96.7779,134.0934934,150,4.893656932,1,20,1.602347845,20,1.024925198,7.520929975,,NO,100,NO,107.52093, DOOK6737600,,
EOR, DOOK6737700,Bend Arch - Ft. Worth Basin - OK, DOOK6737700, OK,-98.288856,34.240032,,32.7666,-96.7779,134.0934934,150,4.893656932,1,20,1.602347845,20,1.024925198,7.520929975,,YES,100,NO,107.52093, DOOK6737700,,
EOR, DOOK6737800,Bend Arch - Ft. Worth Basin - OK, DOOK6737800, OK,-98.288856,34.240032,,32.7666,-96.7779,134.0934934,150,4.893656932,1,20,1.602347845,20,1.024925198,7.520929975,,NO,-37,NO,-29.47907002, DOOK6737800,,
EOR, DOOK6738500,Bend Arch - Ft. Worth Basin - OK, DOOK6738500, OK,-98.288856,34.240032,,32.7666,-96.7779,134.0934934,150,4.893656932,1,20,1.602347845,20,1.024925198,7.520929975,,YES,-19,NO,-11.47907002, DOOK6738500,,
EOR, DOOK6738600,Bend Arch - Ft. Worth Basin - OK, DOOK6738600, OK,-98.288856,34.240032,,32.7666,-96.7779,134.0934934,150,4.893656932,1,20,1.602347845,20,1.024925198,7.520929975,,NO,36,NO,43.52092998, DOOK6738600,,
EOR, DOOK6743600,Bend Arch - Ft. Worth Basin - OK, DOOK6743600, OK,-98.288856,34.240032,,32.7666,-96.7779,134.0934934,150,4.893656932,1,20,1.602347845,20,1.024925198,7.520929975,,NO,100,NO,107.52093, DOOK6743600,,
EOR, DOTX6268400,Bend Arch - Ft. Worth Basin - TX, DOTX6268400, TX,-98.661315,32.528536,,32.7666,-96.7779,110.920943,130,4.359540984,1,10,0.837262838,10,0.620729345,5.817533167,,NO,-155,YES,-149.1824668, DOTX6268400,,
EOR, DOTX6268500,Bend Arch - Ft. Worth Basin - TX, DOTX6268500, TX,-98.661315,32.528536,,32.7666,-96.7779,110.920943,130,4.359540984,1,10,0.837262838,10,0.620729345,5.817533167,,YES,100,YES,105.8175332, DOTX6268500,,
EOR, DOTX6268700,Bend Arch - Ft. Worth Basin - TX, DOTX6268700, TX,-98.661315,32.528536,,32.7666,-96.7779,110.920943,130,4.359540984,1,10,0.837262838,10,0.620729345,5.817533167,,NO,-90,YES,-84.18246683, DOTX6268700,,
EOR, DOTX6269800,Bend Arch - Ft. Worth Basin - TX, DOTX6269800, TX,-98.661315,32.528536,,32.7666,-96.7779,110.920943,130,4.359540984,1,10,0.837262838,10,0.620729345,5.817533167,,NO,-32,YES,-26.18246683, DOTX6269800,,
EOR, DOTX6270600,Bend Arch - Ft. Worth Basin - TX, DOTX6270600, TX,-98.661315,32.528536,,32.7666,-96.7779,110.920943,130,4.359540984,1,10,0.837262838,10,0.620729345,5.817533167,,NO,-26,YES,-20.18246683, DOTX6270600,,
EOR, DOTX6270800,Bend Arch - Ft. Worth Basin - TX, DOTX6270800, TX,-98.661315,32.528536,,32.7666,-96.7779,110.920943,130,4.359540984,1,10,0.837262838,10,0.620729345,5.817533167,,YES,100,NO,105.8175332, DOTX6270800,,
EOR, DOTX6272700,Bend Arch - Ft. Worth Basin - TX, DOTX6272700, TX,-98.661315,32.528536,,32.7666,-96.7779,110.920943,130,4.359540984,1,10,0.837262838,10,0.620729345,5.817533167,,NO,-4,YES,1.817533167, DOTX6272700,,
EOR, DOTX6272800,Bend Arch - Ft. Worth Basin - TX, DOTX6272800, TX,-98.661315,32.528536,,32.7666,-96.7779,110.920943,130,4.359540984,1,10,0.837262838,10,0.620729345,5.817533167,,NO,92,YES,97.81753317, DOTX6272800,,
EOR, DOTX6272900,Bend Arch - Ft. Worth Basin - TX, DOTX6272900, TX,-98.661315,32.528536,,32.7666,-96.7779,110.920943,130,4.359540984,1,10,0.837262838,10,0.620729345,5.817533167,,NO,100,NO,105.8175332, DOTX6272900,,
EOR, DOTX6273300,Bend Arch - Ft. Worth Basin - TX, DOTX6273300, TX,-98.661315,32.528536,,32.7666,-96.7779,110.920943,130,4.359540984,1,10,0.837262838,10,0.620729345,5.817533167,,YES,100,NO,105.8175332, DOTX6273300,,
EOR, DOTX6273500,Bend Arch - Ft. Worth Basin - TX, DOTX6273500, TX,-98.661315,32.528536,,32.7666,-96.7779,110.920943,130,4.359540984,1,10,0.837262838,10,0.620729345,5.817533167,,NO,24,YES,29.81753317, DOTX6273500,,
EOR, DOTX6273600,Bend Arch - Ft. Worth Basin - TX, DOTX6273600, TX,-98.661315,32.528536,,32.7666,-96.7779,110.920943,130,4.359540984,1,10,0.837262838,10,0.620729345,5.817533167,,YES,42,NO,47.81753317, DOTX6273600,,
EOR, DOTX6273900,Bend Arch - Ft. Worth Basin - TX, DOTX6273900, TX,-98.661315,32.528536,,32.7666,-96.7779,110.920943,130,4.359540984,1,10,0.837262838,10,0.620729345,5.817533167,,NO,8,YES,13.81753317, DOTX6273900,,
EOR, DOTX6274000,Bend Arch - Ft. Worth Basin - TX, DOTX6274000, TX,-98.661315,32.528536,,32.7666,-96.7779,110.920943,130,4.359540984,1,10,0.837262838,10,0.620729345,5.817533167,,YES,16,NO,21.81753317, DOTX6274000,,
EOR, DOTX6274500,Bend Arch - Ft. Worth Basin - TX, DOTX6274500, TX,-98.661315,32.528536,,32.7666,-96.7779,110.920943,130,4.359540984,1,10,0.837262838,10,0.620729345,5.817533167,,NO,96,NO,101.8175332, DOTX6274500,,
EOR, DOTX6275700,Bend Arch - Ft. Worth Basin - TX, DOTX6275700, TX,-98.661315,32.528536,,32.7666,-96.7779,110.920943,130,4.359540984,1,10,0.837262838,10,0.620729345,5.817533167,,YES,100,NO,105.8175332, DOTX6275700,,
EOR, DOTX6276200,Bend Arch - Ft. Worth Basin - TX, DOTX6276200, TX,-98.661315,32.528536,,32.7666,-96.7779,110.920943,130,4.359540984,1,10,0.837262838,10,0.620729345,5.817533167,,NO,54,NO,59.81753317, DOTX6276200,,
EOR, DOTX6276800,Bend Arch - Ft. Worth Basin - TX, DOTX6276800, TX,-98.661315,32.528536,,32.7666,-96.7779,110.920943,130,4.359540984,1,10,0.837262838,10,0.620729345,5.817533167,,NO,100,NO,105.8175332, DOTX6276800,,
EOR, DOTX6278400,Bend Arch - Ft. Worth Basin - TX, DOTX6278400, TX,-98.661315,32.528536,,32.7666,-96.7779,110.920943,130,4.359540984,1,10,0.837262838,10,0.620729345,5.817533167,,YES,100,NO,105.8175332, DOTX6278400,,
EOR, DOTX6278500,Bend Arch - Ft. Worth Basin - TX, DOTX6278500, TX,-98.661315,32.528536,,32.7666,-96.7779,110.920943,130,4.359540984,1,10,0.837262838,10,0.620729345,5.817533167,,YES,100,NO,105.8175332, DOTX6278500,,
EOR, DOTX6279700,Bend Arch - Ft. Worth Basin - TX, DOTX6279700, TX,-98.661315,32.528536,,32.7666,-96.7779,110.920943,130,4.359540984,1,10,0.837262838,10,0.620729345,5.817533167,,NO,100,NO,105.8175332, DOTX6279700,,
EOR, DOTX6282000,Bend Arch - Ft. Worth Basin - TX, DOTX6282000, TX,-98.661315,32.528536,,32.7666,-96.7779,110.920943,130,4.359540984,1,10,0.837262838,10,0.620729345,5.817533167,,NO,100,NO,105.8175332, DOTX6282000,,
EOR, DOTX6282900,Bend Arch - Ft. Worth Basin - TX, DOTX6282900, TX,-98.661315,32.528536,,32.7666,-96.7779,110.920943,130,4.359540984,1,10,0.837262838,10,0.620729345,5.817533167,,NO,39,YES,44.81753317, DOTX6282900,,
EOR, DOTX6525600,Bend Arch - Ft. Worth Basin - TX, DOTX6525600, TX,-98.661315,32.528536,,32.7666,-96.7779,110.920943,130,4.359540984,1,10,0.837262838,10,0.620729345,5.817533167,,NO,100,YES,105.8175332, DOTX6525600,,
EOR, DOTX6525700,Bend Arch - Ft. Worth Basin - TX, DOTX6525700, TX,-98.661315,32.528536,,32.7666,-96.7779,110.920943,130,4.359540984,1,10,0.837262838,10,0.620729345,5.817533167,,NO,-45,YES,-39.18246683, DOTX6525700,,
EOR, DOTX6526000,Bend Arch - Ft. Worth Basin - TX, DOTX6526000, TX,-98.661315,32.528536,,32.7666,-96.7779,110.920943,130,4.359540984,1,10,0.837262838,10,0.620729345,5.817533167,,YES,100,NO,105.8175332, DOTX6526000,,
EOR, DOTX6526100,Bend Arch - Ft. Worth Basin - TX, DOTX6526100, TX,-98.661315,32.528536,,32.7666,-96.7779,110.920943,130,4.359540984,1,10,0.837262838,10,0.620729345,5.817533167,,NO,100,NO,105.8175332, DOTX6526100,,
EOR, DOTX6526200,Bend Arch - Ft. Worth Basin - TX, DOTX6526200, TX,-98.661315,32.528536,,32.7666,-96.7779,110.920943,130,4.359540984,1,10,0.837262838,10,0.620729345,5.817533167,,YES,100,NO,105.8175332, DOTX6526200,,
EOR, DOTX6526300,Bend Arch - Ft. Worth Basin - TX, DOTX6526300, TX,-98.661315,32.528536,,32.7666,-96.7779,110.920943,130,4.359540984,1,10,0.837262838,10,0.620729345,5.817533167,,YES,100,NO,105.8175332, DOTX6526300,,
EOR, DOTX6526400,Bend Arch - Ft. Worth Basin - TX, DOTX6526400, TX,-98.661315,32.528536,,32.7666,-96.7779,110.920943,130,4.359540984,1,10,0.837262838,10,0.620729345,5.817533167,,YES,90,NO,95.81753317, DOTX6526400,,
EOR, DOTX6527400,Bend Arch - Ft. Worth Basin - TX, DOTX6527400, TX,-98.661315,32.528536,,32.7666,-96.7779,110.920943,130,4.359540984,1,10,0.837262838,10,0.620729345,5.817533167,,NO,100,NO,105.8175332, DOTX6527400,,
EOR, DOTX6527800,Bend Arch - Ft. Worth Basin - TX, DOTX6527800, TX,-98.661315,32.528536,,32.7666,-96.7779,110.920943,130,4.359540984,1,10,0.837262838,10,0.620729345,5.817533167,,NO,100,YES,105.8175332, DOTX6527800,,
EOR, DOTX6528600,Bend Arch - Ft. Worth Basin - TX, DOTX6528600, TX,-98.661315,32.528536,,32.7666,-96.7779,110.920943,130,4.359540984,1,10,0.837262838,10,0.620729345,5.817533167,,NO,11,YES,16.81753317, DOTX6528600,,
EOR, DOTX6529000,Bend Arch - Ft. Worth Basin - TX, DOTX6529000, TX,-98.661315,32.528536,,32.7666,-96.7779,110.920943,130,4.359540984,1,10,0.837262838,10,0.620729345,5.817533167,,NO,100,NO,105.8175332, DOTX6529000,,
EOR, DOTX6529100,Bend Arch - Ft. Worth Basin - TX, DOTX6529100, TX,-98.661315,32.528536,,32.7666,-96.7779,110.920943,130,4.359540984,1,10,0.837262838,10,0.620729345,5.817533167,,NO,-84,YES,-78.18246683, DOTX6529100,,
EOR, DOTX6530300,Bend Arch - Ft. Worth Basin - TX, DOTX6530300, TX,-98.661315,32.528536,,32.7666,-96.7779,110.920943,130,4.359540984,1,10,0.837262838,10,0.620729345,5.817533167,,NO,100,NO,105.8175332, DOTX6530300,,
EOR, DOTX6530400,Bend Arch - Ft. Worth Basin - TX, DOTX6530400, TX,-98.661315,32.528536,,32.7666,-96.7779,110.920943,130,4.359540984,1,10,0.837262838,10,0.620729345,5.817533167,,NO,100,NO,105.8175332, DOTX6530400,,
EOR, DOTX6531500,Bend Arch - Ft. Worth Basin - TX, DOTX6531500, TX,-98.661315,32.528536,,32.7666,-96.7779,110.920943,130,4.359540984,1,10,0.837262838,10,0.620729345,5.817533167,,YES,100,NO,105.8175332, DOTX6531500,,
EOR, DOTX6532200,Bend Arch - Ft. Worth Basin - TX, DOTX6532200, TX,-98.661315,32.528536,,32.7666,-96.7779,110.920943,130,4.359540984,1,10,0.837262838,10,0.620729345,5.817533167,,NO,-50,YES,-44.18246683, DOTX6532200,,
EOR, DOTX6532300,Bend Arch - Ft. Worth Basin - TX, DOTX6532300, TX,-98.661315,32.528536,,32.7666,-96.7779,110.920943,130,4.359540984,1,10,0.837262838,10,0.620729345,5.817533167,,NO,100,NO,105.8175332, DOTX6532300,,
EOR, DOTX6532800,Bend Arch - Ft. Worth Basin - TX, DOTX6532800, TX,-98.661315,32.528536,,32.7666,-96.7779,110.920943,130,4.359540984,1,10,0.837262838,10,0.620729345,5.817533167,,NO,100,NO,105.8175332, DOTX6532800,,
EOR, DOTX6533000,Bend Arch - Ft. Worth Basin - TX, DOTX6533000, TX,-98.661315,32.528536,,32.7666,-96.7779,110.920943,130,4.359540984,1,10,0.837262838,10,0.620729345,5.817533167,,YES,99,NO,104.8175332, DOTX6533000,,
EOR, DOTX6534000,Bend Arch - Ft. Worth Basin - TX, DOTX6534000, TX,-98.661315,32.528536,,32.7666,-96.7779,110.920943,130,4.359540984,1,10,0.837262838,10,0.620729345,5.817533167,,YES,100,NO,105.8175332, DOTX6534000,,
EOR, DOTX6534100,Bend Arch - Ft. Worth Basin - TX, DOTX6534100, TX,-98.661315,32.528536,,32.7666,-96.7779,110.920943,130,4.359540984,1,10,0.837262838,10,0.620729345,5.817533167,,YES,100,NO,105.8175332, DOTX6534100,,
EOR, DOTX6534400,Bend Arch - Ft. Worth Basin - TX, DOTX6534400, TX,-98.661315,32.528536,,32.7666,-96.7779,110.920943,130,4.359540984,1,10,0.837262838,10,0.620729345,5.817533167,,YES,100,NO,105.8175332, DOTX6534400,,
EOR, DOTX6535300,Bend Arch - Ft. Worth Basin - TX, DOTX6535300, TX,-98.661315,32.528536,,32.7666,-96.7779,110.920943,130,4.359540984,1,10,0.837262838,10,0.620729345,5.817533167,,NO,100,YES,105.8175332, DOTX6535300,,
EOR, DOTX6535500,Bend Arch - Ft. Worth Basin - TX, DOTX6535500, TX,-98.661315,32.528536,,32.7666,-96.7779,110.920943,130,4.359540984,1,10,0.837262838,10,0.620729345,5.817533167,,NO,100,NO,105.8175332, DOTX6535500,,
EOR, DOTX6535700,Bend Arch - Ft. Worth Basin - TX, DOTX6535700, TX,-98.661315,32.528536,,32.7666,-96.7779,110.920943,130,4.359540984,1,10,0.837262838,10,0.620729345,5.817533167,,NO,100,NO,105.8175332, DOTX6535700,,
EOR, DOTX6536800,Bend Arch - Ft. Worth Basin - TX, DOTX6536800, TX,-98.661315,32.528536,,32.7666,-96.7779,110.920943,130,4.359540984,1,10,0.837262838,10,0.620729345,5.817533167,,YES,100,NO,105.8175332, DOTX6536800,,
EOR, DOTX6537100,Bend Arch - Ft. Worth Basin - TX, DOTX6537100, TX,-98.661315,32.528536,,32.7666,-96.7779,110.920943,130,4.359540984,1,10,0.837262838,10,0.620729345,5.817533167,,NO,-9,YES,-3.182466833, DOTX6537100,,
EOR, DOTX6537500,Bend Arch - Ft. Worth Basin - TX, DOTX6537500, TX,-98.661315,32.528536,,32.7666,-96.7779,110.920943,130,4.359540984,1,10,0.837262838,10,0.620729345,5.817533167,,NO,100,NO,105.8175332, DOTX6537500,,
EOR, DOTX6538000,Bend Arch - Ft. Worth Basin - TX, DOTX6538000, TX,-98.661315,32.528536,,32.7666,-96.7779,110.920943,130,4.359540984,1,10,0.837262838,10,0.620729345,5.817533167,,NO,100,NO,105.8175332, DOTX6538000,,
EOR, DOTX6538400,Bend Arch - Ft. Worth Basin - TX, DOTX6538400, TX,-98.661315,32.528536,,32.7666,-96.7779,110.920943,130,4.359540984,1,10,0.837262838,10,0.620729345,5.817533167,,NO,-24,YES,-18.18246683, DOTX6538400,,
EOR, DOTX6538500,Bend Arch - Ft. Worth Basin - TX, DOTX6538500, TX,-98.661315,32.528536,,32.7666,-96.7779,110.920943,130,4.359540984,1,10,0.837262838,10,0.620729345,5.817533167,,NO,75,NO,80.81753317, DOTX6538500,,
EOR, DOTX6540700,Bend Arch - Ft. Worth Basin - TX, DOTX6540700, TX,-98.661315,32.528536,,32.7666,-96.7779,110.920943,130,4.359540984,1,10,0.837262838,10,0.620729345,5.817533167,,NO,100,NO,105.8175332, DOTX6540700,,
EOR, DOTX6541000,Bend Arch - Ft. Worth Basin - TX, DOTX6541000, TX,-98.661315,32.528536,,32.7666,-96.7779,110.920943,130,4.359540984,1,10,0.837262838,10,0.620729345,5.817533167,,NO,-4,YES,1.817533167, DOTX6541000,,
EOR, DOTX6541500,Bend Arch - Ft. Worth Basin - TX, DOTX6541500, TX,-98.661315,32.528536,,32.7666,-96.7779,110.920943,130,4.359540984,1,10,0.837262838,10,0.620729345,5.817533167,,NO,-5,YES,0.817533167, DOTX6541500,,
EOR, DOTX6542800,Bend Arch - Ft. Worth Basin - TX, DOTX6542800, TX,-98.661315,32.528536,,32.7666,-96.7779,110.920943,130,4.359540984,1,10,0.837262838,10,0.620729345,5.817533167,,NO,100,NO,105.8175332, DOTX6542800,,
EOR, DOTX6543400,Bend Arch - Ft. Worth Basin - TX, DOTX6543400, TX,-98.661315,32.528536,,32.7666,-96.7779,110.920943,130,4.359540984,1,10,0.837262838,10,0.620729345,5.817533167,,NO,-72,YES,-66.18246683, DOTX6543400,,
EOR, DOTX6543500,Bend Arch - Ft. Worth Basin - TX, DOTX6543500, TX,-98.661315,32.528536,,32.7666,-96.7779,110.920943,130,4.359540984,1,10,0.837262838,10,0.620729345,5.817533167,,YES,100,NO,105.8175332, DOTX6543500,,
EOR, DOTX6544300,Bend Arch - Ft. Worth Basin - TX, DOTX6544300, TX,-98.661315,32.528536,,32.7666,-96.7779,110.920943,130,4.359540984,1,10,0.837262838,10,0.620729345,5.817533167,,NO,100,NO,105.8175332, DOTX6544300,,
EOR, DOTX6544500,Bend Arch - Ft. Worth Basin - TX, DOTX6544500, TX,-98.661315,32.528536,,32.7666,-96.7779,110.920943,130,4.359540984,1,10,0.837262838,10,0.620729345,5.817533167,,NO,100,NO,105.8175332, DOTX6544500,,
EOR, DOTX6544800,Bend Arch - Ft. Worth Basin - TX, DOTX6544800, TX,-98.661315,32.528536,,32.7666,-96.7779,110.920943,130,4.359540984,1,10,0.837262838,10,0.620729345,5.817533167,,YES,100,NO,105.8175332, DOTX6544800,,
EOR, DOTX6545000,Bend Arch - Ft. Worth Basin - TX, DOTX6545000, TX,-98.661315,32.528536,,32.7666,-96.7779,110.920943,130,4.359540984,1,10,0.837262838,10,0.620729345,5.817533167,,NO,37,NO,42.81753317, DOTX6545000,,
EOR, DOTX6545100,Bend Arch - Ft. Worth Basin - TX, DOTX6545100, TX,-98.661315,32.528536,,32.7666,-96.7779,110.920943,130,4.359540984,1,10,0.837262838,10,0.620729345,5.817533167,,NO,100,NO,105.8175332, DOTX6545100,,
EOR, DOTX6545200,Bend Arch - Ft. Worth Basin - TX, DOTX6545200, TX,-98.661315,32.528536,,32.7666,-96.7779,110.920943,130,4.359540984,1,10,0.837262838,10,0.620729345,5.817533167,,NO,52,YES,57.81753317, DOTX6545200,,
EOR, DOTX6545600,Bend Arch - Ft. Worth Basin - TX, DOTX6545600, TX,-98.661315,32.528536,,32.7666,-96.7779,110.920943,130,4.359540984,1,10,0.837262838,10,0.620729345,5.817533167,,NO,-8,NO,-2.182466833, DOTX6545600,,
EOR, DOTX6545800,Bend Arch - Ft. Worth Basin - TX, DOTX6545800, TX,-98.661315,32.528536,,32.7666,-96.7779,110.920943,130,4.359540984,1,10,0.837262838,10,0.620729345,5.817533167,,YES,100,NO,105.8175332, DOTX6545800,,
EOR, DOTX6546300,Bend Arch - Ft. Worth Basin - TX, DOTX6546300, TX,-98.661315,32.528536,,32.7666,-96.7779,110.920943,130,4.359540984,1,10,0.837262838,10,0.620729345,5.817533167,,YES,100,NO,105.8175332, DOTX6546300,,
EOR, DOTX6546800,Bend Arch - Ft. Worth Basin - TX, DOTX6546800, TX,-98.661315,32.528536,,32.7666,-96.7779,110.920943,130,4.359540984,1,10,0.837262838,10,0.620729345,5.817533167,,NO,100,NO,105.8175332, DOTX6546800,,
EOR, DOTX6547400,Bend Arch - Ft. Worth Basin - TX, DOTX6547400, TX,-98.661315,32.528536,,32.7666,-96.7779,110.920943,130,4.359540984,1,10,0.837262838,10,0.620729345,5.817533167,,YES,100,NO,105.8175332, DOTX6547400,,
EOR, DOTX6549200,Bend Arch - Ft. Worth Basin - TX, DOTX6549200, TX,-98.661315,32.528536,,32.7666,-96.7779,110.920943,130,4.359540984,1,10,0.837262838,10,0.620729345,5.817533167,,YES,100,NO,105.8175332, DOTX6549200,,
EOR, DOTX6549600,Bend Arch - Ft. Worth Basin - TX, DOTX6549600, TX,-98.661315,32.528536,,32.7666,-96.7779,110.920943,130,4.359540984,1,10,0.837262838,10,0.620729345,5.817533167,,NO,93,NO,98.81753317, DOTX6549600,,
EOR, DOTX6550000,Bend Arch - Ft. Worth Basin - TX, DOTX6550000, TX,-98.661315,32.528536,,32.7666,-96.7779,110.920943,130,4.359540984,1,10,0.837262838,10,0.620729345,5.817533167,,NO,-37,NO,-31.18246683, DOTX6550000,,
EOR, DOTX6550100,Bend Arch - Ft. Worth Basin - TX, DOTX6550100, TX,-98.661315,32.528536,,32.7666,-96.7779,110.920943,130,4.359540984,1,10,0.837262838,10,0.620729345,5.817533167,,NO,100,NO,105.8175332, DOTX6550100,,
EOR, DOTX6550200,Bend Arch - Ft. Worth Basin - TX, DOTX6550200, TX,-98.661315,32.528536,,32.7666,-96.7779,110.920943,130,4.359540984,1,10,0.837262838,10,0.620729345,5.817533167,,YES,100,NO,105.8175332, DOTX6550200,,
EOR, DOTX6550600,Bend Arch - Ft. Worth Basin - TX, DOTX6550600, TX,-98.661315,32.528536,,32.7666,-96.7779,110.920943,130,4.359540984,1,10,0.837262838,10,0.620729345,5.817533167,,NO,7,NO,12.81753317, DOTX6550600,,
EOR, DOTX6550700,Bend Arch - Ft. Worth Basin - TX, DOTX6550700, TX,-98.661315,32.528536,,32.7666,-96.7779,110.920943,130,4.359540984,1,10,0.837262838,10,0.620729345,5.817533167,,NO,100,NO,105.8175332, DOTX6550700,,
EOR, DOTX6552300,Bend Arch - Ft. Worth Basin - TX, DOTX6552300, TX,-98.661315,32.528536,,32.7666,-96.7779,110.920943,130,4.359540984,1,10,0.837262838,10,0.620729345,5.817533167,,YES,100,NO,105.8175332, DOTX6552300,,
EOR, DOTX6552400,Bend Arch - Ft. Worth Basin - TX, DOTX6552400, TX,-98.661315,32.528536,,32.7666,-96.7779,110.920943,130,4.359540984,1,10,0.837262838,10,0.620729345,5.817533167,,YES,100,NO,105.8175332, DOTX6552400,,
EOR, DOTX6552800,Bend Arch - Ft. Worth Basin - TX, DOTX6552800, TX,-98.661315,32.528536,,32.7666,-96.7779,110.920943,130,4.359540984,1,10,0.837262838,10,0.620729345,5.817533167,,YES,100,NO,105.8175332, DOTX6552800,,
EOR, DOTX6553300,Bend Arch - Ft. Worth Basin - TX, DOTX6553300, TX,-98.661315,32.528536,,32.7666,-96.7779,110.920943,130,4.359540984,1,10,0.837262838,10,0.620729345,5.817533167,,NO,100,NO,105.8175332, DOTX6553300,,
EOR, DOTX6554500,Bend Arch - Ft. Worth Basin - TX, DOTX6554500, TX,-98.661315,32.528536,,32.7666,-96.7779,110.920943,130,4.359540984,1,10,0.837262838,10,0.620729345,5.817533167,,NO,100,NO,105.8175332, DOTX6554500,,
EOR, DOTX6555300,Bend Arch - Ft. Worth Basin - TX, DOTX6555300, TX,-98.661315,32.528536,,32.7666,-96.7779,110.920943,130,4.359540984,1,10,0.837262838,10,0.620729345,5.817533167,,YES,100,NO,105.8175332, DOTX6555300,,
EOR, DOTX6555700,Bend Arch - Ft. Worth Basin - TX, DOTX6555700, TX,-98.661315,32.528536,,32.7666,-96.7779,110.920943,130,4.359540984,1,10,0.837262838,10,0.620729345,5.817533167,,NO,-23,NO,-17.18246683, DOTX6555700,,
EOR, DOTX6556000,Bend Arch - Ft. Worth Basin - TX, DOTX6556000, TX,-98.661315,32.528536,,32.7666,-96.7779,110.920943,130,4.359540984,1,10,0.837262838,10,0.620729345,5.817533167,,NO,100,NO,105.8175332, DOTX6556000,,
EOR, DOTX6558300,Bend Arch - Ft. Worth Basin - TX, DOTX6558300, TX,-98.661315,32.528536,,32.7666,-96.7779,110.920943,130,4.359540984,1,10,0.837262838,10,0.620729345,5.817533167,,NO,100,NO,105.8175332, DOTX6558300,,
EOR, DOTX6558700,Bend Arch - Ft. Worth Basin - TX, DOTX6558700, TX,-98.661315,32.528536,,32.7666,-96.7779,110.920943,130,4.359540984,1,10,0.837262838,10,0.620729345,5.817533167,,NO,100,NO,105.8175332, DOTX6558700,,
EOR, DOTX6559000,Bend Arch - Ft. Worth Basin - TX, DOTX6559000, TX,-98.661315,32.528536,,32.7666,-96.7779,110.920943,130,4.359540984,1,10,0.837262838,10,0.620729345,5.817533167,,NO,-43,NO,-37.18246683, DOTX6559000,,
EOR, DOTX6559500,Bend Arch - Ft. Worth Basin - TX, DOTX6559500, TX,-98.661315,32.528536,,32.7666,-96.7779,110.920943,130,4.359540984,1,10,0.837262838,10,0.620729345,5.817533167,,NO,100,NO,105.8175332, DOTX6559500,,
EOR, DOTX6559600,Bend Arch - Ft. Worth Basin - TX, DOTX6559600, TX,-98.661315,32.528536,,32.7666,-96.7779,110.920943,130,4.359540984,1,10,0.837262838,10,0.620729345,5.817533167,,NO,-1,NO,4.817533167, DOTX6559600,,
EOR, DOTX6560000,Bend Arch - Ft. Worth Basin - TX, DOTX6560000, TX,-98.661315,32.528536,,32.7666,-96.7779,110.920943,130,4.359540984,1,10,0.837262838,10,0.620729345,5.817533167,,NO,-104,YES,-98.18246683, DOTX6560000,,
EOR, DOTX6560400,Bend Arch - Ft. Worth Basin - TX, DOTX6560400, TX,-98.661315,32.528536,,32.7666,-96.7779,110.920943,130,4.359540984,1,10,0.837262838,10,0.620729345,5.817533167,,YES,100,NO,105.8175332, DOTX6560400,,
EOR, DOTX6582700,Bend Arch - Ft. Worth Basin - TX, DOTX6582700, TX,-98.661315,32.528536,,32.7666,-96.7779,110.920943,130,4.359540984,1,10,0.837262838,10,0.620729345,5.817533167,,NO,37,NO,42.81753317, DOTX6582700,,
EOR, DOTX6587700,Bend Arch - Ft. Worth Basin - TX, DOTX6587700, TX,-98.661315,32.528536,,32.7666,-96.7779,110.920943,130,4.359540984,1,10,0.837262838,10,0.620729345,5.817533167,,NO,100,NO,105.8175332, DOTX6587700,,
EOR, DOTX6588900,Bend Arch - Ft. Worth Basin - TX, DOTX6588900, TX,-98.661315,32.528536,,32.7666,-96.7779,110.920943,130,4.359540984,1,10,0.837262838,10,0.620729345,5.817533167,,YES,100,NO,105.8175332, DOTX6588900,,
EOR, DOTX6589800,Bend Arch - Ft. Worth Basin - TX, DOTX6589800, TX,-98.661315,32.528536,,32.7666,-96.7779,110.920943,130,4.359540984,1,10,0.837262838,10,0.620729345,5.817533167,,NO,75,NO,80.81753317, DOTX6589800,,
EOR, DOTX6591000,Bend Arch - Ft. Worth Basin - TX, DOTX6591000, TX,-98.661315,32.528536,,32.7666,-96.7779,110.920943,130,4.359540984,1,10,0.837262838,10,0.620729345,5.817533167,,NO,-20,YES,-14.18246683, DOTX6591000,,
EOR, DOTX6598900,Bend Arch - Ft. Worth Basin - TX, DOTX6598900, TX,-98.661315,32.528536,,32.7666,-96.7779,110.920943,130,4.359540984,1,10,0.837262838,10,0.620729345,5.817533167,,YES,100,NO,105.8175332, DOTX6598900,,
EOR, DOTX6599700,Bend Arch - Ft. Worth Basin - TX, DOTX6599700, TX,-98.661315,32.528536,,32.7666,-96.7779,110.920943,130,4.359540984,1,10,0.837262838,10,0.620729345,5.817533167,,YES,-41,NO,-35.18246683, DOTX6599700,,
EOR, DOTX6601800,Bend Arch - Ft. Worth Basin - TX, DOTX6601800, TX,-98.661315,32.528536,,32.7666,-96.7779,110.920943,130,4.359540984,1,10,0.837262838,10,0.620729345,5.817533167,,YES,100,NO,105.8175332, DOTX6601800,,
EOR, DOTX6605900,Bend Arch - Ft. Worth Basin - TX, DOTX6605900, TX,-98.661315,32.528536,,32.7666,-96.7779,110.920943,130,4.359540984,1,10,0.837262838,10,0.620729345,5.817533167,,NO,100,NO,105.8175332, DOTX6605900,,
EOR, DOTX6607800,Bend Arch - Ft. Worth Basin - TX, DOTX6607800, TX,-98.661315,32.528536,,32.7666,-96.7779,110.920943,130,4.359540984,1,10,0.837262838,10,0.620729345,5.817533167,,NO,-92,YES,-86.18246683, DOTX6607800,,
EOR, DOTX6608200,Bend Arch - Ft. Worth Basin - TX, DOTX6608200, TX,-98.661315,32.528536,,32.7666,-96.7779,110.920943,130,4.359540984,1,10,0.837262838,10,0.620729345,5.817533167,,YES,100,NO,105.8175332, DOTX6608200,,
EOR, DOTX6610200,Bend Arch - Ft. Worth Basin - TX, DOTX6610200, TX,-98.661315,32.528536,,32.7666,-96.7779,110.920943,130,4.359540984,1,10,0.837262838,10,0.620729345,5.817533167,,NO,100,NO,105.8175332, DOTX6610200,,
EOR, DOTX6611300,Bend Arch - Ft. Worth Basin - TX, DOTX6611300, TX,-98.661315,32.528536,,32.7666,-96.7779,110.920943,130,4.359540984,1,10,0.837262838,10,0.620729345,5.817533167,,NO,-181,NO,-175.1824668, DOTX6611300,,
EOR, DOTX6612800,Bend Arch - Ft. Worth Basin - TX, DOTX6612800, TX,-98.661315,32.528536,,32.7666,-96.7779,110.920943,130,4.359540984,1,10,0.837262838,10,0.620729345,5.817533167,,NO,100,YES,105.8175332, DOTX6612800,,
EOR, DOTX6613600,Bend Arch - Ft. Worth Basin - TX, DOTX6613600, TX,-98.661315,32.528536,,32.7666,-96.7779,110.920943,130,4.359540984,1,10,0.837262838,10,0.620729345,5.817533167,,NO,95,NO,100.8175332, DOTX6613600,,
EOR, DOTX6614200,Bend Arch - Ft. Worth Basin - TX, DOTX6614200, TX,-98.661315,32.528536,,32.7666,-96.7779,110.920943,130,4.359540984,1,10,0.837262838,10,0.620729345,5.817533167,,YES,86,NO,91.81753317, DOTX6614200,,
EOR, DOTX6614300,Bend Arch - Ft. Worth Basin - TX, DOTX6614300, TX,-98.661315,32.528536,,32.7666,-96.7779,110.920943,130,4.359540984,1,10,0.837262838,10,0.620729345,5.817533167,,NO,2,YES,7.817533167, DOTX6614300,,
EOR, DOTX6614400,Bend Arch - Ft. Worth Basin - TX, DOTX6614400, TX,-98.661315,32.528536,,32.7666,-96.7779,110.920943,130,4.359540984,1,10,0.837262838,10,0.620729345,5.817533167,,YES,-25,NO,-19.18246683, DOTX6614400,,
EOR, DOTX6614500,Bend Arch - Ft. Worth Basin - TX, DOTX6614500, TX,-98.661315,32.528536,,32.7666,-96.7779,110.920943,130,4.359540984,1,10,0.837262838,10,0.620729345,5.817533167,,YES,100,NO,105.8175332, DOTX6614500,,
EOR, DOTX6615400,Bend Arch - Ft. Worth Basin - TX, DOTX6615400, TX,-98.661315,32.528536,,32.7666,-96.7779,110.920943,130,4.359540984,1,10,0.837262838,10,0.620729345,5.817533167,,NO,74,YES,79.81753317, DOTX6615400,,
EOR, DOTX6616600,Bend Arch - Ft. Worth Basin - TX, DOTX6616600, TX,-98.661315,32.528536,,32.7666,-96.7779,110.920943,130,4.359540984,1,10,0.837262838,10,0.620729345,5.817533167,,NO,33,YES,38.81753317, DOTX6616600,,
EOR, DOTX6617200,Bend Arch - Ft. Worth Basin - TX, DOTX6617200, TX,-98.661315,32.528536,,32.7666,-96.7779,110.920943,130,4.359540984,1,10,0.837262838,10,0.620729345,5.817533167,,NO,100,NO,105.8175332, DOTX6617200,,
EOR, DOTX6618500,Bend Arch - Ft. Worth Basin - TX, DOTX6618500, TX,-98.661315,32.528536,,32.7666,-96.7779,110.920943,130,4.359540984,1,10,0.837262838,10,0.620729345,5.817533167,,NO,81,NO,86.81753317, DOTX6618500,,
EOR, DOTX6620700,Bend Arch - Ft. Worth Basin - TX, DOTX6620700, TX,-98.661315,32.528536,,32.7666,-96.7779,110.920943,130,4.359540984,1,10,0.837262838,10,0.620729345,5.817533167,,YES,100,NO,105.8175332, DOTX6620700,,
EOR, DOTX6621400,Bend Arch - Ft. Worth Basin - TX, DOTX6621400, TX,-98.661315,32.528536,,32.7666,-96.7779,110.920943,130,4.359540984,1,10,0.837262838,10,0.620729345,5.817533167,,YES,100,NO,105.8175332, DOTX6621400,,
EOR, DOTX6621500,Bend Arch - Ft. Worth Basin - TX, DOTX6621500, TX,-98.661315,32.528536,,32.7666,-96.7779,110.920943,130,4.359540984,1,10,0.837262838,10,0.620729345,5.817533167,,NO,-18,YES,-12.18246683, DOTX6621500,,
EOR, DOTX6622200,Bend Arch - Ft. Worth Basin - TX, DOTX6622200, TX,-98.661315,32.528536,,32.7666,-96.7779,110.920943,130,4.359540984,1,10,0.837262838,10,0.620729345,5.817533167,,NO,100,NO,105.8175332, DOTX6622200,,
EOR, DOTX6622900,Bend Arch - Ft. Worth Basin - TX, DOTX6622900, TX,-98.661315,32.528536,,32.7666,-96.7779,110.920943,130,4.359540984,1,10,0.837262838,10,0.620729345,5.817533167,,NO,100,NO,105.8175332, DOTX6622900,,
EOR, DOTX6623600,Bend Arch - Ft. Worth Basin - TX, DOTX6623600, TX,-98.661315,32.528536,,32.7666,-96.7779,110.920943,130,4.359540984,1,10,0.837262838,10,0.620729345,5.817533167,,NO,100,NO,105.8175332, DOTX6623600,,
EOR, DOTX6623900,Bend Arch - Ft. Worth Basin - TX, DOTX6623900, TX,-98.661315,32.528536,,32.7666,-96.7779,110.920943,130,4.359540984,1,10,0.837262838,10,0.620729345,5.817533167,,YES,100,NO,105.8175332, DOTX6623900,,
EOR, DOTX6630100,Bend Arch - Ft. Worth Basin - TX, DOTX6630100, TX,-98.661315,32.528536,,32.7666,-96.7779,110.920943,130,4.359540984,1,10,0.837262838,10,0.620729345,5.817533167,,YES,100,NO,105.8175332, DOTX6630100,,
EOR, DOTX6633800,Bend Arch - Ft. Worth Basin - TX, DOTX6633800, TX,-98.661315,32.528536,,32.7666,-96.7779,110.920943,130,4.359540984,1,10,0.837262838,10,0.620729345,5.817533167,,NO,86,NO,91.81753317, DOTX6633800,,
EOR, DOTX6637200,Bend Arch - Ft. Worth Basin - TX, DOTX6637200, TX,-98.661315,32.528536,,32.7666,-96.7779,110.920943,130,4.359540984,1,10,0.837262838,10,0.620729345,5.817533167,,NO,100,NO,105.8175332, DOTX6637200,,
EOR, DOTX6638400,Bend Arch - Ft. Worth Basin - TX, DOTX6638400, TX,-98.661315,32.528536,,32.7666,-96.7779,110.920943,130,4.359540984,1,10,0.837262838,10,0.620729345,5.817533167,,NO,-65,YES,-59.18246683, DOTX6638400,,
EOR, DOTX6644300,Bend Arch - Ft. Worth Basin - TX, DOTX6644300, TX,-98.661315,32.528536,,32.7666,-96.7779,110.920943,130,4.359540984,1,10,0.837262838,10,0.620729345,5.817533167,,YES,100,NO,105.8175332, DOTX6644300,,
EOR, DOTX6647800,Bend Arch - Ft. Worth Basin - TX, DOTX6647800, TX,-98.661315,32.528536,,32.7666,-96.7779,110.920943,130,4.359540984,1,10,0.837262838,10,0.620729345,5.817533167,,YES,100,NO,105.8175332, DOTX6647800,,
EOR, DOTX6649300,Bend Arch - Ft. Worth Basin - TX, DOTX6649300, TX,-98.661315,32.528536,,32.7666,-96.7779,110.920943,130,4.359540984,1,10,0.837262838,10,0.620729345,5.817533167,,YES,45,NO,50.81753317, DOTX6649300,,
EOR, DOTX6650000,Bend Arch - Ft. Worth Basin - TX, DOTX6650000, TX,-98.661315,32.528536,,32.7666,-96.7779,110.920943,130,4.359540984,1,10,0.837262838,10,0.620729345,5.817533167,,NO,33,NO,38.81753317, DOTX6650000,,
EOR, DOTX6650900,Bend Arch - Ft. Worth Basin - TX, DOTX6650900, TX,-98.661315,32.528536,,32.7666,-96.7779,110.920943,130,4.359540984,1,10,0.837262838,10,0.620729345,5.817533167,,YES,100,NO,105.8175332, DOTX6650900,,
EOR, DOTX6651300,Bend Arch - Ft. Worth Basin - TX, DOTX6651300, TX,-98.661315,32.528536,,32.7666,-96.7779,110.920943,130,4.359540984,1,10,0.837262838,10,0.620729345,5.817533167,,NO,100,NO,105.8175332, DOTX6651300,,
EOR, DOTX6653700,Bend Arch - Ft. Worth Basin - TX, DOTX6653700, TX,-98.661315,32.528536,,32.7666,-96.7779,110.920943,130,4.359540984,1,10,0.837262838,10,0.620729345,5.817533167,,NO,100,NO,105.8175332, DOTX6653700,,
EOR, DOTX6654900,Bend Arch - Ft. Worth Basin - TX, DOTX6654900, TX,-98.661315,32.528536,,32.7666,-96.7779,110.920943,130,4.359540984,1,10,0.837262838,10,0.620729345,5.817533167,,NO,100,NO,105.8175332, DOTX6654900,,
EOR, DOTX6656000,Bend Arch - Ft. Worth Basin - TX, DOTX6656000, TX,-98.661315,32.528536,,32.7666,-96.7779,110.920943,130,4.359540984,1,10,0.837262838,10,0.620729345,5.817533167,,NO,100,NO,105.8175332, DOTX6656000,,
EOR, DOTX6657500,Bend Arch - Ft. Worth Basin - TX, DOTX6657500, TX,-98.661315,32.528536,,32.7666,-96.7779,110.920943,130,4.359540984,1,10,0.837262838,10,0.620729345,5.817533167,,NO,100,NO,105.8175332, DOTX6657500,,
EOR, DOTX6661400,Bend Arch - Ft. Worth Basin - TX, DOTX6661400, TX,-98.661315,32.528536,,32.7666,-96.7779,110.920943,130,4.359540984,1,10,0.837262838,10,0.620729345,5.817533167,,NO,-70,NO,-64.18246683, DOTX6661400,,
EOR, DOTX6668000,Bend Arch - Ft. Worth Basin - TX, DOTX6668000, TX,-98.661315,32.528536,,32.7666,-96.7779,110.920943,130,4.359540984,1,10,0.837262838,10,0.620729345,5.817533167,,NO,40,NO,45.81753317, DOTX6668000,,
EOR, DOTX6672500,Bend Arch - Ft. Worth Basin - TX, DOTX6672500, TX,-98.661315,32.528536,,32.7666,-96.7779,110.920943,130,4.359540984,1,10,0.837262838,10,0.620729345,5.817533167,,NO,83,NO,88.81753317, DOTX6672500,,
EOR, DOTX6674400,Bend Arch - Ft. Worth Basin - TX, DOTX6674400, TX,-98.661315,32.528536,,32.7666,-96.7779,110.920943,130,4.359540984,1,10,0.837262838,10,0.620729345,5.817533167,,YES,100,NO,105.8175332, DOTX6674400,,
EOR, DOTX6676700,Bend Arch - Ft. Worth Basin - TX, DOTX6676700, TX,-98.661315,32.528536,,32.7666,-96.7779,110.920943,130,4.359540984,1,10,0.837262838,10,0.620729345,5.817533167,,YES,100,NO,105.8175332, DOTX6676700,,
EOR, DOTX6697100,Bend Arch - Ft. Worth Basin - TX, DOTX6697100, TX,-98.661315,32.528536,,32.7666,-96.7779,110.920943,130,4.359540984,1,10,0.837262838,10,0.620729345,5.817533167,,NO,-21,NO,-15.18246683, DOTX6697100,,
EOR, DOTX6698600,Bend Arch - Ft. Worth Basin - TX, DOTX6698600, TX,-98.661315,32.528536,,32.7666,-96.7779,110.920943,130,4.359540984,1,10,0.837262838,10,0.620729345,5.817533167,,YES,100,NO,105.8175332, DOTX6698600,,
EOR, DOTX6698800,Bend Arch - Ft. Worth Basin - TX, DOTX6698800, TX,-98.661315,32.528536,,32.7666,-96.7779,110.920943,130,4.359540984,1,10,0.837262838,10,0.620729345,5.817533167,,YES,100,NO,105.8175332, DOTX6698800,,
EOR, DOTX6702800,Bend Arch - Ft. Worth Basin - TX, DOTX6702800, TX,-98.661315,32.528536,,32.7666,-96.7779,110.920943,130,4.359540984,1,10,0.837262838,10,0.620729345,5.817533167,,NO,16,YES,21.81753317, DOTX6702800,,
EOR, DOTX6702900,Bend Arch - Ft. Worth Basin - TX, DOTX6702900, TX,-98.661315,32.528536,,32.7666,-96.7779,110.920943,130,4.359540984,1,10,0.837262838,10,0.620729345,5.817533167,,NO,93,NO,98.81753317, DOTX6702900,,
EOR, DOTX6704400,Bend Arch - Ft. Worth Basin - TX, DOTX6704400, TX,-98.661315,32.528536,,32.7666,-96.7779,110.920943,130,4.359540984,1,10,0.837262838,10,0.620729345,5.817533167,,YES,100,NO,105.8175332, DOTX6704400,,
EOR, DOTX6707200,Bend Arch - Ft. Worth Basin - TX, DOTX6707200, TX,-98.661315,32.528536,,32.7666,-96.7779,110.920943,130,4.359540984,1,10,0.837262838,10,0.620729345,5.817533167,,NO,100,NO,105.8175332, DOTX6707200,,
EOR, DOTX6711400,Bend Arch - Ft. Worth Basin - TX, DOTX6711400, TX,-98.661315,32.528536,,32.7666,-96.7779,110.920943,130,4.359540984,1,10,0.837262838,10,0.620729345,5.817533167,,NO,-81,NO,-75.18246683, DOTX6711400,,
EOR, DOTX6711500,Bend Arch - Ft. Worth Basin - TX, DOTX6711500, TX,-98.661315,32.528536,,32.7666,-96.7779,110.920943,130,4.359540984,1,10,0.837262838,10,0.620729345,5.817533167,,NO,100,NO,105.8175332, DOTX6711500,,
EOR, DOTX6720800,Bend Arch - Ft. Worth Basin - TX, DOTX6720800, TX,-98.661315,32.528536,,32.7666,-96.7779,110.920943,130,4.359540984,1,10,0.837262838,10,0.620729345,5.817533167,,NO,100,NO,105.8175332, DOTX6720800,,
EOR, DOTX6728100,Bend Arch - Ft. Worth Basin - TX, DOTX6728100, TX,-98.661315,32.528536,,32.7666,-96.7779,110.920943,130,4.359540984,1,10,0.837262838,10,0.620729345,5.817533167,,NO,100,NO,105.8175332, DOTX6728100,,
EOR, DOTX6737300,Bend Arch - Ft. Worth Basin - TX, DOTX6737300, TX,-98.661315,32.528536,,32.7666,-96.7779,110.920943,130,4.359540984,1,10,0.837262838,10,0.620729345,5.817533167,,NO,29,YES,34.81753317, DOTX6737300,,
EOR, DOTX6738000,Bend Arch - Ft. Worth Basin - TX, DOTX6738000, TX,-98.661315,32.528536,,32.7666,-96.7779,110.920943,130,4.359540984,1,10,0.837262838,10,0.620729345,5.817533167,,NO,-123,YES,-117.1824668, DOTX6738000,,
EOR, DOTX6739000,Bend Arch - Ft. Worth Basin - TX, DOTX6739000, TX,-98.661315,32.528536,,32.7666,-96.7779,110.920943,130,4.359540984,1,10,0.837262838,10,0.620729345,5.817533167,,YES,49,NO,54.81753317, DOTX6739000,,
EOR, DOTX6740300,Bend Arch - Ft. Worth Basin - TX, DOTX6740300, TX,-98.661315,32.528536,,32.7666,-96.7779,110.920943,130,4.359540984,1,10,0.837262838,10,0.620729345,5.817533167,,NO,100,NO,105.8175332, DOTX6740300,,
EOR, DOTX6740800,Bend Arch - Ft. Worth Basin - TX, DOTX6740800, TX,-98.661315,32.528536,,32.7666,-96.7779,110.920943,130,4.359540984,1,10,0.837262838,10,0.620729345,5.817533167,,NO,100,NO,105.8175332, DOTX6740800,,
EOR, DOTX6740900,Bend Arch - Ft. Worth Basin - TX, DOTX6740900, TX,-98.661315,32.528536,,32.7666,-96.7779,110.920943,130,4.359540984,1,10,0.837262838,10,0.620729345,5.817533167,,NO,100,NO,105.8175332, DOTX6740900,,
EOR, DOTX6741100,Bend Arch - Ft. Worth Basin - TX, DOTX6741100, TX,-98.661315,32.528536,,32.7666,-96.7779,110.920943,130,4.359540984,1,10,0.837262838,10,0.620729345,5.817533167,,NO,-31,NO,-25.18246683, DOTX6741100,,
EOR, DOTX6742400,Bend Arch - Ft. Worth Basin - TX, DOTX6742400, TX,-98.661315,32.528536,,32.7666,-96.7779,110.920943,130,4.359540984,1,10,0.837262838,10,0.620729345,5.817533167,,NO,100,NO,105.8175332, DOTX6742400,,
EOR, DOMT6789900,Bighorn Basin - MT, DOMT6789900, MT,-109.112331,45.206209,,32.7666,-96.7779,1083.679304,1250,#N/A,1,50,4.013087396,50,2.569530778,#N/A,,NO,-29,YES,#N/A, DOMT6789900,,
EOR, DOMT6794600,Bighorn Basin - MT, DOMT6794600, MT,-109.112331,45.206209,,32.7666,-96.7779,1083.679304,1250,#N/A,1,50,4.013087396,50,2.569530778,#N/A,,NO,100,NO,#N/A, DOMT6794600,,
EOR, DOMT6794700,Bighorn Basin - MT, DOMT6794700, MT,-109.112331,45.206209,,32.7666,-96.7779,1083.679304,1250,#N/A,1,50,4.013087396,50,2.569530778,#N/A,,NO,100,NO,#N/A, DOMT6794700,,
EOR, DOWY6787700,Bighorn Basin - WY, DOWY6787700, WY,-108.385542,44.283143,,32.7666,-96.7779,1012.299932,1160,#N/A,1,50,4.013087396,50,2.569530778,#N/A,,NO,-52,YES,#N/A, DOWY6787700,,
EOR, DOWY6788200,Bighorn Basin - WY, DOWY6788200, WY,-108.385542,44.283143,,32.7666,-96.7779,1012.299932,1160,#N/A,1,50,4.013087396,50,2.569530778,#N/A,,NO,-41,YES,#N/A, DOWY6788200,,
EOR, DOWY6789400,Bighorn Basin - WY, DOWY6789400, WY,-108.385542,44.283143,,32.7666,-96.7779,1012.299932,1160,#N/A,1,50,4.013087396,50,2.569530778,#N/A,,NO,35,YES,#N/A, DOWY6789400,,
EOR, DOWY6790300,Bighorn Basin - WY, DOWY6790300, WY,-108.385542,44.283143,,32.7666,-96.7779,1012.299932,1160,#N/A,1,50,4.013087396,50,2.569530778,#N/A,,NO,-56,YES,#N/A, DOWY6790300,,
EOR, DOWY6791300,Bighorn Basin - WY, DOWY6791300, WY,-108.385542,44.283143,,32.7666,-96.7779,1012.299932,1160,#N/A,1,50,4.013087396,50,2.569530778,#N/A,,NO,-55,YES,#N/A, DOWY6791300,,
EOR, DOWY6792700,Bighorn Basin - WY, DOWY6792700, WY,-108.385542,44.283143,,32.7666,-96.7779,1012.299932,1160,#N/A,1,50,4.013087396,50,2.569530778,#N/A,,NO,-12,NO,#N/A, DOWY6792700,,
EOR, DOWY6793000,Bighorn Basin - WY, DOWY6793000, WY,-108.385542,44.283143,,32.7666,-96.7779,1012.299932,1160,#N/A,1,50,4.013087396,50,2.569530778,#N/A,,NO,-35,YES,#N/A, DOWY6793000,,
EOR, DOWY6793200,Bighorn Basin - WY, DOWY6793200, WY,-108.385542,44.283143,,32.7666,-96.7779,1012.299932,1160,#N/A,1,50,4.013087396,50,2.569530778,#N/A,,NO,38,NO,#N/A, DOWY6793200,,
EOR, DOWY6793400,Bighorn Basin - WY, DOWY6793400, WY,-108.385542,44.283143,,32.7666,-96.7779,1012.299932,1160,#N/A,1,50,4.013087396,50,2.569530778,#N/A,,NO,100,NO,#N/A, DOWY6793400,,
EOR, DOWY6793700,Bighorn Basin - WY, DOWY6793700, WY,-108.385542,44.283143,,32.7666,-96.7779,1012.299932,1160,#N/A,1,50,4.013087396,50,2.569530778,#N/A,,NO,45,NO,#N/A, DOWY6793700,,
EOR, DOWY6794400,Bighorn Basin - WY, DOWY6794400, WY,-108.385542,44.283143,,32.7666,-96.7779,1012.299932,1160,#N/A,1,50,4.013087396,50,2.569530778,#N/A,,NO,25,NO,#N/A, DOWY6794400,,
EOR, DOWY6795000,Bighorn Basin - WY, DOWY6795000, WY,-108.385542,44.283143,,32.7666,-96.7779,1012.299932,1160,#N/A,1,50,4.013087396,50,2.569530778,#N/A,,NO,100,NO,#N/A, DOWY6795000,,
EOR, DOWY6795100,Bighorn Basin - WY, DOWY6795100, WY,-108.385542,44.283143,,32.7666,-96.7779,1012.299932,1160,#N/A,1,50,4.013087396,50,2.569530778,#N/A,,NO,100,NO,#N/A, DOWY6795100,,
EOR, DOWY6795400,Bighorn Basin - WY, DOWY6795400, WY,-108.385542,44.283143,,32.7666,-96.7779,1012.299932,1160,#N/A,1,50,4.013087396,50,2.569530778,#N/A,,YES,36,NO,#N/A, DOWY6795400,,
EOR, DOWY6795900,Bighorn Basin - WY, DOWY6795900, WY,-108.385542,44.283143,,32.7666,-96.7779,1012.299932,1160,#N/A,1,50,4.013087396,50,2.569530778,#N/A,,NO,-2,YES,#N/A, DOWY6795900,,
EOR, DOWY6796000,Bighorn Basin - WY, DOWY6796000, WY,-108.385542,44.283143,,32.7666,-96.7779,1012.299932,1160,#N/A,1,50,4.013087396,50,2.569530778,#N/A,,NO,100,NO,#N/A, DOWY6796000,,
EOR, DOWY6796400,Bighorn Basin - WY, DOWY6796400, WY,-108.385542,44.283143,,32.7666,-96.7779,1012.299932,1160,#N/A,1,50,4.013087396,50,2.569530778,#N/A,,NO,16,YES,#N/A, DOWY6796400,,
EOR, DOWY6796800,Bighorn Basin - WY, DOWY6796800, WY,-108.385542,44.283143,,32.7666,-96.7779,1012.299932,1160,#N/A,1,50,4.013087396,50,2.569530778,#N/A,,YES,100,NO,#N/A, DOWY6796800,,
EOR, DOWY6798000,Bighorn Basin - WY, DOWY6798000, WY,-108.385542,44.283143,,32.7666,-96.7779,1012.299932,1160,#N/A,1,50,4.013087396,50,2.569530778,#N/A,,NO,-81,YES,#N/A, DOWY6798000,,
EOR, DOWY6798100,Bighorn Basin - WY, DOWY6798100, WY,-108.385542,44.283143,,32.7666,-96.7779,1012.299932,1160,#N/A,1,50,4.013087396,50,2.569530778,#N/A,,NO,100,NO,#N/A, DOWY6798100,,
EOR, DOKS6367600,Cambridge Arch - Central Kansas - KS, DOKS6367600, KS,-100.297088,40.057993,,32.7666,-96.7779,540.9278089,620,19.08381848,1,50,4.013087396,50,2.569530778,25.66643665,,NO,-73,YES,-47.33356335, DOKS6367600,,
EOR, DOKS6422400,Cambridge Arch - Central Kansas - KS, DOKS6422400, KS,-100.297088,40.057993,,32.7666,-96.7779,540.9278089,620,19.08381848,1,50,4.013087396,50,2.569530778,25.66643665,,NO,7,YES,32.66643665, DOKS6422400,,
EOR, DOKS6422700,Cambridge Arch - Central Kansas - KS, DOKS6422700, KS,-100.297088,40.057993,,32.7666,-96.7779,540.9278089,620,19.08381848,1,50,4.013087396,50,2.569530778,25.66643665,,YES,-105,YES,-79.33356335, DOKS6422700,,
EOR, DOKS6422800,Cambridge Arch - Central Kansas - KS, DOKS6422800, KS,-100.297088,40.057993,,32.7666,-96.7779,540.9278089,620,19.08381848,1,50,4.013087396,50,2.569530778,25.66643665,,NO,-41,YES,-15.33356335, DOKS6422800,,
EOR, DOKS6423000,Cambridge Arch - Central Kansas - KS, DOKS6423000, KS,-100.297088,40.057993,,32.7666,-96.7779,540.9278089,620,19.08381848,1,50,4.013087396,50,2.569530778,25.66643665,,NO,-39,NO,-13.33356335, DOKS6423000,,
EOR, DOKS6423100,Cambridge Arch - Central Kansas - KS, DOKS6423100, KS,-100.297088,40.057993,,32.7666,-96.7779,540.9278089,620,19.08381848,1,50,4.013087396,50,2.569530778,25.66643665,,NO,57,YES,82.66643665, DOKS6423100,,
EOR, DOKS6423300,Cambridge Arch - Central Kansas - KS, DOKS6423300, KS,-100.297088,40.057993,,32.7666,-96.7779,540.9278089,620,19.08381848,1,50,4.013087396,50,2.569530778,25.66643665,,YES,100,YES,125.6664367, DOKS6423300,,
EOR, DOKS6423600,Cambridge Arch - Central Kansas - KS, DOKS6423600, KS,-100.297088,40.057993,,32.7666,-96.7779,540.9278089,620,19.08381848,1,50,4.013087396,50,2.569530778,25.66643665,,NO,-36,YES,-10.33356335, DOKS6423600,,
EOR, DOKS6423800,Cambridge Arch - Central Kansas - KS, DOKS6423800, KS,-100.297088,40.057993,,32.7666,-96.7779,540.9278089,620,19.08381848,1,50,4.013087396,50,2.569530778,25.66643665,,YES,100,YES,125.6664367, DOKS6423800,,
EOR, DOKS6423900,Cambridge Arch - Central Kansas - KS, DOKS6423900, KS,-100.297088,40.057993,,32.7666,-96.7779,540.9278089,620,19.08381848,1,50,4.013087396,50,2.569530778,25.66643665,,YES,100,NO,125.6664367, DOKS6423900,,
EOR, DOKS6424100,Cambridge Arch - Central Kansas - KS, DOKS6424100, KS,-100.297088,40.057993,,32.7666,-96.7779,540.9278089,620,19.08381848,1,50,4.013087396,50,2.569530778,25.66643665,,NO,-127,YES,-101.3335633, DOKS6424100,,
EOR, DOKS6424300,Cambridge Arch - Central Kansas - KS, DOKS6424300, KS,-100.297088,40.057993,,32.7666,-96.7779,540.9278089,620,19.08381848,1,50,4.013087396,50,2.569530778,25.66643665,,YES,-37,NO,-11.33356335, DOKS6424300,,
EOR, DOKS6424500,Cambridge Arch - Central Kansas - KS, DOKS6424500, KS,-100.297088,40.057993,,32.7666,-96.7779,540.9278089,620,19.08381848,1,50,4.013087396,50,2.569530778,25.66643665,,NO,-24,YES,1.666436652, DOKS6424500,,
EOR, DOKS6424600,Cambridge Arch - Central Kansas - KS, DOKS6424600, KS,-100.297088,40.057993,,32.7666,-96.7779,540.9278089,620,19.08381848,1,50,4.013087396,50,2.569530778,25.66643665,,NO,-77,YES,-51.33356335, DOKS6424600,,
EOR, DOKS6424700,Cambridge Arch - Central Kansas - KS, DOKS6424700, KS,-100.297088,40.057993,,32.7666,-96.7779,540.9278089,620,19.08381848,1,50,4.013087396,50,2.569530778,25.66643665,,YES,100,YES,125.6664367, DOKS6424700,,
EOR, DOKS6424800,Cambridge Arch - Central Kansas - KS, DOKS6424800, KS,-100.297088,40.057993,,32.7666,-96.7779,540.9278089,620,19.08381848,1,50,4.013087396,50,2.569530778,25.66643665,,YES,-7,YES,18.66643665, DOKS6424800,,
EOR, DOKS6424900,Cambridge Arch - Central Kansas - KS, DOKS6424900, KS,-100.297088,40.057993,,32.7666,-96.7779,540.9278089,620,19.08381848,1,50,4.013087396,50,2.569530778,25.66643665,,YES,52,NO,77.66643665, DOKS6424900,,
EOR, DOKS6425100,Cambridge Arch - Central Kansas - KS, DOKS6425100, KS,-100.297088,40.057993,,32.7666,-96.7779,540.9278089,620,19.08381848,1,50,4.013087396,50,2.569530778,25.66643665,,YES,54,NO,79.66643665, DOKS6425100,,
EOR, DOKS6425200,Cambridge Arch - Central Kansas - KS, DOKS6425200, KS,-100.297088,40.057993,,32.7666,-96.7779,540.9278089,620,19.08381848,1,50,4.013087396,50,2.569530778,25.66643665,,YES,41,YES,66.66643665, DOKS6425200,,
EOR, DOKS6425600,Cambridge Arch - Central Kansas - KS, DOKS6425600, KS,-100.297088,40.057993,,32.7666,-96.7779,540.9278089,620,19.08381848,1,50,4.013087396,50,2.569530778,25.66643665,,NO,10,NO,35.66643665, DOKS6425600,,
EOR, DOKS6425800,Cambridge Arch - Central Kansas - KS, DOKS6425800, KS,-100.297088,40.057993,,32.7666,-96.7779,540.9278089,620,19.08381848,1,50,4.013087396,50,2.569530778,25.66643665,,NO,100,NO,125.6664367, DOKS6425800,,
EOR, DOKS6425900,Cambridge Arch - Central Kansas - KS, DOKS6425900, KS,-100.297088,40.057993,,32.7666,-96.7779,540.9278089,620,19.08381848,1,50,4.013087396,50,2.569530778,25.66643665,,YES,100,NO,125.6664367, DOKS6425900,,
EOR, DOKS6426000,Cambridge Arch - Central Kansas - KS, DOKS6426000, KS,-100.297088,40.057993,,32.7666,-96.7779,540.9278089,620,19.08381848,1,50,4.013087396,50,2.569530778,25.66643665,,YES,-99,YES,-73.33356335, DOKS6426000,,
EOR, DOKS6426100,Cambridge Arch - Central Kansas - KS, DOKS6426100, KS,-100.297088,40.057993,,32.7666,-96.7779,540.9278089,620,19.08381848,1,50,4.013087396,50,2.569530778,25.66643665,,YES,39,YES,64.66643665, DOKS6426100,,
EOR, DOKS6426200,Cambridge Arch - Central Kansas - KS, DOKS6426200, KS,-100.297088,40.057993,,32.7666,-96.7779,540.9278089,620,19.08381848,1,50,4.013087396,50,2.569530778,25.66643665,,YES,100,YES,125.6664367, DOKS6426200,,
EOR, DOKS6426300,Cambridge Arch - Central Kansas - KS, DOKS6426300, KS,-100.297088,40.057993,,32.7666,-96.7779,540.9278089,620,19.08381848,1,50,4.013087396,50,2.569530778,25.66643665,,YES,100,NO,125.6664367, DOKS6426300,,
EOR, DOKS6426500,Cambridge Arch - Central Kansas - KS, DOKS6426500, KS,-100.297088,40.057993,,32.7666,-96.7779,540.9278089,620,19.08381848,1,50,4.013087396,50,2.569530778,25.66643665,,YES,100,NO,125.6664367, DOKS6426500,,
EOR, DOKS6426700,Cambridge Arch - Central Kansas - KS, DOKS6426700, KS,-100.297088,40.057993,,32.7666,-96.7779,540.9278089,620,19.08381848,1,50,4.013087396,50,2.569530778,25.66643665,,YES,100,NO,125.6664367, DOKS6426700,,
EOR, DOKS6427600,Cambridge Arch - Central Kansas - KS, DOKS6427600, KS,-100.297088,40.057993,,32.7666,-96.7779,540.9278089,620,19.08381848,1,50,4.013087396,50,2.569530778,25.66643665,,NO,41,NO,66.66643665, DOKS6427600,,
EOR, DOKS6427800,Cambridge Arch - Central Kansas - KS, DOKS6427800, KS,-100.297088,40.057993,,32.7666,-96.7779,540.9278089,620,19.08381848,1,50,4.013087396,50,2.569530778,25.66643665,,YES,-13,NO,12.66643665, DOKS6427800,,
EOR, DOKS6427900,Cambridge Arch - Central Kansas - KS, DOKS6427900, KS,-100.297088,40.057993,,32.7666,-96.7779,540.9278089,620,19.08381848,1,50,4.013087396,50,2.569530778,25.66643665,,YES,100,NO,125.6664367, DOKS6427900,,
EOR, DOKS6428200,Cambridge Arch - Central Kansas - KS, DOKS6428200, KS,-100.297088,40.057993,,32.7666,-96.7779,540.9278089,620,19.08381848,1,50,4.013087396,50,2.569530778,25.66643665,,NO,59,NO,84.66643665, DOKS6428200,,
EOR, DOKS6428400,Cambridge Arch - Central Kansas - KS, DOKS6428400, KS,-100.297088,40.057993,,32.7666,-96.7779,540.9278089,620,19.08381848,1,50,4.013087396,50,2.569530778,25.66643665,,YES,100,NO,125.6664367, DOKS6428400,,
EOR, DOKS6429000,Cambridge Arch - Central Kansas - KS, DOKS6429000, KS,-100.297088,40.057993,,32.7666,-96.7779,540.9278089,620,19.08381848,1,50,4.013087396,50,2.569530778,25.66643665,,NO,100,NO,125.6664367, DOKS6429000,,
EOR, DOKS6429400,Cambridge Arch - Central Kansas - KS, DOKS6429400, KS,-100.297088,40.057993,,32.7666,-96.7779,540.9278089,620,19.08381848,1,50,4.013087396,50,2.569530778,25.66643665,,NO,100,NO,125.6664367, DOKS6429400,,
EOR, DOKS6430100,Cambridge Arch - Central Kansas - KS, DOKS6430100, KS,-100.297088,40.057993,,32.7666,-96.7779,540.9278089,620,19.08381848,1,50,4.013087396,50,2.569530778,25.66643665,,YES,100,NO,125.6664367, DOKS6430100,,
EOR, DOKS6430300,Cambridge Arch - Central Kansas - KS, DOKS6430300, KS,-100.297088,40.057993,,32.7666,-96.7779,540.9278089,620,19.08381848,1,50,4.013087396,50,2.569530778,25.66643665,,YES,100,NO,125.6664367, DOKS6430300,,
EOR, DOKS6430400,Cambridge Arch - Central Kansas - KS, DOKS6430400, KS,-100.297088,40.057993,,32.7666,-96.7779,540.9278089,620,19.08381848,1,50,4.013087396,50,2.569530778,25.66643665,,YES,100,NO,125.6664367, DOKS6430400,,
EOR, DOKS6430500,Cambridge Arch - Central Kansas - KS, DOKS6430500, KS,-100.297088,40.057993,,32.7666,-96.7779,540.9278089,620,19.08381848,1,50,4.013087396,50,2.569530778,25.66643665,,NO,34,YES,59.66643665, DOKS6430500,,
EOR, DOKS6430600,Cambridge Arch - Central Kansas - KS, DOKS6430600, KS,-100.297088,40.057993,,32.7666,-96.7779,540.9278089,620,19.08381848,1,50,4.013087396,50,2.569530778,25.66643665,,YES,100,YES,125.6664367, DOKS6430600,,
EOR, DOKS6431000,Cambridge Arch - Central Kansas - KS, DOKS6431000, KS,-100.297088,40.057993,,32.7666,-96.7779,540.9278089,620,19.08381848,1,50,4.013087396,50,2.569530778,25.66643665,,YES,100,YES,125.6664367, DOKS6431000,,
EOR, DOKS6431300,Cambridge Arch - Central Kansas - KS, DOKS6431300, KS,-100.297088,40.057993,,32.7666,-96.7779,540.9278089,620,19.08381848,1,50,4.013087396,50,2.569530778,25.66643665,,YES,-20,NO,5.666436652, DOKS6431300,,
EOR, DOKS6431400,Cambridge Arch - Central Kansas - KS, DOKS6431400, KS,-100.297088,40.057993,,32.7666,-96.7779,540.9278089,620,19.08381848,1,50,4.013087396,50,2.569530778,25.66643665,,YES,100,NO,125.6664367, DOKS6431400,,
EOR, DOKS6431500,Cambridge Arch - Central Kansas - KS, DOKS6431500, KS,-100.297088,40.057993,,32.7666,-96.7779,540.9278089,620,19.08381848,1,50,4.013087396,50,2.569530778,25.66643665,,YES,100,NO,125.6664367, DOKS6431500,,
EOR, DOKS6431700,Cambridge Arch - Central Kansas - KS, DOKS6431700, KS,-100.297088,40.057993,,32.7666,-96.7779,540.9278089,620,19.08381848,1,50,4.013087396,50,2.569530778,25.66643665,,NO,100,YES,125.6664367, DOKS6431700,,
EOR, DOKS6431900,Cambridge Arch - Central Kansas - KS, DOKS6431900, KS,-100.297088,40.057993,,32.7666,-96.7779,540.9278089,620,19.08381848,1,50,4.013087396,50,2.569530778,25.66643665,,YES,100,NO,125.6664367, DOKS6431900,,
EOR, DOKS6432300,Cambridge Arch - Central Kansas - KS, DOKS6432300, KS,-100.297088,40.057993,,32.7666,-96.7779,540.9278089,620,19.08381848,1,50,4.013087396,50,2.569530778,25.66643665,,YES,100,NO,125.6664367, DOKS6432300,,
EOR, DOKS6432400,Cambridge Arch - Central Kansas - KS, DOKS6432400, KS,-100.297088,40.057993,,32.7666,-96.7779,540.9278089,620,19.08381848,1,50,4.013087396,50,2.569530778,25.66643665,,YES,24,NO,49.66643665, DOKS6432400,,
EOR, DOKS6433300,Cambridge Arch - Central Kansas - KS, DOKS6433300, KS,-100.297088,40.057993,,32.7666,-96.7779,540.9278089,620,19.08381848,1,50,4.013087396,50,2.569530778,25.66643665,,NO,100,NO,125.6664367, DOKS6433300,,
EOR, DOKS6433500,Cambridge Arch - Central Kansas - KS, DOKS6433500, KS,-100.297088,40.057993,,32.7666,-96.7779,540.9278089,620,19.08381848,1,50,4.013087396,50,2.569530778,25.66643665,,YES,-28,NO,-2.333563348, DOKS6433500,,
EOR, DOKS6433600,Cambridge Arch - Central Kansas - KS, DOKS6433600, KS,-100.297088,40.057993,,32.7666,-96.7779,540.9278089,620,19.08381848,1,50,4.013087396,50,2.569530778,25.66643665,,YES,100,NO,125.6664367, DOKS6433600,,
EOR, DOKS6434100,Cambridge Arch - Central Kansas - KS, DOKS6434100, KS,-100.297088,40.057993,,32.7666,-96.7779,540.9278089,620,19.08381848,1,50,4.013087396,50,2.569530778,25.66643665,,YES,100,NO,125.6664367, DOKS6434100,,
EOR, DOKS6434700,Cambridge Arch - Central Kansas - KS, DOKS6434700, KS,-100.297088,40.057993,,32.7666,-96.7779,540.9278089,620,19.08381848,1,50,4.013087396,50,2.569530778,25.66643665,,NO,96,NO,121.6664367, DOKS6434700,,
EOR, DOKS6435100,Cambridge Arch - Central Kansas - KS, DOKS6435100, KS,-100.297088,40.057993,,32.7666,-96.7779,540.9278089,620,19.08381848,1,50,4.013087396,50,2.569530778,25.66643665,,YES,13,NO,38.66643665, DOKS6435100,,
EOR, DOKS6435500,Cambridge Arch - Central Kansas - KS, DOKS6435500, KS,-100.297088,40.057993,,32.7666,-96.7779,540.9278089,620,19.08381848,1,50,4.013087396,50,2.569530778,25.66643665,,NO,63,NO,88.66643665, DOKS6435500,,
EOR, DOKS6435700,Cambridge Arch - Central Kansas - KS, DOKS6435700, KS,-100.297088,40.057993,,32.7666,-96.7779,540.9278089,620,19.08381848,1,50,4.013087396,50,2.569530778,25.66643665,,YES,100,YES,125.6664367, DOKS6435700,,
EOR, DOKS6435900,Cambridge Arch - Central Kansas - KS, DOKS6435900, KS,-100.297088,40.057993,,32.7666,-96.7779,540.9278089,620,19.08381848,1,50,4.013087396,50,2.569530778,25.66643665,,NO,14,NO,39.66643665, DOKS6435900,,
EOR, DOKS6436700,Cambridge Arch - Central Kansas - KS, DOKS6436700, KS,-100.297088,40.057993,,32.7666,-96.7779,540.9278089,620,19.08381848,1,50,4.013087396,50,2.569530778,25.66643665,,YES,-77,NO,-51.33356335, DOKS6436700,,
EOR, DOKS6437200,Cambridge Arch - Central Kansas - KS, DOKS6437200, KS,-100.297088,40.057993,,32.7666,-96.7779,540.9278089,620,19.08381848,1,50,4.013087396,50,2.569530778,25.66643665,,NO,100,YES,125.6664367, DOKS6437200,,
EOR, DOKS6437300,Cambridge Arch - Central Kansas - KS, DOKS6437300, KS,-100.297088,40.057993,,32.7666,-96.7779,540.9278089,620,19.08381848,1,50,4.013087396,50,2.569530778,25.66643665,,YES,100,YES,125.6664367, DOKS6437300,,
EOR, DOKS6437500,Cambridge Arch - Central Kansas - KS, DOKS6437500, KS,-100.297088,40.057993,,32.7666,-96.7779,540.9278089,620,19.08381848,1,50,4.013087396,50,2.569530778,25.66643665,,YES,100,NO,125.6664367, DOKS6437500,,
EOR, DOKS6437700,Cambridge Arch - Central Kansas - KS, DOKS6437700, KS,-100.297088,40.057993,,32.7666,-96.7779,540.9278089,620,19.08381848,1,50,4.013087396,50,2.569530778,25.66643665,,YES,100,NO,125.6664367, DOKS6437700,,
EOR, DOKS6438000,Cambridge Arch - Central Kansas - KS, DOKS6438000, KS,-100.297088,40.057993,,32.7666,-96.7779,540.9278089,620,19.08381848,1,50,4.013087396,50,2.569530778,25.66643665,,NO,100,NO,125.6664367, DOKS6438000,,
EOR, DOKS6438200,Cambridge Arch - Central Kansas - KS, DOKS6438200, KS,-100.297088,40.057993,,32.7666,-96.7779,540.9278089,620,19.08381848,1,50,4.013087396,50,2.569530778,25.66643665,,YES,100,YES,125.6664367, DOKS6438200,,
EOR, DOKS6438500,Cambridge Arch - Central Kansas - KS, DOKS6438500, KS,-100.297088,40.057993,,32.7666,-96.7779,540.9278089,620,19.08381848,1,50,4.013087396,50,2.569530778,25.66643665,,YES,100,NO,125.6664367, DOKS6438500,,
EOR, DOKS6438700,Cambridge Arch - Central Kansas - KS, DOKS6438700, KS,-100.297088,40.057993,,32.7666,-96.7779,540.9278089,620,19.08381848,1,50,4.013087396,50,2.569530778,25.66643665,,NO,100,NO,125.6664367, DOKS6438700,,
EOR, DOKS6438900,Cambridge Arch - Central Kansas - KS, DOKS6438900, KS,-100.297088,40.057993,,32.7666,-96.7779,540.9278089,620,19.08381848,1,50,4.013087396,50,2.569530778,25.66643665,,YES,100,NO,125.6664367, DOKS6438900,,
EOR, DOKS6440100,Cambridge Arch - Central Kansas - KS, DOKS6440100, KS,-100.297088,40.057993,,32.7666,-96.7779,540.9278089,620,19.08381848,1,50,4.013087396,50,2.569530778,25.66643665,,NO,100,NO,125.6664367, DOKS6440100,,
EOR, DOKS6440300,Cambridge Arch - Central Kansas - KS, DOKS6440300, KS,-100.297088,40.057993,,32.7666,-96.7779,540.9278089,620,19.08381848,1,50,4.013087396,50,2.569530778,25.66643665,,NO,100,NO,125.6664367, DOKS6440300,,
EOR, DOKS6440500,Cambridge Arch - Central Kansas - KS, DOKS6440500, KS,-100.297088,40.057993,,32.7666,-96.7779,540.9278089,620,19.08381848,1,50,4.013087396,50,2.569530778,25.66643665,,YES,100,NO,125.6664367, DOKS6440500,,
EOR, DOKS6440900,Cambridge Arch - Central Kansas - KS, DOKS6440900, KS,-100.297088,40.057993,,32.7666,-96.7779,540.9278089,620,19.08381848,1,50,4.013087396,50,2.569530778,25.66643665,,YES,-30,NO,-4.333563348, DOKS6440900,,
EOR, DOKS6441200,Cambridge Arch - Central Kansas - KS, DOKS6441200, KS,-100.297088,40.057993,,32.7666,-96.7779,540.9278089,620,19.08381848,1,50,4.013087396,50,2.569530778,25.66643665,,NO,100,NO,125.6664367, DOKS6441200,,
EOR, DOKS6442100,Cambridge Arch - Central Kansas - KS, DOKS6442100, KS,-100.297088,40.057993,,32.7666,-96.7779,540.9278089,620,19.08381848,1,50,4.013087396,50,2.569530778,25.66643665,,YES,-3,NO,22.66643665, DOKS6442100,,
EOR, DOKS6442900,Cambridge Arch - Central Kansas - KS, DOKS6442900, KS,-100.297088,40.057993,,32.7666,-96.7779,540.9278089,620,19.08381848,1,50,4.013087396,50,2.569530778,25.66643665,,NO,100,NO,125.6664367, DOKS6442900,,
EOR, DOKS6443100,Cambridge Arch - Central Kansas - KS, DOKS6443100, KS,-100.297088,40.057993,,32.7666,-96.7779,540.9278089,620,19.08381848,1,50,4.013087396,50,2.569530778,25.66643665,,NO,100,NO,125.6664367, DOKS6443100,,
EOR, DOKS6444200,Cambridge Arch - Central Kansas - KS, DOKS6444200, KS,-100.297088,40.057993,,32.7666,-96.7779,540.9278089,620,19.08381848,1,50,4.013087396,50,2.569530778,25.66643665,,NO,100,NO,125.6664367, DOKS6444200,,
EOR, DOKS6444300,Cambridge Arch - Central Kansas - KS, DOKS6444300, KS,-100.297088,40.057993,,32.7666,-96.7779,540.9278089,620,19.08381848,1,50,4.013087396,50,2.569530778,25.66643665,,NO,27,NO,52.66643665, DOKS6444300,,
EOR, DOKS6444400,Cambridge Arch - Central Kansas - KS, DOKS6444400, KS,-100.297088,40.057993,,32.7666,-96.7779,540.9278089,620,19.08381848,1,50,4.013087396,50,2.569530778,25.66643665,,YES,-7,NO,18.66643665, DOKS6444400,,
EOR, DOKS6444900,Cambridge Arch - Central Kansas - KS, DOKS6444900, KS,-100.297088,40.057993,,32.7666,-96.7779,540.9278089,620,19.08381848,1,50,4.013087396,50,2.569530778,25.66643665,,NO,100,NO,125.6664367, DOKS6444900,,
EOR, DOKS6445300,Cambridge Arch - Central Kansas - KS, DOKS6445300, KS,-100.297088,40.057993,,32.7666,-96.7779,540.9278089,620,19.08381848,1,50,4.013087396,50,2.569530778,25.66643665,,YES,100,NO,125.6664367, DOKS6445300,,
EOR, DOKS6445500,Cambridge Arch - Central Kansas - KS, DOKS6445500, KS,-100.297088,40.057993,,32.7666,-96.7779,540.9278089,620,19.08381848,1,50,4.013087396,50,2.569530778,25.66643665,,YES,100,YES,125.6664367, DOKS6445500,,
EOR, DOKS6445800,Cambridge Arch - Central Kansas - KS, DOKS6445800, KS,-100.297088,40.057993,,32.7666,-96.7779,540.9278089,620,19.08381848,1,50,4.013087396,50,2.569530778,25.66643665,,YES,4,NO,29.66643665, DOKS6445800,,
EOR, DOKS6446500,Cambridge Arch - Central Kansas - KS, DOKS6446500, KS,-100.297088,40.057993,,32.7666,-96.7779,540.9278089,620,19.08381848,1,50,4.013087396,50,2.569530778,25.66643665,,NO,100,NO,125.6664367, DOKS6446500,,
EOR, DOKS6446800,Cambridge Arch - Central Kansas - KS, DOKS6446800, KS,-100.297088,40.057993,,32.7666,-96.7779,540.9278089,620,19.08381848,1,50,4.013087396,50,2.569530778,25.66643665,,YES,100,NO,125.6664367, DOKS6446800,,
EOR, DOKS6446900,Cambridge Arch - Central Kansas - KS, DOKS6446900, KS,-100.297088,40.057993,,32.7666,-96.7779,540.9278089,620,19.08381848,1,50,4.013087396,50,2.569530778,25.66643665,,NO,100,NO,125.6664367, DOKS6446900,,
EOR, DOKS6447600,Cambridge Arch - Central Kansas - KS, DOKS6447600, KS,-100.297088,40.057993,,32.7666,-96.7779,540.9278089,620,19.08381848,1,50,4.013087396,50,2.569530778,25.66643665,,NO,100,NO,125.6664367, DOKS6447600,,
EOR, DOKS6447900,Cambridge Arch - Central Kansas - KS, DOKS6447900, KS,-100.297088,40.057993,,32.7666,-96.7779,540.9278089,620,19.08381848,1,50,4.013087396,50,2.569530778,25.66643665,,NO,-155,NO,-129.3335633, DOKS6447900,,
EOR, DOKS6448500,Cambridge Arch - Central Kansas - KS, DOKS6448500, KS,-100.297088,40.057993,,32.7666,-96.7779,540.9278089,620,19.08381848,1,50,4.013087396,50,2.569530778,25.66643665,,YES,100,NO,125.6664367, DOKS6448500,,
EOR, DOKS6449400,Cambridge Arch - Central Kansas - KS, DOKS6449400, KS,-100.297088,40.057993,,32.7666,-96.7779,540.9278089,620,19.08381848,1,50,4.013087396,50,2.569530778,25.66643665,,YES,100,NO,125.6664367, DOKS6449400,,
EOR, DOKS6449500,Cambridge Arch - Central Kansas - KS, DOKS6449500, KS,-100.297088,40.057993,,32.7666,-96.7779,540.9278089,620,19.08381848,1,50,4.013087396,50,2.569530778,25.66643665,,YES,100,NO,125.6664367, DOKS6449500,,
EOR, DOKS6449700,Cambridge Arch - Central Kansas - KS, DOKS6449700, KS,-100.297088,40.057993,,32.7666,-96.7779,540.9278089,620,19.08381848,1,50,4.013087396,50,2.569530778,25.66643665,,YES,100,NO,125.6664367, DOKS6449700,,
EOR, DOKS6449800,Cambridge Arch - Central Kansas - KS, DOKS6449800, KS,-100.297088,40.057993,,32.7666,-96.7779,540.9278089,620,19.08381848,1,50,4.013087396,50,2.569530778,25.66643665,,YES,38,NO,63.66643665, DOKS6449800,,
EOR, DOKS6449900,Cambridge Arch - Central Kansas - KS, DOKS6449900, KS,-100.297088,40.057993,,32.7666,-96.7779,540.9278089,620,19.08381848,1,50,4.013087396,50,2.569530778,25.66643665,,YES,100,NO,125.6664367, DOKS6449900,,
EOR, DOKS6450800,Cambridge Arch - Central Kansas - KS, DOKS6450800, KS,-100.297088,40.057993,,32.7666,-96.7779,540.9278089,620,19.08381848,1,50,4.013087396,50,2.569530778,25.66643665,,YES,100,NO,125.6664367, DOKS6450800,,
EOR, DOKS6450900,Cambridge Arch - Central Kansas - KS, DOKS6450900, KS,-100.297088,40.057993,,32.7666,-96.7779,540.9278089,620,19.08381848,1,50,4.013087396,50,2.569530778,25.66643665,,NO,100,NO,125.6664367, DOKS6450900,,
EOR, DOKS6451300,Cambridge Arch - Central Kansas - KS, DOKS6451300, KS,-100.297088,40.057993,,32.7666,-96.7779,540.9278089,620,19.08381848,1,50,4.013087396,50,2.569530778,25.66643665,,NO,100,NO,125.6664367, DOKS6451300,,
EOR, DOKS6451400,Cambridge Arch - Central Kansas - KS, DOKS6451400, KS,-100.297088,40.057993,,32.7666,-96.7779,540.9278089,620,19.08381848,1,50,4.013087396,50,2.569530778,25.66643665,,NO,-1,NO,24.66643665, DOKS6451400,,
EOR, DOKS6451700,Cambridge Arch - Central Kansas - KS, DOKS6451700, KS,-100.297088,40.057993,,32.7666,-96.7779,540.9278089,620,19.08381848,1,50,4.013087396,50,2.569530778,25.66643665,,NO,100,NO,125.6664367, DOKS6451700,,
EOR, DOKS6451800,Cambridge Arch - Central Kansas - KS, DOKS6451800, KS,-100.297088,40.057993,,32.7666,-96.7779,540.9278089,620,19.08381848,1,50,4.013087396,50,2.569530778,25.66643665,,YES,-54,YES,-28.33356335, DOKS6451800,,
EOR, DOKS6452000,Cambridge Arch - Central Kansas - KS, DOKS6452000, KS,-100.297088,40.057993,,32.7666,-96.7779,540.9278089,620,19.08381848,1,50,4.013087396,50,2.569530778,25.66643665,,NO,-67,NO,-41.33356335, DOKS6452000,,
EOR, DOKS6452900,Cambridge Arch - Central Kansas - KS, DOKS6452900, KS,-100.297088,40.057993,,32.7666,-96.7779,540.9278089,620,19.08381848,1,50,4.013087396,50,2.569530778,25.66643665,,YES,100,NO,125.6664367, DOKS6452900,,
EOR, DOKS6453500,Cambridge Arch - Central Kansas - KS, DOKS6453500, KS,-100.297088,40.057993,,32.7666,-96.7779,540.9278089,620,19.08381848,1,50,4.013087396,50,2.569530778,25.66643665,,NO,100,NO,125.6664367, DOKS6453500,,
EOR, DOKS6453600,Cambridge Arch - Central Kansas - KS, DOKS6453600, KS,-100.297088,40.057993,,32.7666,-96.7779,540.9278089,620,19.08381848,1,50,4.013087396,50,2.569530778,25.66643665,,YES,4,NO,29.66643665, DOKS6453600,,
EOR, DOKS6454100,Cambridge Arch - Central Kansas - KS, DOKS6454100, KS,-100.297088,40.057993,,32.7666,-96.7779,540.9278089,620,19.08381848,1,50,4.013087396,50,2.569530778,25.66643665,,YES,69,NO,94.66643665, DOKS6454100,,
EOR, DOKS6454300,Cambridge Arch - Central Kansas - KS, DOKS6454300, KS,-100.297088,40.057993,,32.7666,-96.7779,540.9278089,620,19.08381848,1,50,4.013087396,50,2.569530778,25.66643665,,YES,31,NO,56.66643665, DOKS6454300,,
EOR, DOKS6454400,Cambridge Arch - Central Kansas - KS, DOKS6454400, KS,-100.297088,40.057993,,32.7666,-96.7779,540.9278089,620,19.08381848,1,50,4.013087396,50,2.569530778,25.66643665,,YES,100,NO,125.6664367, DOKS6454400,,
EOR, DOKS6455000,Cambridge Arch - Central Kansas - KS, DOKS6455000, KS,-100.297088,40.057993,,32.7666,-96.7779,540.9278089,620,19.08381848,1,50,4.013087396,50,2.569530778,25.66643665,,YES,100,NO,125.6664367, DOKS6455000,,
EOR, DOKS6455300,Cambridge Arch - Central Kansas - KS, DOKS6455300, KS,-100.297088,40.057993,,32.7666,-96.7779,540.9278089,620,19.08381848,1,50,4.013087396,50,2.569530778,25.66643665,,NO,76,NO,101.6664367, DOKS6455300,,
EOR, DOKS6457000,Cambridge Arch - Central Kansas - KS, DOKS6457000, KS,-100.297088,40.057993,,32.7666,-96.7779,540.9278089,620,19.08381848,1,50,4.013087396,50,2.569530778,25.66643665,,NO,76,NO,101.6664367, DOKS6457000,,
EOR, DOKS6457100,Cambridge Arch - Central Kansas - KS, DOKS6457100, KS,-100.297088,40.057993,,32.7666,-96.7779,540.9278089,620,19.08381848,1,50,4.013087396,50,2.569530778,25.66643665,,YES,100,NO,125.6664367, DOKS6457100,,
EOR, DOKS6458100,Cambridge Arch - Central Kansas - KS, DOKS6458100, KS,-100.297088,40.057993,,32.7666,-96.7779,540.9278089,620,19.08381848,1,50,4.013087396,50,2.569530778,25.66643665,,YES,49,NO,74.66643665, DOKS6458100,,
EOR, DOKS6458200,Cambridge Arch - Central Kansas - KS, DOKS6458200, KS,-100.297088,40.057993,,32.7666,-96.7779,540.9278089,620,19.08381848,1,50,4.013087396,50,2.569530778,25.66643665,,YES,100,NO,125.6664367, DOKS6458200,,
EOR, DOKS6459000,Cambridge Arch - Central Kansas - KS, DOKS6459000, KS,-100.297088,40.057993,,32.7666,-96.7779,540.9278089,620,19.08381848,1,50,4.013087396,50,2.569530778,25.66643665,,YES,100,NO,125.6664367, DOKS6459000,,
EOR, DOKS6459500,Cambridge Arch - Central Kansas - KS, DOKS6459500, KS,-100.297088,40.057993,,32.7666,-96.7779,540.9278089,620,19.08381848,1,50,4.013087396,50,2.569530778,25.66643665,,YES,100,NO,125.6664367, DOKS6459500,,
EOR, DOKS6459800,Cambridge Arch - Central Kansas - KS, DOKS6459800, KS,-100.297088,40.057993,,32.7666,-96.7779,540.9278089,620,19.08381848,1,50,4.013087396,50,2.569530778,25.66643665,,NO,100,NO,125.6664367, DOKS6459800,,
EOR, DOKS6460200,Cambridge Arch - Central Kansas - KS, DOKS6460200, KS,-100.297088,40.057993,,32.7666,-96.7779,540.9278089,620,19.08381848,1,50,4.013087396,50,2.569530778,25.66643665,,NO,100,NO,125.6664367, DOKS6460200,,
EOR, DOKS6461300,Cambridge Arch - Central Kansas - KS, DOKS6461300, KS,-100.297088,40.057993,,32.7666,-96.7779,540.9278089,620,19.08381848,1,50,4.013087396,50,2.569530778,25.66643665,,YES,73,NO,98.66643665, DOKS6461300,,
EOR, DOKS6461400,Cambridge Arch - Central Kansas - KS, DOKS6461400, KS,-100.297088,40.057993,,32.7666,-96.7779,540.9278089,620,19.08381848,1,50,4.013087396,50,2.569530778,25.66643665,,YES,100,NO,125.6664367, DOKS6461400,,
EOR, DOKS6461900,Cambridge Arch - Central Kansas - KS, DOKS6461900, KS,-100.297088,40.057993,,32.7666,-96.7779,540.9278089,620,19.08381848,1,50,4.013087396,50,2.569530778,25.66643665,,YES,-4,NO,21.66643665, DOKS6461900,,
EOR, DOKS6462500,Cambridge Arch - Central Kansas - KS, DOKS6462500, KS,-100.297088,40.057993,,32.7666,-96.7779,540.9278089,620,19.08381848,1,50,4.013087396,50,2.569530778,25.66643665,,YES,100,NO,125.6664367, DOKS6462500,,
EOR, DOKS6462900,Cambridge Arch - Central Kansas - KS, DOKS6462900, KS,-100.297088,40.057993,,32.7666,-96.7779,540.9278089,620,19.08381848,1,50,4.013087396,50,2.569530778,25.66643665,,YES,100,NO,125.6664367, DOKS6462900,,
EOR, DOKS6463300,Cambridge Arch - Central Kansas - KS, DOKS6463300, KS,-100.297088,40.057993,,32.7666,-96.7779,540.9278089,620,19.08381848,1,50,4.013087396,50,2.569530778,25.66643665,,NO,-144,YES,-118.3335633, DOKS6463300,,
EOR, DOKS6463700,Cambridge Arch - Central Kansas - KS, DOKS6463700, KS,-100.297088,40.057993,,32.7666,-96.7779,540.9278089,620,19.08381848,1,50,4.013087396,50,2.569530778,25.66643665,,YES,100,NO,125.6664367, DOKS6463700,,
EOR, DOKS6463800,Cambridge Arch - Central Kansas - KS, DOKS6463800, KS,-100.297088,40.057993,,32.7666,-96.7779,540.9278089,620,19.08381848,1,50,4.013087396,50,2.569530778,25.66643665,,YES,100,NO,125.6664367, DOKS6463800,,
EOR, DOKS6464000,Cambridge Arch - Central Kansas - KS, DOKS6464000, KS,-100.297088,40.057993,,32.7666,-96.7779,540.9278089,620,19.08381848,1,50,4.013087396,50,2.569530778,25.66643665,,YES,100,NO,125.6664367, DOKS6464000,,
EOR, DOKS6464600,Cambridge Arch - Central Kansas - KS, DOKS6464600, KS,-100.297088,40.057993,,32.7666,-96.7779,540.9278089,620,19.08381848,1,50,4.013087396,50,2.569530778,25.66643665,,YES,100,NO,125.6664367, DOKS6464600,,
EOR, DOKS6465200,Cambridge Arch - Central Kansas - KS, DOKS6465200, KS,-100.297088,40.057993,,32.7666,-96.7779,540.9278089,620,19.08381848,1,50,4.013087396,50,2.569530778,25.66643665,,YES,100,NO,125.6664367, DOKS6465200,,
EOR, DOKS6465600,Cambridge Arch - Central Kansas - KS, DOKS6465600, KS,-100.297088,40.057993,,32.7666,-96.7779,540.9278089,620,19.08381848,1,50,4.013087396,50,2.569530778,25.66643665,,YES,100,NO,125.6664367, DOKS6465600,,
EOR, DOKS6466900,Cambridge Arch - Central Kansas - KS, DOKS6466900, KS,-100.297088,40.057993,,32.7666,-96.7779,540.9278089,620,19.08381848,1,50,4.013087396,50,2.569530778,25.66643665,,YES,100,NO,125.6664367, DOKS6466900,,
EOR, DOKS6467200,Cambridge Arch - Central Kansas - KS, DOKS6467200, KS,-100.297088,40.057993,,32.7666,-96.7779,540.9278089,620,19.08381848,1,50,4.013087396,50,2.569530778,25.66643665,,NO,100,NO,125.6664367, DOKS6467200,,
EOR, DOKS6467300,Cambridge Arch - Central Kansas - KS, DOKS6467300, KS,-100.297088,40.057993,,32.7666,-96.7779,540.9278089,620,19.08381848,1,50,4.013087396,50,2.569530778,25.66643665,,YES,100,NO,125.6664367, DOKS6467300,,
EOR, DOKS6469300,Cambridge Arch - Central Kansas - KS, DOKS6469300, KS,-100.297088,40.057993,,32.7666,-96.7779,540.9278089,620,19.08381848,1,50,4.013087396,50,2.569530778,25.66643665,,YES,100,NO,125.6664367, DOKS6469300,,
EOR, DOKS6469400,Cambridge Arch - Central Kansas - KS, DOKS6469400, KS,-100.297088,40.057993,,32.7666,-96.7779,540.9278089,620,19.08381848,1,50,4.013087396,50,2.569530778,25.66643665,,YES,100,NO,125.6664367, DOKS6469400,,
EOR, DOKS6469900,Cambridge Arch - Central Kansas - KS, DOKS6469900, KS,-100.297088,40.057993,,32.7666,-96.7779,540.9278089,620,19.08381848,1,50,4.013087396,50,2.569530778,25.66643665,,YES,67,NO,92.66643665, DOKS6469900,,
EOR, DOKS6470300,Cambridge Arch - Central Kansas - KS, DOKS6470300, KS,-100.297088,40.057993,,32.7666,-96.7779,540.9278089,620,19.08381848,1,50,4.013087396,50,2.569530778,25.66643665,,YES,100,NO,125.6664367, DOKS6470300,,
EOR, DOKS6472100,Cambridge Arch - Central Kansas - KS, DOKS6472100, KS,-100.297088,40.057993,,32.7666,-96.7779,540.9278089,620,19.08381848,1,50,4.013087396,50,2.569530778,25.66643665,,NO,100,NO,125.6664367, DOKS6472100,,
EOR, DOKS6472400,Cambridge Arch - Central Kansas - KS, DOKS6472400, KS,-100.297088,40.057993,,32.7666,-96.7779,540.9278089,620,19.08381848,1,50,4.013087396,50,2.569530778,25.66643665,,NO,100,NO,125.6664367, DOKS6472400,,
EOR, DOKS6477200,Cambridge Arch - Central Kansas - KS, DOKS6477200, KS,-100.297088,40.057993,,32.7666,-96.7779,540.9278089,620,19.08381848,1,50,4.013087396,50,2.569530778,25.66643665,,YES,100,NO,125.6664367, DOKS6477200,,
EOR, DOKS6477500,Cambridge Arch - Central Kansas - KS, DOKS6477500, KS,-100.297088,40.057993,,32.7666,-96.7779,540.9278089,620,19.08381848,1,50,4.013087396,50,2.569530778,25.66643665,,YES,100,NO,125.6664367, DOKS6477500,,
EOR, DONE6435800,Cambridge Arch - Central Kansas - NE, DONE6435800, NE,-100.156501,40.458398,,32.7666,-96.7779,564.017807,650,20.23866377,1,50,4.013087396,50,2.569530778,26.82128195,,NO,-77,YES,-50.17871805, DONE6435800,,
EOR, DONE6477100,Cambridge Arch - Central Kansas - NE, DONE6477100, NE,-100.156501,40.458398,,32.7666,-96.7779,564.017807,650,20.23866377,1,50,4.013087396,50,2.569530778,26.82128195,,NO,24,YES,50.82128195, DONE6477100,,
EOR, DONE6477600,Cambridge Arch - Central Kansas - NE, DONE6477600, NE,-100.156501,40.458398,,32.7666,-96.7779,564.017807,650,20.23866377,1,50,4.013087396,50,2.569530778,26.82128195,,NO,58,NO,84.82128195, DONE6477600,,
EOR, DONE6477800,Cambridge Arch - Central Kansas - NE, DONE6477800, NE,-100.156501,40.458398,,32.7666,-96.7779,564.017807,650,20.23866377,1,50,4.013087396,50,2.569530778,26.82128195,,NO,-94,YES,-67.17871805, DONE6477800,,
EOR, DONE6478000,Cambridge Arch - Central Kansas - NE, DONE6478000, NE,-100.156501,40.458398,,32.7666,-96.7779,564.017807,650,20.23866377,1,50,4.013087396,50,2.569530778,26.82128195,,YES,-74,YES,-47.17871805, DONE6478000,,
EOR, DONE6478100,Cambridge Arch - Central Kansas - NE, DONE6478100, NE,-100.156501,40.458398,,32.7666,-96.7779,564.017807,650,20.23866377,1,50,4.013087396,50,2.569530778,26.82128195,,NO,100,NO,126.8212819, DONE6478100,,
EOR, DONE6478300,Cambridge Arch - Central Kansas - NE, DONE6478300, NE,-100.156501,40.458398,,32.7666,-96.7779,564.017807,650,20.23866377,1,50,4.013087396,50,2.569530778,26.82128195,,YES,100,NO,126.8212819, DONE6478300,,
EOR, DONE6478500,Cambridge Arch - Central Kansas - NE, DONE6478500, NE,-100.156501,40.458398,,32.7666,-96.7779,564.017807,650,20.23866377,1,50,4.013087396,50,2.569530778,26.82128195,,YES,60,NO,86.82128195, DONE6478500,,
EOR, DONE6478900,Cambridge Arch - Central Kansas - NE, DONE6478900, NE,-100.156501,40.458398,,32.7666,-96.7779,564.017807,650,20.23866377,1,50,4.013087396,50,2.569530778,26.82128195,,YES,100,NO,126.8212819, DONE6478900,,
EOR, DONE6479500,Cambridge Arch - Central Kansas - NE, DONE6479500, NE,-100.156501,40.458398,,32.7666,-96.7779,564.017807,650,20.23866377,1,50,4.013087396,50,2.569530778,26.82128195,,YES,100,NO,126.8212819, DONE6479500,,
EOR, DONE6479900,Cambridge Arch - Central Kansas - NE, DONE6479900, NE,-100.156501,40.458398,,32.7666,-96.7779,564.017807,650,20.23866377,1,50,4.013087396,50,2.569530778,26.82128195,,NO,-121,NO,-94.17871805, DONE6479900,,
EOR, DONE6480000,Cambridge Arch - Central Kansas - NE, DONE6480000, NE,-100.156501,40.458398,,32.7666,-96.7779,564.017807,650,20.23866377,1,50,4.013087396,50,2.569530778,26.82128195,,NO,93,NO,119.8212819, DONE6480000,,
EOR, DOMT6520700,Central Montana, DOMT6520700, MT,-108.564125,46.958037,,32.7666,-96.7779,1161.210833,1340,#N/A,1,50,4.013087396,50,2.569530778,#N/A,,NO,-83,YES,#N/A, DOMT6520700,,
EOR, DOMT6750400,Central Montana, DOMT6750400, MT,-108.564125,46.958037,,32.7666,-96.7779,1161.210833,1340,#N/A,1,50,4.013087396,50,2.569530778,#N/A,,NO,-192,YES,#N/A, DOMT6750400,,
EOR, DOMT6750900,Central Montana, DOMT6750900, MT,-108.564125,46.958037,,32.7666,-96.7779,1161.210833,1340,#N/A,1,50,4.013087396,50,2.569530778,#N/A,,YES,100,NO,#N/A, DOMT6750900,,
EOR, DOMT6751000,Central Montana, DOMT6751000, MT,-108.564125,46.958037,,32.7666,-96.7779,1161.210833,1340,#N/A,1,50,4.013087396,50,2.569530778,#N/A,,NO,100,NO,#N/A, DOMT6751000,,
EOR, DOMT6751400,Central Montana, DOMT6751400, MT,-108.564125,46.958037,,32.7666,-96.7779,1161.210833,1340,#N/A,1,50,4.013087396,50,2.569530778,#N/A,,NO,100,NO,#N/A, DOMT6751400,,
EOR, DOMT6751700,Central Montana, DOMT6751700, MT,-108.564125,46.958037,,32.7666,-96.7779,1161.210833,1340,#N/A,1,50,4.013087396,50,2.569530778,#N/A,,YES,100,NO,#N/A, DOMT6751700,,
EOR, DOMT6751800,Central Montana, DOMT6751800, MT,-108.564125,46.958037,,32.7666,-96.7779,1161.210833,1340,#N/A,1,50,4.013087396,50,2.569530778,#N/A,,NO,-100,NO,#N/A, DOMT6751800,,
EOR, DOMT6752200,Central Montana, DOMT6752200, MT,-108.564125,46.958037,,32.7666,-96.7779,1161.210833,1340,#N/A,1,50,4.013087396,50,2.569530778,#N/A,,NO,-38,NO,#N/A, DOMT6752200,,
EOR, DOMT6752600,Central Montana, DOMT6752600, MT,-108.564125,46.958037,,32.7666,-96.7779,1161.210833,1340,#N/A,1,50,4.013087396,50,2.569530778,#N/A,,NO,100,NO,#N/A, DOMT6752600,,
EOR, DOMT6753600,Central Montana, DOMT6753600, MT,-108.564125,46.958037,,32.7666,-96.7779,1161.210833,1340,#N/A,1,50,4.013087396,50,2.569530778,#N/A,,NO,-25,NO,#N/A, DOMT6753600,,
EOR, DOMT6753900,Central Montana, DOMT6753900, MT,-108.564125,46.958037,,32.7666,-96.7779,1161.210833,1340,#N/A,1,50,4.013087396,50,2.569530778,#N/A,,YES,10,NO,#N/A, DOMT6753900,,
EOR, DOMT6754200,Central Montana, DOMT6754200, MT,-108.564125,46.958037,,32.7666,-96.7779,1161.210833,1340,#N/A,1,50,4.013087396,50,2.569530778,#N/A,,YES,-2,YES,#N/A, DOMT6754200,,
EOR, DOMT6754400,Central Montana, DOMT6754400, MT,-108.564125,46.958037,,32.7666,-96.7779,1161.210833,1340,#N/A,1,50,4.013087396,50,2.569530778,#N/A,,NO,96,NO,#N/A, DOMT6754400,,
EOR, DOMT6754600,Central Montana, DOMT6754600, MT,-108.564125,46.958037,,32.7666,-96.7779,1161.210833,1340,#N/A,1,50,4.013087396,50,2.569530778,#N/A,,NO,86,NO,#N/A, DOMT6754600,,
EOR, DOMT6754700,Central Montana, DOMT6754700, MT,-108.564125,46.958037,,32.7666,-96.7779,1161.210833,1340,#N/A,1,50,4.013087396,50,2.569530778,#N/A,,YES,100,NO,#N/A, DOMT6754700,,
EOR, DOMT6754800,Central Montana, DOMT6754800, MT,-108.564125,46.958037,,32.7666,-96.7779,1161.210833,1340,#N/A,1,50,4.013087396,50,2.569530778,#N/A,,NO,-20,NO,#N/A, DOMT6754800,,
EOR, DOMT6754900,Central Montana, DOMT6754900, MT,-108.564125,46.958037,,32.7666,-96.7779,1161.210833,1340,#N/A,1,50,4.013087396,50,2.569530778,#N/A,,NO,90,NO,#N/A, DOMT6754900,,
EOR, DOMT6755100,Central Montana, DOMT6755100, MT,-108.564125,46.958037,,32.7666,-96.7779,1161.210833,1340,#N/A,1,50,4.013087396,50,2.569530778,#N/A,,YES,-2,NO,#N/A, DOMT6755100,,
EOR, DOMT6755400,Central Montana, DOMT6755400, MT,-108.564125,46.958037,,32.7666,-96.7779,1161.210833,1340,#N/A,1,50,4.013087396,50,2.569530778,#N/A,,YES,100,NO,#N/A, DOMT6755400,,
EOR, DOMT6755600,Central Montana, DOMT6755600, MT,-108.564125,46.958037,,32.7666,-96.7779,1161.210833,1340,#N/A,1,50,4.013087396,50,2.569530778,#N/A,,NO,44,NO,#N/A, DOMT6755600,,
EOR, DOMT6755900,Central Montana, DOMT6755900, MT,-108.564125,46.958037,,32.7666,-96.7779,1161.210833,1340,#N/A,1,50,4.013087396,50,2.569530778,#N/A,,NO,93,NO,#N/A, DOMT6755900,,
EOR, DOMT6756000,Central Montana, DOMT6756000, MT,-108.564125,46.958037,,32.7666,-96.7779,1161.210833,1340,#N/A,1,50,4.013087396,50,2.569530778,#N/A,,YES,100,NO,#N/A, DOMT6756000,,
EOR, DOMT6756100,Central Montana, DOMT6756100, MT,-108.564125,46.958037,,32.7666,-96.7779,1161.210833,1340,#N/A,1,50,4.013087396,50,2.569530778,#N/A,,NO,100,NO,#N/A, DOMT6756100,,
EOR, DOMT6756200,Central Montana, DOMT6756200, MT,-108.564125,46.958037,,32.7666,-96.7779,1161.210833,1340,#N/A,1,50,4.013087396,50,2.569530778,#N/A,,NO,61,NO,#N/A, DOMT6756200,,
EOR, DOKS6391100,Cherokee Platform - KS, DOKS6391100, KS,-95.722576,37.505373,,32.7666,-96.7779,333.1666227,380,12.19805341,1,40,2.973726631,40,2.136463793,17.30824384,,NO,63,NO,80.30824384, DOKS6391100,,
EOR, DOKS6391300,Cherokee Platform - KS, DOKS6391300, KS,-95.722576,37.505373,,32.7666,-96.7779,333.1666227,380,12.19805341,1,40,2.973726631,40,2.136463793,17.30824384,,YES,78,NO,95.30824384, DOKS6391300,,
EOR, DOKS6391800,Cherokee Platform - KS, DOKS6391800, KS,-95.722576,37.505373,,32.7666,-96.7779,333.1666227,380,12.19805341,1,40,2.973726631,40,2.136463793,17.30824384,,NO,100,NO,117.3082438, DOKS6391800,,
EOR, DOKS6391900,Cherokee Platform - KS, DOKS6391900, KS,-95.722576,37.505373,,32.7666,-96.7779,333.1666227,380,12.19805341,1,40,2.973726631,40,2.136463793,17.30824384,,NO,100,NO,117.3082438, DOKS6391900,,
EOR, DOKS6392000,Cherokee Platform - KS, DOKS6392000, KS,-95.722576,37.505373,,32.7666,-96.7779,333.1666227,380,12.19805341,1,40,2.973726631,40,2.136463793,17.30824384,,NO,100,NO,117.3082438, DOKS6392000,,
EOR, DOKS6392400,Cherokee Platform - KS, DOKS6392400, KS,-95.722576,37.505373,,32.7666,-96.7779,333.1666227,380,12.19805341,1,40,2.973726631,40,2.136463793,17.30824384,,NO,-4,NO,13.30824384, DOKS6392400,,
EOR, DOKS6393100,Cherokee Platform - KS, DOKS6393100, KS,-95.722576,37.505373,,32.7666,-96.7779,333.1666227,380,12.19805341,1,40,2.973726631,40,2.136463793,17.30824384,,NO,100,NO,117.3082438, DOKS6393100,,
EOR, DOKS6393400,Cherokee Platform - KS, DOKS6393400, KS,-95.722576,37.505373,,32.7666,-96.7779,333.1666227,380,12.19805341,1,40,2.973726631,40,2.136463793,17.30824384,,NO,-75,NO,-57.69175616, DOKS6393400,,
EOR, DOKS6394800,Cherokee Platform - KS, DOKS6394800, KS,-95.722576,37.505373,,32.7666,-96.7779,333.1666227,380,12.19805341,1,40,2.973726631,40,2.136463793,17.30824384,,NO,-92,NO,-74.69175616, DOKS6394800,,
EOR, DOKS6395700,Cherokee Platform - KS, DOKS6395700, KS,-95.722576,37.505373,,32.7666,-96.7779,333.1666227,380,12.19805341,1,40,2.973726631,40,2.136463793,17.30824384,,NO,-197,NO,-179.6917562, DOKS6395700,,
EOR, DOOK6264600,Cherokee Platform - OK, DOOK6264600, OK,-96.428492,36.047454,,32.7666,-96.7779,227.8116212,260,8.25714385,1,30,2.280819455,30,1.674525676,12.21248898,,NO,100,NO,112.212489, DOOK6264600,,
EOR, DOOK6286100,Cherokee Platform - OK, DOOK6286100, OK,-96.428492,36.047454,,32.7666,-96.7779,227.8116212,260,8.25714385,1,30,2.280819455,30,1.674525676,12.21248898,,NO,-24,NO,-11.78751102, DOOK6286100,,
EOR, DOOK6287200,Cherokee Platform - OK, DOOK6287200, OK,-96.428492,36.047454,,32.7666,-96.7779,227.8116212,260,8.25714385,1,30,2.280819455,30,1.674525676,12.21248898,,NO,1,NO,13.21248898, DOOK6287200,,
EOR, DOOK6287300,Cherokee Platform - OK, DOOK6287300, OK,-96.428492,36.047454,,32.7666,-96.7779,227.8116212,260,8.25714385,1,30,2.280819455,30,1.674525676,12.21248898,,NO,28,NO,40.21248898, DOOK6287300,,
EOR, DOOK6287500,Cherokee Platform - OK, DOOK6287500, OK,-96.428492,36.047454,,32.7666,-96.7779,227.8116212,260,8.25714385,1,30,2.280819455,30,1.674525676,12.21248898,,NO,-9,NO,3.212488981, DOOK6287500,,
EOR, DOOK6287700,Cherokee Platform - OK, DOOK6287700, OK,-96.428492,36.047454,,32.7666,-96.7779,227.8116212,260,8.25714385,1,30,2.280819455,30,1.674525676,12.21248898,,NO,-17,NO,-4.787511019, DOOK6287700,,
EOR, DOOK6288200,Cherokee Platform - OK, DOOK6288200, OK,-96.428492,36.047454,,32.7666,-96.7779,227.8116212,260,8.25714385,1,30,2.280819455,30,1.674525676,12.21248898,,NO,14,NO,26.21248898, DOOK6288200,,
EOR, DOOK6289500,Cherokee Platform - OK, DOOK6289500, OK,-96.428492,36.047454,,32.7666,-96.7779,227.8116212,260,8.25714385,1,30,2.280819455,30,1.674525676,12.21248898,,NO,100,NO,112.212489, DOOK6289500,,
EOR, DOOK6290600,Cherokee Platform - OK, DOOK6290600, OK,-96.428492,36.047454,,32.7666,-96.7779,227.8116212,260,8.25714385,1,30,2.280819455,30,1.674525676,12.21248898,,NO,100,NO,112.212489, DOOK6290600,,
EOR, DOOK6290800,Cherokee Platform - OK, DOOK6290800, OK,-96.428492,36.047454,,32.7666,-96.7779,227.8116212,260,8.25714385,1,30,2.280819455,30,1.674525676,12.21248898,,NO,-110,NO,-97.78751102, DOOK6290800,,
EOR, DOOK6290900,Cherokee Platform - OK, DOOK6290900, OK,-96.428492,36.047454,,32.7666,-96.7779,227.8116212,260,8.25714385,1,30,2.280819455,30,1.674525676,12.21248898,,NO,-92,NO,-79.78751102, DOOK6290900,,
EOR, DOOK6291300,Cherokee Platform - OK, DOOK6291300, OK,-96.428492,36.047454,,32.7666,-96.7779,227.8116212,260,8.25714385,1,30,2.280819455,30,1.674525676,12.21248898,,NO,73,NO,85.21248898, DOOK6291300,,
EOR, DOOK6292600,Cherokee Platform - OK, DOOK6292600, OK,-96.428492,36.047454,,32.7666,-96.7779,227.8116212,260,8.25714385,1,30,2.280819455,30,1.674525676,12.21248898,,NO,72,NO,84.21248898, DOOK6292600,,
EOR, DOOK6292700,Cherokee Platform - OK, DOOK6292700, OK,-96.428492,36.047454,,32.7666,-96.7779,227.8116212,260,8.25714385,1,30,2.280819455,30,1.674525676,12.21248898,,NO,59,NO,71.21248898, DOOK6292700,,
EOR, DOOK6293100,Cherokee Platform - OK, DOOK6293100, OK,-96.428492,36.047454,,32.7666,-96.7779,227.8116212,260,8.25714385,1,30,2.280819455,30,1.674525676,12.21248898,,NO,-33,NO,-20.78751102, DOOK6293100,,
EOR, DOOK6293200,Cherokee Platform - OK, DOOK6293200, OK,-96.428492,36.047454,,32.7666,-96.7779,227.8116212,260,8.25714385,1,30,2.280819455,30,1.674525676,12.21248898,,NO,-76,NO,-63.78751102, DOOK6293200,,
EOR, DOOK6293600,Cherokee Platform - OK, DOOK6293600, OK,-96.428492,36.047454,,32.7666,-96.7779,227.8116212,260,8.25714385,1,30,2.280819455,30,1.674525676,12.21248898,,NO,100,NO,112.212489, DOOK6293600,,
EOR, DOOK6294000,Cherokee Platform - OK, DOOK6294000, OK,-96.428492,36.047454,,32.7666,-96.7779,227.8116212,260,8.25714385,1,30,2.280819455,30,1.674525676,12.21248898,,NO,52,NO,64.21248898, DOOK6294000,,
EOR, DOOK6294400,Cherokee Platform - OK, DOOK6294400, OK,-96.428492,36.047454,,32.7666,-96.7779,227.8116212,260,8.25714385,1,30,2.280819455,30,1.674525676,12.21248898,,NO,100,NO,112.212489, DOOK6294400,,
EOR, DOOK6294600,Cherokee Platform - OK, DOOK6294600, OK,-96.428492,36.047454,,32.7666,-96.7779,227.8116212,260,8.25714385,1,30,2.280819455,30,1.674525676,12.21248898,,NO,100,NO,112.212489, DOOK6294600,,
EOR, DOOK6295200,Cherokee Platform - OK, DOOK6295200, OK,-96.428492,36.047454,,32.7666,-96.7779,227.8116212,260,8.25714385,1,30,2.280819455,30,1.674525676,12.21248898,,NO,-50,YES,-37.78751102, DOOK6295200,,
EOR, DOOK6295300,Cherokee Platform - OK, DOOK6295300, OK,-96.428492,36.047454,,32.7666,-96.7779,227.8116212,260,8.25714385,1,30,2.280819455,30,1.674525676,12.21248898,,NO,-47,YES,-34.78751102, DOOK6295300,,
EOR, DOOK6295400,Cherokee Platform - OK, DOOK6295400, OK,-96.428492,36.047454,,32.7666,-96.7779,227.8116212,260,8.25714385,1,30,2.280819455,30,1.674525676,12.21248898,,NO,-55,NO,-42.78751102, DOOK6295400,,
EOR, DOOK6295500,Cherokee Platform - OK, DOOK6295500, OK,-96.428492,36.047454,,32.7666,-96.7779,227.8116212,260,8.25714385,1,30,2.280819455,30,1.674525676,12.21248898,,NO,-24,NO,-11.78751102, DOOK6295500,,
EOR, DOOK6295600,Cherokee Platform - OK, DOOK6295600, OK,-96.428492,36.047454,,32.7666,-96.7779,227.8116212,260,8.25714385,1,30,2.280819455,30,1.674525676,12.21248898,,YES,-21,NO,-8.787511019, DOOK6295600,,
EOR, DOOK6295800,Cherokee Platform - OK, DOOK6295800, OK,-96.428492,36.047454,,32.7666,-96.7779,227.8116212,260,8.25714385,1,30,2.280819455,30,1.674525676,12.21248898,,NO,100,NO,112.212489, DOOK6295800,,
EOR, DOOK6295900,Cherokee Platform - OK, DOOK6295900, OK,-96.428492,36.047454,,32.7666,-96.7779,227.8116212,260,8.25714385,1,30,2.280819455,30,1.674525676,12.21248898,,NO,1,NO,13.21248898, DOOK6295900,,
EOR, DOOK6296200,Cherokee Platform - OK, DOOK6296200, OK,-96.428492,36.047454,,32.7666,-96.7779,227.8116212,260,8.25714385,1,30,2.280819455,30,1.674525676,12.21248898,,NO,-93,NO,-80.78751102, DOOK6296200,,
EOR, DOOK6296600,Cherokee Platform - OK, DOOK6296600, OK,-96.428492,36.047454,,32.7666,-96.7779,227.8116212,260,8.25714385,1,30,2.280819455,30,1.674525676,12.21248898,,NO,93,NO,105.212489, DOOK6296600,,
EOR, DOOK6296700,Cherokee Platform - OK, DOOK6296700, OK,-96.428492,36.047454,,32.7666,-96.7779,227.8116212,260,8.25714385,1,30,2.280819455,30,1.674525676,12.21248898,,NO,100,NO,112.212489, DOOK6296700,,
EOR, DOOK6296900,Cherokee Platform - OK, DOOK6296900, OK,-96.428492,36.047454,,32.7666,-96.7779,227.8116212,260,8.25714385,1,30,2.280819455,30,1.674525676,12.21248898,,NO,93,NO,105.212489, DOOK6296900,,
EOR, DOOK6298100,Cherokee Platform - OK, DOOK6298100, OK,-96.428492,36.047454,,32.7666,-96.7779,227.8116212,260,8.25714385,1,30,2.280819455,30,1.674525676,12.21248898,,NO,100,NO,112.212489, DOOK6298100,,
EOR, DOOK6298400,Cherokee Platform - OK, DOOK6298400, OK,-96.428492,36.047454,,32.7666,-96.7779,227.8116212,260,8.25714385,1,30,2.280819455,30,1.674525676,12.21248898,,NO,100,NO,112.212489, DOOK6298400,,
EOR, DOOK6298600,Cherokee Platform - OK, DOOK6298600, OK,-96.428492,36.047454,,32.7666,-96.7779,227.8116212,260,8.25714385,1,30,2.280819455,30,1.674525676,12.21248898,,NO,-82,NO,-69.78751102, DOOK6298600,,
EOR, DOOK6298700,Cherokee Platform - OK, DOOK6298700, OK,-96.428492,36.047454,,32.7666,-96.7779,227.8116212,260,8.25714385,1,30,2.280819455,30,1.674525676,12.21248898,,NO,-44,NO,-31.78751102, DOOK6298700,,
EOR, DOOK6299200,Cherokee Platform - OK, DOOK6299200, OK,-96.428492,36.047454,,32.7666,-96.7779,227.8116212,260,8.25714385,1,30,2.280819455,30,1.674525676,12.21248898,,NO,2,NO,14.21248898, DOOK6299200,,
EOR, DOOK6299500,Cherokee Platform - OK, DOOK6299500, OK,-96.428492,36.047454,,32.7666,-96.7779,227.8116212,260,8.25714385,1,30,2.280819455,30,1.674525676,12.21248898,,NO,100,NO,112.212489, DOOK6299500,,
EOR, DOOK6299700,Cherokee Platform - OK, DOOK6299700, OK,-96.428492,36.047454,,32.7666,-96.7779,227.8116212,260,8.25714385,1,30,2.280819455,30,1.674525676,12.21248898,,NO,100,NO,112.212489, DOOK6299700,,
EOR, DOOK6299900,Cherokee Platform - OK, DOOK6299900, OK,-96.428492,36.047454,,32.7666,-96.7779,227.8116212,260,8.25714385,1,30,2.280819455,30,1.674525676,12.21248898,,YES,100,NO,112.212489, DOOK6299900,,
EOR, DOOK6300600,Cherokee Platform - OK, DOOK6300600, OK,-96.428492,36.047454,,32.7666,-96.7779,227.8116212,260,8.25714385,1,30,2.280819455,30,1.674525676,12.21248898,,NO,-121,YES,-108.787511, DOOK6300600,,
EOR, DOOK6300700,Cherokee Platform - OK, DOOK6300700, OK,-96.428492,36.047454,,32.7666,-96.7779,227.8116212,260,8.25714385,1,30,2.280819455,30,1.674525676,12.21248898,,YES,-60,YES,-47.78751102, DOOK6300700,,
EOR, DOOK6300800,Cherokee Platform - OK, DOOK6300800, OK,-96.428492,36.047454,,32.7666,-96.7779,227.8116212,260,8.25714385,1,30,2.280819455,30,1.674525676,12.21248898,,NO,-21,NO,-8.787511019, DOOK6300800,,
EOR, DOOK6300900,Cherokee Platform - OK, DOOK6300900, OK,-96.428492,36.047454,,32.7666,-96.7779,227.8116212,260,8.25714385,1,30,2.280819455,30,1.674525676,12.21248898,,YES,100,NO,112.212489, DOOK6300900,,
EOR, DOOK6301200,Cherokee Platform - OK, DOOK6301200, OK,-96.428492,36.047454,,32.7666,-96.7779,227.8116212,260,8.25714385,1,30,2.280819455,30,1.674525676,12.21248898,,NO,100,NO,112.212489, DOOK6301200,,
EOR, DOOK6301900,Cherokee Platform - OK, DOOK6301900, OK,-96.428492,36.047454,,32.7666,-96.7779,227.8116212,260,8.25714385,1,30,2.280819455,30,1.674525676,12.21248898,,NO,12,NO,24.21248898, DOOK6301900,,
EOR, DOOK6302100,Cherokee Platform - OK, DOOK6302100, OK,-96.428492,36.047454,,32.7666,-96.7779,227.8116212,260,8.25714385,1,30,2.280819455,30,1.674525676,12.21248898,,NO,4,NO,16.21248898, DOOK6302100,,
EOR, DOOK6302700,Cherokee Platform - OK, DOOK6302700, OK,-96.428492,36.047454,,32.7666,-96.7779,227.8116212,260,8.25714385,1,30,2.280819455,30,1.674525676,12.21248898,,NO,100,NO,112.212489, DOOK6302700,,
EOR, DOOK6303000,Cherokee Platform - OK, DOOK6303000, OK,-96.428492,36.047454,,32.7666,-96.7779,227.8116212,260,8.25714385,1,30,2.280819455,30,1.674525676,12.21248898,,NO,100,NO,112.212489, DOOK6303000,,
EOR, DOOK6303400,Cherokee Platform - OK, DOOK6303400, OK,-96.428492,36.047454,,32.7666,-96.7779,227.8116212,260,8.25714385,1,30,2.280819455,30,1.674525676,12.21248898,,NO,-41,NO,-28.78751102, DOOK6303400,,
EOR, DOOK6304300,Cherokee Platform - OK, DOOK6304300, OK,-96.428492,36.047454,,32.7666,-96.7779,227.8116212,260,8.25714385,1,30,2.280819455,30,1.674525676,12.21248898,,NO,100,NO,112.212489, DOOK6304300,,
EOR, DOOK6305500,Cherokee Platform - OK, DOOK6305500, OK,-96.428492,36.047454,,32.7666,-96.7779,227.8116212,260,8.25714385,1,30,2.280819455,30,1.674525676,12.21248898,,NO,100,NO,112.212489, DOOK6305500,,
EOR, DOOK6305700,Cherokee Platform - OK, DOOK6305700, OK,-96.428492,36.047454,,32.7666,-96.7779,227.8116212,260,8.25714385,1,30,2.280819455,30,1.674525676,12.21248898,,NO,90,NO,102.212489, DOOK6305700,,
EOR, DOOK6305800,Cherokee Platform - OK, DOOK6305800, OK,-96.428492,36.047454,,32.7666,-96.7779,227.8116212,260,8.25714385,1,30,2.280819455,30,1.674525676,12.21248898,,NO,-134,YES,-121.787511, DOOK6305800,,
EOR, DOOK6305900,Cherokee Platform - OK, DOOK6305900, OK,-96.428492,36.047454,,32.7666,-96.7779,227.8116212,260,8.25714385,1,30,2.280819455,30,1.674525676,12.21248898,,NO,-66,NO,-53.78751102, DOOK6305900,,
EOR, DOOK6306500,Cherokee Platform - OK, DOOK6306500, OK,-96.428492,36.047454,,32.7666,-96.7779,227.8116212,260,8.25714385,1,30,2.280819455,30,1.674525676,12.21248898,,NO,41,NO,53.21248898, DOOK6306500,,
EOR, DOOK6306600,Cherokee Platform - OK, DOOK6306600, OK,-96.428492,36.047454,,32.7666,-96.7779,227.8116212,260,8.25714385,1,30,2.280819455,30,1.674525676,12.21248898,,NO,90,NO,102.212489, DOOK6306600,,
EOR, DOOK6307200,Cherokee Platform - OK, DOOK6307200, OK,-96.428492,36.047454,,32.7666,-96.7779,227.8116212,260,8.25714385,1,30,2.280819455,30,1.674525676,12.21248898,,NO,23,NO,35.21248898, DOOK6307200,,
EOR, DOOK6307300,Cherokee Platform - OK, DOOK6307300, OK,-96.428492,36.047454,,32.7666,-96.7779,227.8116212,260,8.25714385,1,30,2.280819455,30,1.674525676,12.21248898,,NO,64,NO,76.21248898, DOOK6307300,,
EOR, DOOK6307400,Cherokee Platform - OK, DOOK6307400, OK,-96.428492,36.047454,,32.7666,-96.7779,227.8116212,260,8.25714385,1,30,2.280819455,30,1.674525676,12.21248898,,NO,100,NO,112.212489, DOOK6307400,,
EOR, DOOK6307500,Cherokee Platform - OK, DOOK6307500, OK,-96.428492,36.047454,,32.7666,-96.7779,227.8116212,260,8.25714385,1,30,2.280819455,30,1.674525676,12.21248898,,NO,100,NO,112.212489, DOOK6307500,,
EOR, DOOK6307600,Cherokee Platform - OK, DOOK6307600, OK,-96.428492,36.047454,,32.7666,-96.7779,227.8116212,260,8.25714385,1,30,2.280819455,30,1.674525676,12.21248898,,NO,100,NO,112.212489, DOOK6307600,,
EOR, DOOK6308700,Cherokee Platform - OK, DOOK6308700, OK,-96.428492,36.047454,,32.7666,-96.7779,227.8116212,260,8.25714385,1,30,2.280819455,30,1.674525676,12.21248898,,NO,-69,YES,-56.78751102, DOOK6308700,,
EOR, DOOK6308800,Cherokee Platform - OK, DOOK6308800, OK,-96.428492,36.047454,,32.7666,-96.7779,227.8116212,260,8.25714385,1,30,2.280819455,30,1.674525676,12.21248898,,YES,46,NO,58.21248898, DOOK6308800,,
EOR, DOOK6308900,Cherokee Platform - OK, DOOK6308900, OK,-96.428492,36.047454,,32.7666,-96.7779,227.8116212,260,8.25714385,1,30,2.280819455,30,1.674525676,12.21248898,,NO,18,NO,30.21248898, DOOK6308900,,
EOR, DOOK6310600,Cherokee Platform - OK, DOOK6310600, OK,-96.428492,36.047454,,32.7666,-96.7779,227.8116212,260,8.25714385,1,30,2.280819455,30,1.674525676,12.21248898,,NO,100,NO,112.212489, DOOK6310600,,
EOR, DOOK6310700,Cherokee Platform - OK, DOOK6310700, OK,-96.428492,36.047454,,32.7666,-96.7779,227.8116212,260,8.25714385,1,30,2.280819455,30,1.674525676,12.21248898,,NO,70,NO,82.21248898, DOOK6310700,,
EOR, DOOK6310800,Cherokee Platform - OK, DOOK6310800, OK,-96.428492,36.047454,,32.7666,-96.7779,227.8116212,260,8.25714385,1,30,2.280819455,30,1.674525676,12.21248898,,NO,25,NO,37.21248898, DOOK6310800,,
EOR, DOOK6310900,Cherokee Platform - OK, DOOK6310900, OK,-96.428492,36.047454,,32.7666,-96.7779,227.8116212,260,8.25714385,1,30,2.280819455,30,1.674525676,12.21248898,,YES,100,NO,112.212489, DOOK6310900,,
EOR, DOOK6311000,Cherokee Platform - OK, DOOK6311000, OK,-96.428492,36.047454,,32.7666,-96.7779,227.8116212,260,8.25714385,1,30,2.280819455,30,1.674525676,12.21248898,,YES,-5,NO,7.212488981, DOOK6311000,,
EOR, DOOK6311200,Cherokee Platform - OK, DOOK6311200, OK,-96.428492,36.047454,,32.7666,-96.7779,227.8116212,260,8.25714385,1,30,2.280819455,30,1.674525676,12.21248898,,NO,100,NO,112.212489, DOOK6311200,,
EOR, DOOK6311300,Cherokee Platform - OK, DOOK6311300, OK,-96.428492,36.047454,,32.7666,-96.7779,227.8116212,260,8.25714385,1,30,2.280819455,30,1.674525676,12.21248898,,NO,100,NO,112.212489, DOOK6311300,,
EOR, DOOK6311400,Cherokee Platform - OK, DOOK6311400, OK,-96.428492,36.047454,,32.7666,-96.7779,227.8116212,260,8.25714385,1,30,2.280819455,30,1.674525676,12.21248898,,NO,74,NO,86.21248898, DOOK6311400,,
EOR, DOOK6311600,Cherokee Platform - OK, DOOK6311600, OK,-96.428492,36.047454,,32.7666,-96.7779,227.8116212,260,8.25714385,1,30,2.280819455,30,1.674525676,12.21248898,,NO,-72,YES,-59.78751102, DOOK6311600,,
EOR, DOOK6311800,Cherokee Platform - OK, DOOK6311800, OK,-96.428492,36.047454,,32.7666,-96.7779,227.8116212,260,8.25714385,1,30,2.280819455,30,1.674525676,12.21248898,,YES,-55,NO,-42.78751102, DOOK6311800,,
EOR, DOOK6311900,Cherokee Platform - OK, DOOK6311900, OK,-96.428492,36.047454,,32.7666,-96.7779,227.8116212,260,8.25714385,1,30,2.280819455,30,1.674525676,12.21248898,,YES,-22,NO,-9.787511019, DOOK6311900,,
EOR, DOOK6312300,Cherokee Platform - OK, DOOK6312300, OK,-96.428492,36.047454,,32.7666,-96.7779,227.8116212,260,8.25714385,1,30,2.280819455,30,1.674525676,12.21248898,,NO,-15,NO,-2.787511019, DOOK6312300,,
EOR, DOOK6312400,Cherokee Platform - OK, DOOK6312400, OK,-96.428492,36.047454,,32.7666,-96.7779,227.8116212,260,8.25714385,1,30,2.280819455,30,1.674525676,12.21248898,,NO,-75,NO,-62.78751102, DOOK6312400,,
EOR, DOOK6313000,Cherokee Platform - OK, DOOK6313000, OK,-96.428492,36.047454,,32.7666,-96.7779,227.8116212,260,8.25714385,1,30,2.280819455,30,1.674525676,12.21248898,,NO,-64,NO,-51.78751102, DOOK6313000,,
EOR, DOOK6313100,Cherokee Platform - OK, DOOK6313100, OK,-96.428492,36.047454,,32.7666,-96.7779,227.8116212,260,8.25714385,1,30,2.280819455,30,1.674525676,12.21248898,,NO,100,NO,112.212489, DOOK6313100,,
EOR, DOOK6313300,Cherokee Platform - OK, DOOK6313300, OK,-96.428492,36.047454,,32.7666,-96.7779,227.8116212,260,8.25714385,1,30,2.280819455,30,1.674525676,12.21248898,,YES,89,NO,101.212489, DOOK6313300,,
EOR, DOOK6313600,Cherokee Platform - OK, DOOK6313600, OK,-96.428492,36.047454,,32.7666,-96.7779,227.8116212,260,8.25714385,1,30,2.280819455,30,1.674525676,12.21248898,,NO,28,NO,40.21248898, DOOK6313600,,
EOR, DOOK6313700,Cherokee Platform - OK, DOOK6313700, OK,-96.428492,36.047454,,32.7666,-96.7779,227.8116212,260,8.25714385,1,30,2.280819455,30,1.674525676,12.21248898,,NO,100,NO,112.212489, DOOK6313700,,
EOR, DOOK6314000,Cherokee Platform - OK, DOOK6314000, OK,-96.428492,36.047454,,32.7666,-96.7779,227.8116212,260,8.25714385,1,30,2.280819455,30,1.674525676,12.21248898,,NO,-6,NO,6.212488981, DOOK6314000,,
EOR, DOOK6314100,Cherokee Platform - OK, DOOK6314100, OK,-96.428492,36.047454,,32.7666,-96.7779,227.8116212,260,8.25714385,1,30,2.280819455,30,1.674525676,12.21248898,,NO,-1,NO,11.21248898, DOOK6314100,,
EOR, DOOK6314600,Cherokee Platform - OK, DOOK6314600, OK,-96.428492,36.047454,,32.7666,-96.7779,227.8116212,260,8.25714385,1,30,2.280819455,30,1.674525676,12.21248898,,NO,9,YES,21.21248898, DOOK6314600,,
EOR, DOOK6315300,Cherokee Platform - OK, DOOK6315300, OK,-96.428492,36.047454,,32.7666,-96.7779,227.8116212,260,8.25714385,1,30,2.280819455,30,1.674525676,12.21248898,,NO,100,NO,112.212489, DOOK6315300,,
EOR, DOOK6315600,Cherokee Platform - OK, DOOK6315600, OK,-96.428492,36.047454,,32.7666,-96.7779,227.8116212,260,8.25714385,1,30,2.280819455,30,1.674525676,12.21248898,,NO,70,NO,82.21248898, DOOK6315600,,
EOR, DOOK6316000,Cherokee Platform - OK, DOOK6316000, OK,-96.428492,36.047454,,32.7666,-96.7779,227.8116212,260,8.25714385,1,30,2.280819455,30,1.674525676,12.21248898,,YES,-40,NO,-27.78751102, DOOK6316000,,
EOR, DOOK6316300,Cherokee Platform - OK, DOOK6316300, OK,-96.428492,36.047454,,32.7666,-96.7779,227.8116212,260,8.25714385,1,30,2.280819455,30,1.674525676,12.21248898,,YES,100,NO,112.212489, DOOK6316300,,
EOR, DOOK6316700,Cherokee Platform - OK, DOOK6316700, OK,-96.428492,36.047454,,32.7666,-96.7779,227.8116212,260,8.25714385,1,30,2.280819455,30,1.674525676,12.21248898,,NO,43,NO,55.21248898, DOOK6316700,,
EOR, DOOK6316800,Cherokee Platform - OK, DOOK6316800, OK,-96.428492,36.047454,,32.7666,-96.7779,227.8116212,260,8.25714385,1,30,2.280819455,30,1.674525676,12.21248898,,NO,-31,NO,-18.78751102, DOOK6316800,,
EOR, DOOK6317100,Cherokee Platform - OK, DOOK6317100, OK,-96.428492,36.047454,,32.7666,-96.7779,227.8116212,260,8.25714385,1,30,2.280819455,30,1.674525676,12.21248898,,YES,-72,NO,-59.78751102, DOOK6317100,,
EOR, DOOK6317300,Cherokee Platform - OK, DOOK6317300, OK,-96.428492,36.047454,,32.7666,-96.7779,227.8116212,260,8.25714385,1,30,2.280819455,30,1.674525676,12.21248898,,NO,2,NO,14.21248898, DOOK6317300,,
EOR, DOOK6317600,Cherokee Platform - OK, DOOK6317600, OK,-96.428492,36.047454,,32.7666,-96.7779,227.8116212,260,8.25714385,1,30,2.280819455,30,1.674525676,12.21248898,,NO,46,NO,58.21248898, DOOK6317600,,
EOR, DOOK6317700,Cherokee Platform - OK, DOOK6317700, OK,-96.428492,36.047454,,32.7666,-96.7779,227.8116212,260,8.25714385,1,30,2.280819455,30,1.674525676,12.21248898,,NO,-11,NO,1.212488981, DOOK6317700,,
EOR, DOOK6318000,Cherokee Platform - OK, DOOK6318000, OK,-96.428492,36.047454,,32.7666,-96.7779,227.8116212,260,8.25714385,1,30,2.280819455,30,1.674525676,12.21248898,,NO,-193,NO,-180.787511, DOOK6318000,,
EOR, DOOK6318700,Cherokee Platform - OK, DOOK6318700, OK,-96.428492,36.047454,,32.7666,-96.7779,227.8116212,260,8.25714385,1,30,2.280819455,30,1.674525676,12.21248898,,NO,-54,NO,-41.78751102, DOOK6318700,,
EOR, DOOK6318800,Cherokee Platform - OK, DOOK6318800, OK,-96.428492,36.047454,,32.7666,-96.7779,227.8116212,260,8.25714385,1,30,2.280819455,30,1.674525676,12.21248898,,YES,-67,NO,-54.78751102, DOOK6318800,,
EOR, DOOK6319000,Cherokee Platform - OK, DOOK6319000, OK,-96.428492,36.047454,,32.7666,-96.7779,227.8116212,260,8.25714385,1,30,2.280819455,30,1.674525676,12.21248898,,NO,-136,NO,-123.787511, DOOK6319000,,
EOR, DOOK6319100,Cherokee Platform - OK, DOOK6319100, OK,-96.428492,36.047454,,32.7666,-96.7779,227.8116212,260,8.25714385,1,30,2.280819455,30,1.674525676,12.21248898,,NO,100,NO,112.212489, DOOK6319100,,
EOR, DOOK6319200,Cherokee Platform - OK, DOOK6319200, OK,-96.428492,36.047454,,32.7666,-96.7779,227.8116212,260,8.25714385,1,30,2.280819455,30,1.674525676,12.21248898,,NO,100,NO,112.212489, DOOK6319200,,
EOR, DOOK6319300,Cherokee Platform - OK, DOOK6319300, OK,-96.428492,36.047454,,32.7666,-96.7779,227.8116212,260,8.25714385,1,30,2.280819455,30,1.674525676,12.21248898,,NO,-35,NO,-22.78751102, DOOK6319300,,
EOR, DOOK6319400,Cherokee Platform - OK, DOOK6319400, OK,-96.428492,36.047454,,32.7666,-96.7779,227.8116212,260,8.25714385,1,30,2.280819455,30,1.674525676,12.21248898,,NO,100,NO,112.212489, DOOK6319400,,
EOR, DOOK6319500,Cherokee Platform - OK, DOOK6319500, OK,-96.428492,36.047454,,32.7666,-96.7779,227.8116212,260,8.25714385,1,30,2.280819455,30,1.674525676,12.21248898,,NO,100,NO,112.212489, DOOK6319500,,
EOR, DOOK6319600,Cherokee Platform - OK, DOOK6319600, OK,-96.428492,36.047454,,32.7666,-96.7779,227.8116212,260,8.25714385,1,30,2.280819455,30,1.674525676,12.21248898,,NO,100,NO,112.212489, DOOK6319600,,
EOR, DOOK6319700,Cherokee Platform - OK, DOOK6319700, OK,-96.428492,36.047454,,32.7666,-96.7779,227.8116212,260,8.25714385,1,30,2.280819455,30,1.674525676,12.21248898,,NO,100,NO,112.212489, DOOK6319700,,
EOR, DOOK6319800,Cherokee Platform - OK, DOOK6319800, OK,-96.428492,36.047454,,32.7666,-96.7779,227.8116212,260,8.25714385,1,30,2.280819455,30,1.674525676,12.21248898,,NO,-30,NO,-17.78751102, DOOK6319800,,
EOR, DOOK6320000,Cherokee Platform - OK, DOOK6320000, OK,-96.428492,36.047454,,32.7666,-96.7779,227.8116212,260,8.25714385,1,30,2.280819455,30,1.674525676,12.21248898,,NO,-15,NO,-2.787511019, DOOK6320000,,
EOR, DOOK6320500,Cherokee Platform - OK, DOOK6320500, OK,-96.428492,36.047454,,32.7666,-96.7779,227.8116212,260,8.25714385,1,30,2.280819455,30,1.674525676,12.21248898,,NO,100,NO,112.212489, DOOK6320500,,
EOR, DOOK6321000,Cherokee Platform - OK, DOOK6321000, OK,-96.428492,36.047454,,32.7666,-96.7779,227.8116212,260,8.25714385,1,30,2.280819455,30,1.674525676,12.21248898,,NO,100,NO,112.212489, DOOK6321000,,
EOR, DOOK6321100,Cherokee Platform - OK, DOOK6321100, OK,-96.428492,36.047454,,32.7666,-96.7779,227.8116212,260,8.25714385,1,30,2.280819455,30,1.674525676,12.21248898,,NO,100,NO,112.212489, DOOK6321100,,
EOR, DOOK6321300,Cherokee Platform - OK, DOOK6321300, OK,-96.428492,36.047454,,32.7666,-96.7779,227.8116212,260,8.25714385,1,30,2.280819455,30,1.674525676,12.21248898,,NO,-137,YES,-124.787511, DOOK6321300,,
EOR, DOOK6321700,Cherokee Platform - OK, DOOK6321700, OK,-96.428492,36.047454,,32.7666,-96.7779,227.8116212,260,8.25714385,1,30,2.280819455,30,1.674525676,12.21248898,,NO,100,NO,112.212489, DOOK6321700,,
EOR, DOOK6322700,Cherokee Platform - OK, DOOK6322700, OK,-96.428492,36.047454,,32.7666,-96.7779,227.8116212,260,8.25714385,1,30,2.280819455,30,1.674525676,12.21248898,,NO,100,NO,112.212489, DOOK6322700,,
EOR, DOOK6324100,Cherokee Platform - OK, DOOK6324100, OK,-96.428492,36.047454,,32.7666,-96.7779,227.8116212,260,8.25714385,1,30,2.280819455,30,1.674525676,12.21248898,,NO,100,NO,112.212489, DOOK6324100,,
EOR, DOOK6324200,Cherokee Platform - OK, DOOK6324200, OK,-96.428492,36.047454,,32.7666,-96.7779,227.8116212,260,8.25714385,1,30,2.280819455,30,1.674525676,12.21248898,,NO,19,NO,31.21248898, DOOK6324200,,
EOR, DOOK6324500,Cherokee Platform - OK, DOOK6324500, OK,-96.428492,36.047454,,32.7666,-96.7779,227.8116212,260,8.25714385,1,30,2.280819455,30,1.674525676,12.21248898,,NO,73,NO,85.21248898, DOOK6324500,,
EOR, DOOK6324600,Cherokee Platform - OK, DOOK6324600, OK,-96.428492,36.047454,,32.7666,-96.7779,227.8116212,260,8.25714385,1,30,2.280819455,30,1.674525676,12.21248898,,NO,8,NO,20.21248898, DOOK6324600,,
EOR, DOOK6325000,Cherokee Platform - OK, DOOK6325000, OK,-96.428492,36.047454,,32.7666,-96.7779,227.8116212,260,8.25714385,1,30,2.280819455,30,1.674525676,12.21248898,,NO,100,NO,112.212489, DOOK6325000,,
EOR, DOOK6325200,Cherokee Platform - OK, DOOK6325200, OK,-96.428492,36.047454,,32.7666,-96.7779,227.8116212,260,8.25714385,1,30,2.280819455,30,1.674525676,12.21248898,,NO,100,NO,112.212489, DOOK6325200,,
EOR, DOOK6325300,Cherokee Platform - OK, DOOK6325300, OK,-96.428492,36.047454,,32.7666,-96.7779,227.8116212,260,8.25714385,1,30,2.280819455,30,1.674525676,12.21248898,,NO,100,NO,112.212489, DOOK6325300,,
EOR, DOOK6326200,Cherokee Platform - OK, DOOK6326200, OK,-96.428492,36.047454,,32.7666,-96.7779,227.8116212,260,8.25714385,1,30,2.280819455,30,1.674525676,12.21248898,,NO,100,NO,112.212489, DOOK6326200,,
EOR, DOOK6326300,Cherokee Platform - OK, DOOK6326300, OK,-96.428492,36.047454,,32.7666,-96.7779,227.8116212,260,8.25714385,1,30,2.280819455,30,1.674525676,12.21248898,,NO,100,NO,112.212489, DOOK6326300,,
EOR, DOOK6326400,Cherokee Platform - OK, DOOK6326400, OK,-96.428492,36.047454,,32.7666,-96.7779,227.8116212,260,8.25714385,1,30,2.280819455,30,1.674525676,12.21248898,,NO,-110,NO,-97.78751102, DOOK6326400,,
EOR, DOOK6327300,Cherokee Platform - OK, DOOK6327300, OK,-96.428492,36.047454,,32.7666,-96.7779,227.8116212,260,8.25714385,1,30,2.280819455,30,1.674525676,12.21248898,,NO,100,NO,112.212489, DOOK6327300,,
EOR, DOOK6327700,Cherokee Platform - OK, DOOK6327700, OK,-96.428492,36.047454,,32.7666,-96.7779,227.8116212,260,8.25714385,1,30,2.280819455,30,1.674525676,12.21248898,,NO,100,NO,112.212489, DOOK6327700,,
EOR, DOOK6327800,Cherokee Platform - OK, DOOK6327800, OK,-96.428492,36.047454,,32.7666,-96.7779,227.8116212,260,8.25714385,1,30,2.280819455,30,1.674525676,12.21248898,,NO,100,NO,112.212489, DOOK6327800,,
EOR, DOOK6328200,Cherokee Platform - OK, DOOK6328200, OK,-96.428492,36.047454,,32.7666,-96.7779,227.8116212,260,8.25714385,1,30,2.280819455,30,1.674525676,12.21248898,,NO,100,NO,112.212489, DOOK6328200,,
EOR, DOOK6328300,Cherokee Platform - OK, DOOK6328300, OK,-96.428492,36.047454,,32.7666,-96.7779,227.8116212,260,8.25714385,1,30,2.280819455,30,1.674525676,12.21248898,,NO,100,NO,112.212489, DOOK6328300,,
EOR, DOOK6328500,Cherokee Platform - OK, DOOK6328500, OK,-96.428492,36.047454,,32.7666,-96.7779,227.8116212,260,8.25714385,1,30,2.280819455,30,1.674525676,12.21248898,,NO,100,NO,112.212489, DOOK6328500,,
EOR, DOOK6328600,Cherokee Platform - OK, DOOK6328600, OK,-96.428492,36.047454,,32.7666,-96.7779,227.8116212,260,8.25714385,1,30,2.280819455,30,1.674525676,12.21248898,,NO,-88,NO,-75.78751102, DOOK6328600,,
EOR, DOOK6329100,Cherokee Platform - OK, DOOK6329100, OK,-96.428492,36.047454,,32.7666,-96.7779,227.8116212,260,8.25714385,1,30,2.280819455,30,1.674525676,12.21248898,,NO,19,NO,31.21248898, DOOK6329100,,
EOR, DOOK6329200,Cherokee Platform - OK, DOOK6329200, OK,-96.428492,36.047454,,32.7666,-96.7779,227.8116212,260,8.25714385,1,30,2.280819455,30,1.674525676,12.21248898,,NO,7,NO,19.21248898, DOOK6329200,,
EOR, DOOK6329500,Cherokee Platform - OK, DOOK6329500, OK,-96.428492,36.047454,,32.7666,-96.7779,227.8116212,260,8.25714385,1,30,2.280819455,30,1.674525676,12.21248898,,NO,-161,NO,-148.787511, DOOK6329500,,
EOR, DOOK6329800,Cherokee Platform - OK, DOOK6329800, OK,-96.428492,36.047454,,32.7666,-96.7779,227.8116212,260,8.25714385,1,30,2.280819455,30,1.674525676,12.21248898,,NO,100,NO,112.212489, DOOK6329800,,
EOR, DOOK6329900,Cherokee Platform - OK, DOOK6329900, OK,-96.428492,36.047454,,32.7666,-96.7779,227.8116212,260,8.25714385,1,30,2.280819455,30,1.674525676,12.21248898,,NO,100,NO,112.212489, DOOK6329900,,
EOR, DOOK6330000,Cherokee Platform - OK, DOOK6330000, OK,-96.428492,36.047454,,32.7666,-96.7779,227.8116212,260,8.25714385,1,30,2.280819455,30,1.674525676,12.21248898,,YES,100,NO,112.212489, DOOK6330000,,
EOR, DOOK6330200,Cherokee Platform - OK, DOOK6330200, OK,-96.428492,36.047454,,32.7666,-96.7779,227.8116212,260,8.25714385,1,30,2.280819455,30,1.674525676,12.21248898,,NO,100,NO,112.212489, DOOK6330200,,
EOR, DOOK6330600,Cherokee Platform - OK, DOOK6330600, OK,-96.428492,36.047454,,32.7666,-96.7779,227.8116212,260,8.25714385,1,30,2.280819455,30,1.674525676,12.21248898,,NO,100,NO,112.212489, DOOK6330600,,
EOR, DOOK6331400,Cherokee Platform - OK, DOOK6331400, OK,-96.428492,36.047454,,32.7666,-96.7779,227.8116212,260,8.25714385,1,30,2.280819455,30,1.674525676,12.21248898,,NO,100,NO,112.212489, DOOK6331400,,
EOR, DOOK6331800,Cherokee Platform - OK, DOOK6331800, OK,-96.428492,36.047454,,32.7666,-96.7779,227.8116212,260,8.25714385,1,30,2.280819455,30,1.674525676,12.21248898,,NO,100,NO,112.212489, DOOK6331800,,
EOR, DOOK6331900,Cherokee Platform - OK, DOOK6331900, OK,-96.428492,36.047454,,32.7666,-96.7779,227.8116212,260,8.25714385,1,30,2.280819455,30,1.674525676,12.21248898,,NO,15,YES,27.21248898, DOOK6331900,,
EOR, DOOK6332600,Cherokee Platform - OK, DOOK6332600, OK,-96.428492,36.047454,,32.7666,-96.7779,227.8116212,260,8.25714385,1,30,2.280819455,30,1.674525676,12.21248898,,NO,-131,YES,-118.787511, DOOK6332600,,
EOR, DOOK6333600,Cherokee Platform - OK, DOOK6333600, OK,-96.428492,36.047454,,32.7666,-96.7779,227.8116212,260,8.25714385,1,30,2.280819455,30,1.674525676,12.21248898,,NO,-102,NO,-89.78751102, DOOK6333600,,
EOR, DOOK6333900,Cherokee Platform - OK, DOOK6333900, OK,-96.428492,36.047454,,32.7666,-96.7779,227.8116212,260,8.25714385,1,30,2.280819455,30,1.674525676,12.21248898,,YES,100,NO,112.212489, DOOK6333900,,
EOR, DOOK6334300,Cherokee Platform - OK, DOOK6334300, OK,-96.428492,36.047454,,32.7666,-96.7779,227.8116212,260,8.25714385,1,30,2.280819455,30,1.674525676,12.21248898,,NO,100,NO,112.212489, DOOK6334300,,
EOR, DOOK6334700,Cherokee Platform - OK, DOOK6334700, OK,-96.428492,36.047454,,32.7666,-96.7779,227.8116212,260,8.25714385,1,30,2.280819455,30,1.674525676,12.21248898,,NO,100,NO,112.212489, DOOK6334700,,
EOR, DOOK6335400,Cherokee Platform - OK, DOOK6335400, OK,-96.428492,36.047454,,32.7666,-96.7779,227.8116212,260,8.25714385,1,30,2.280819455,30,1.674525676,12.21248898,,NO,100,NO,112.212489, DOOK6335400,,
EOR, DOOK6336400,Cherokee Platform - OK, DOOK6336400, OK,-96.428492,36.047454,,32.7666,-96.7779,227.8116212,260,8.25714385,1,30,2.280819455,30,1.674525676,12.21248898,,NO,100,NO,112.212489, DOOK6336400,,
EOR, DOOK6336500,Cherokee Platform - OK, DOOK6336500, OK,-96.428492,36.047454,,32.7666,-96.7779,227.8116212,260,8.25714385,1,30,2.280819455,30,1.674525676,12.21248898,,NO,100,NO,112.212489, DOOK6336500,,
EOR, DOOK6337800,Cherokee Platform - OK, DOOK6337800, OK,-96.428492,36.047454,,32.7666,-96.7779,227.8116212,260,8.25714385,1,30,2.280819455,30,1.674525676,12.21248898,,NO,100,NO,112.212489, DOOK6337800,,
EOR, DOOK6337900,Cherokee Platform - OK, DOOK6337900, OK,-96.428492,36.047454,,32.7666,-96.7779,227.8116212,260,8.25714385,1,30,2.280819455,30,1.674525676,12.21248898,,NO,100,NO,112.212489, DOOK6337900,,
EOR, DOOK6338100,Cherokee Platform - OK, DOOK6338100, OK,-96.428492,36.047454,,32.7666,-96.7779,227.8116212,260,8.25714385,1,30,2.280819455,30,1.674525676,12.21248898,,NO,100,NO,112.212489, DOOK6338100,,
EOR, DOOK6339400,Cherokee Platform - OK, DOOK6339400, OK,-96.428492,36.047454,,32.7666,-96.7779,227.8116212,260,8.25714385,1,30,2.280819455,30,1.674525676,12.21248898,,NO,100,NO,112.212489, DOOK6339400,,
EOR, DOOK6339800,Cherokee Platform - OK, DOOK6339800, OK,-96.428492,36.047454,,32.7666,-96.7779,227.8116212,260,8.25714385,1,30,2.280819455,30,1.674525676,12.21248898,,NO,100,NO,112.212489, DOOK6339800,,
EOR, DOOK6340200,Cherokee Platform - OK, DOOK6340200, OK,-96.428492,36.047454,,32.7666,-96.7779,227.8116212,260,8.25714385,1,30,2.280819455,30,1.674525676,12.21248898,,NO,100,NO,112.212489, DOOK6340200,,
EOR, DOOK6340700,Cherokee Platform - OK, DOOK6340700, OK,-96.428492,36.047454,,32.7666,-96.7779,227.8116212,260,8.25714385,1,30,2.280819455,30,1.674525676,12.21248898,,NO,67,NO,79.21248898, DOOK6340700,,
EOR, DOOK6340800,Cherokee Platform - OK, DOOK6340800, OK,-96.428492,36.047454,,32.7666,-96.7779,227.8116212,260,8.25714385,1,30,2.280819455,30,1.674525676,12.21248898,,NO,100,NO,112.212489, DOOK6340800,,
EOR, DOOK6341000,Cherokee Platform - OK, DOOK6341000, OK,-96.428492,36.047454,,32.7666,-96.7779,227.8116212,260,8.25714385,1,30,2.280819455,30,1.674525676,12.21248898,,NO,100,NO,112.212489, DOOK6341000,,
EOR, DOOK6341600,Cherokee Platform - OK, DOOK6341600, OK,-96.428492,36.047454,,32.7666,-96.7779,227.8116212,260,8.25714385,1,30,2.280819455,30,1.674525676,12.21248898,,NO,100,NO,112.212489, DOOK6341600,,
EOR, DOOK6342100,Cherokee Platform - OK, DOOK6342100, OK,-96.428492,36.047454,,32.7666,-96.7779,227.8116212,260,8.25714385,1,30,2.280819455,30,1.674525676,12.21248898,,NO,80,NO,92.21248898, DOOK6342100,,
EOR, DOOK6343000,Cherokee Platform - OK, DOOK6343000, OK,-96.428492,36.047454,,32.7666,-96.7779,227.8116212,260,8.25714385,1,30,2.280819455,30,1.674525676,12.21248898,,NO,-74,NO,-61.78751102, DOOK6343000,,
EOR, DOOK6343100,Cherokee Platform - OK, DOOK6343100, OK,-96.428492,36.047454,,32.7666,-96.7779,227.8116212,260,8.25714385,1,30,2.280819455,30,1.674525676,12.21248898,,NO,100,NO,112.212489, DOOK6343100,,
EOR, DONE6812600,Denver Basin - NE, DONE6812600, NE,-102.488121,41.566958,,32.7666,-96.7779,684.873118,790,24.09295994,1,50,4.013087396,50,2.569530778,30.67557811,,NO,-125,YES,-94.32442189, DONE6812600,,
EOR, DONE6812700,Denver Basin - NE, DONE6812700, NE,-102.488121,41.566958,,32.7666,-96.7779,684.873118,790,24.09295994,1,50,4.013087396,50,2.569530778,30.67557811,,YES,50,NO,80.67557811, DONE6812700,,
EOR, DONE6813300,Denver Basin - NE, DONE6813300, NE,-102.488121,41.566958,,32.7666,-96.7779,684.873118,790,24.09295994,1,50,4.013087396,50,2.569530778,30.67557811,,NO,100,NO,130.6755781, DONE6813300,,
EOR, DONE6813600,Denver Basin - NE, DONE6813600, NE,-102.488121,41.566958,,32.7666,-96.7779,684.873118,790,24.09295994,1,50,4.013087396,50,2.569530778,30.67557811,,NO,-83,YES,-52.32442189, DONE6813600,,
EOR, DONE6814600,Denver Basin - NE, DONE6814600, NE,-102.488121,41.566958,,32.7666,-96.7779,684.873118,790,24.09295994,1,50,4.013087396,50,2.569530778,30.67557811,,YES,-56,NO,-25.32442189, DONE6814600,,
EOR, DONE6814900,Denver Basin - NE, DONE6814900, NE,-102.488121,41.566958,,32.7666,-96.7779,684.873118,790,24.09295994,1,50,4.013087396,50,2.569530778,30.67557811,,NO,-42,YES,-11.32442189, DONE6814900,,
EOR, DONE6815300,Denver Basin - NE, DONE6815300, NE,-102.488121,41.566958,,32.7666,-96.7779,684.873118,790,24.09295994,1,50,4.013087396,50,2.569530778,30.67557811,,NO,56,NO,86.67557811, DONE6815300,,
EOR, DONE6815900,Denver Basin - NE, DONE6815900, NE,-102.488121,41.566958,,32.7666,-96.7779,684.873118,790,24.09295994,1,50,4.013087396,50,2.569530778,30.67557811,,NO,13,NO,43.67557811, DONE6815900,,
EOR, DONE6817300,Denver Basin - NE, DONE6817300, NE,-102.488121,41.566958,,32.7666,-96.7779,684.873118,790,24.09295994,1,50,4.013087396,50,2.569530778,30.67557811,,YES,100,NO,130.6755781, DONE6817300,,
EOR, DONE6817800,Denver Basin - NE, DONE6817800, NE,-102.488121,41.566958,,32.7666,-96.7779,684.873118,790,24.09295994,1,50,4.013087396,50,2.569530778,30.67557811,,NO,100,NO,130.6755781, DONE6817800,,
EOR, DONE6819000,Denver Basin - NE, DONE6819000, NE,-102.488121,41.566958,,32.7666,-96.7779,684.873118,790,24.09295994,1,50,4.013087396,50,2.569530778,30.67557811,,NO,100,NO,130.6755781, DONE6819000,,
EOR, DONE6819100,Denver Basin - NE, DONE6819100, NE,-102.488121,41.566958,,32.7666,-96.7779,684.873118,790,24.09295994,1,50,4.013087396,50,2.569530778,30.67557811,,NO,43,NO,73.67557811, DONE6819100,,
EOR, DONE6819800,Denver Basin - NE, DONE6819800, NE,-102.488121,41.566958,,32.7666,-96.7779,684.873118,790,24.09295994,1,50,4.013087396,50,2.569530778,30.67557811,,NO,23,NO,53.67557811, DONE6819800,,
EOR, DONE6821400,Denver Basin - NE, DONE6821400, NE,-102.488121,41.566958,,32.7666,-96.7779,684.873118,790,24.09295994,1,50,4.013087396,50,2.569530778,30.67557811,,YES,67,NO,97.67557811, DONE6821400,,
EOR, DONE6822800,Denver Basin - NE, DONE6822800, NE,-102.488121,41.566958,,32.7666,-96.7779,684.873118,790,24.09295994,1,50,4.013087396,50,2.569530778,30.67557811,,YES,100,NO,130.6755781, DONE6822800,,
EOR, DONE6822900,Denver Basin - NE, DONE6822900, NE,-102.488121,41.566958,,32.7666,-96.7779,684.873118,790,24.09295994,1,50,4.013087396,50,2.569530778,30.67557811,,NO,100,NO,130.6755781, DONE6822900,,
EOR, DONE6823100,Denver Basin - NE, DONE6823100, NE,-102.488121,41.566958,,32.7666,-96.7779,684.873118,790,24.09295994,1,50,4.013087396,50,2.569530778,30.67557811,,NO,58,NO,88.67557811, DONE6823100,,
EOR, DONE6824100,Denver Basin - NE, DONE6824100, NE,-102.488121,41.566958,,32.7666,-96.7779,684.873118,790,24.09295994,1,50,4.013087396,50,2.569530778,30.67557811,,YES,100,NO,130.6755781, DONE6824100,,
EOR, DONE6824200,Denver Basin - NE, DONE6824200, NE,-102.488121,41.566958,,32.7666,-96.7779,684.873118,790,24.09295994,1,50,4.013087396,50,2.569530778,30.67557811,,YES,100,NO,130.6755781, DONE6824200,,
EOR, DONE6824300,Denver Basin - NE, DONE6824300, NE,-102.488121,41.566958,,32.7666,-96.7779,684.873118,790,24.09295994,1,50,4.013087396,50,2.569530778,30.67557811,,NO,83,NO,113.6755781, DONE6824300,,
EOR, DONE6824700,Denver Basin - NE, DONE6824700, NE,-102.488121,41.566958,,32.7666,-96.7779,684.873118,790,24.09295994,1,50,4.013087396,50,2.569530778,30.67557811,,NO,85,NO,115.6755781, DONE6824700,,
EOR, DONE6825200,Denver Basin - NE, DONE6825200, NE,-102.488121,41.566958,,32.7666,-96.7779,684.873118,790,24.09295994,1,50,4.013087396,50,2.569530778,30.67557811,,NO,-36,NO,-5.324421886, DONE6825200,,
EOR, DONE6829900,Denver Basin - NE, DONE6829900, NE,-102.488121,41.566958,,32.7666,-96.7779,684.873118,790,24.09295994,1,50,4.013087396,50,2.569530778,30.67557811,,NO,100,NO,130.6755781, DONE6829900,,
EOR, DONE6830300,Denver Basin - NE, DONE6830300, NE,-102.488121,41.566958,,32.7666,-96.7779,684.873118,790,24.09295994,1,50,4.013087396,50,2.569530778,30.67557811,,YES,36,NO,66.67557811, DONE6830300,,
EOR, DONE6831800,Denver Basin - NE, DONE6831800, NE,-102.488121,41.566958,,32.7666,-96.7779,684.873118,790,24.09295994,1,50,4.013087396,50,2.569530778,30.67557811,,NO,100,NO,130.6755781, DONE6831800,,
EOR, DONE6833000,Denver Basin - NE, DONE6833000, NE,-102.488121,41.566958,,32.7666,-96.7779,684.873118,790,24.09295994,1,50,4.013087396,50,2.569530778,30.67557811,,NO,100,NO,130.6755781, DONE6833000,,
EOR, DONE6834100,Denver Basin - NE, DONE6834100, NE,-102.488121,41.566958,,32.7666,-96.7779,684.873118,790,24.09295994,1,50,4.013087396,50,2.569530778,30.67557811,,YES,69,NO,99.67557811, DONE6834100,,
EOR, DONE6835200,Denver Basin - NE, DONE6835200, NE,-102.488121,41.566958,,32.7666,-96.7779,684.873118,790,24.09295994,1,50,4.013087396,50,2.569530778,30.67557811,,NO,86,NO,116.6755781, DONE6835200,,
EOR, DONE6836300,Denver Basin - NE, DONE6836300, NE,-102.488121,41.566958,,32.7666,-96.7779,684.873118,790,24.09295994,1,50,4.013087396,50,2.569530778,30.67557811,,YES,54,NO,84.67557811, DONE6836300,,
EOR, DOSD6779800,Denver Basin - SD, DOSD6779800, SD,-103.408902,43.136728,,32.7666,-96.7779,802.6638001,920,28.09161177,1,50,4.013087396,50,2.569530778,34.67422994,,NO,9,NO,43.67422994, DOSD6779800,,
EOR, DOWY6812200,Denver Basin - WY, DOWY6812200, WY,-104.4867,41.743429,,32.7666,-96.7779,751.3818523,860,26.21498817,1,50,4.013087396,50,2.569530778,32.79760634,,NO,-77,YES,-44.20239366, DOWY6812200,,
EOR, DOWY6812400,Denver Basin - WY, DOWY6812400, WY,-104.4867,41.743429,,32.7666,-96.7779,751.3818523,860,26.21498817,1,50,4.013087396,50,2.569530778,32.79760634,,NO,100,NO,132.7976063, DOWY6812400,,
EOR, DOWY6836000,Denver Basin - WY, DOWY6836000, WY,-104.4867,41.743429,,32.7666,-96.7779,751.3818523,860,26.21498817,1,50,4.013087396,50,2.569530778,32.79760634,,NO,100,NO,132.7976063, DOWY6836000,,
EOR, DOFL6023500,TX-LA-MS Salt Basins - FL, DOFL6023500, FL,-87.274405,30.738074,,32.7666,-96.7779,576.082034,660,20.49850396,1,50,4.013087396,50,2.569530778,27.08112214,,NO,-9,YES,18.08112214, DOFL6023500,,
EOR, DOFL6024700,TX-LA-MS Salt Basins - FL, DOFL6024700, FL,-87.274405,30.738074,,32.7666,-96.7779,576.082034,660,20.49850396,1,50,4.013087396,50,2.569530778,27.08112214,,NO,-23,YES,4.081122137, DOFL6024700,,
EOR, DOLA6019600,TX-LA-MS Salt Basins - LA, DOLA6019600, LA,-92.568814,32.266879,,32.7666,-96.7779,247.9065514,290,9.469731408,1,30,2.280819455,30,1.674525676,13.42507654,,YES,-36,YES,-22.57492346, DOLA6019600,,
EOR, DOLA6144400,TX-LA-MS Salt Basins - LA, DOLA6144400, LA,-92.568814,32.266879,,32.7666,-96.7779,247.9065514,290,9.469731408,1,30,2.280819455,30,1.674525676,13.42507654,,YES,100,YES,113.4250765, DOLA6144400,,
EOR, DOLA6151500,TX-LA-MS Salt Basins - LA, DOLA6151500, LA,-92.568814,32.266879,,32.7666,-96.7779,247.9065514,290,9.469731408,1,30,2.280819455,30,1.674525676,13.42507654,,NO,25,NO,38.42507654, DOLA6151500,,
EOR, DOLA6152200,TX-LA-MS Salt Basins - LA, DOLA6152200, LA,-92.568814,32.266879,,32.7666,-96.7779,247.9065514,290,9.469731408,1,30,2.280819455,30,1.674525676,13.42507654,,NO,-101,NO,-87.57492346, DOLA6152200,,
EOR, DOLA6152400,TX-LA-MS Salt Basins - LA, DOLA6152400, LA,-92.568814,32.266879,,32.7666,-96.7779,247.9065514,290,9.469731408,1,30,2.280819455,30,1.674525676,13.42507654,,NO,-56,YES,-42.57492346, DOLA6152400,,
EOR, DOLA6155700,TX-LA-MS Salt Basins - LA, DOLA6155700, LA,-92.568814,32.266879,,32.7666,-96.7779,247.9065514,290,9.469731408,1,30,2.280819455,30,1.674525676,13.42507654,,NO,-42,YES,-28.57492346, DOLA6155700,,
EOR, DOLA6162100,TX-LA-MS Salt Basins - LA, DOLA6162100, LA,-92.568814,32.266879,,32.7666,-96.7779,247.9065514,290,9.469731408,1,30,2.280819455,30,1.674525676,13.42507654,,NO,38,YES,51.42507654, DOLA6162100,,
EOR, DOLA6162200,TX-LA-MS Salt Basins - LA, DOLA6162200, LA,-92.568814,32.266879,,32.7666,-96.7779,247.9065514,290,9.469731408,1,30,2.280819455,30,1.674525676,13.42507654,,NO,-247,YES,-233.5749235, DOLA6162200,,
EOR, DOLA6162300,TX-LA-MS Salt Basins - LA, DOLA6162300, LA,-92.568814,32.266879,,32.7666,-96.7779,247.9065514,290,9.469731408,1,30,2.280819455,30,1.674525676,13.42507654,,YES,-53,YES,-39.57492346, DOLA6162300,,
EOR, DOLA6162500,TX-LA-MS Salt Basins - LA, DOLA6162500, LA,-92.568814,32.266879,,32.7666,-96.7779,247.9065514,290,9.469731408,1,30,2.280819455,30,1.674525676,13.42507654,,YES,7,NO,20.42507654, DOLA6162500,,
EOR, DOLA6162600,TX-LA-MS Salt Basins - LA, DOLA6162600, LA,-92.568814,32.266879,,32.7666,-96.7779,247.9065514,290,9.469731408,1,30,2.280819455,30,1.674525676,13.42507654,,NO,100,NO,113.4250765, DOLA6162600,,
EOR, DOLA6162700,TX-LA-MS Salt Basins - LA, DOLA6162700, LA,-92.568814,32.266879,,32.7666,-96.7779,247.9065514,290,9.469731408,1,30,2.280819455,30,1.674525676,13.42507654,,NO,100,NO,113.4250765, DOLA6162700,,
EOR, DOLA6162800,TX-LA-MS Salt Basins - LA, DOLA6162800, LA,-92.568814,32.266879,,32.7666,-96.7779,247.9065514,290,9.469731408,1,30,2.280819455,30,1.674525676,13.42507654,,NO,-17,YES,-3.574923461, DOLA6162800,,
EOR, DOLA6163000,TX-LA-MS Salt Basins - LA, DOLA6163000, LA,-92.568814,32.266879,,32.7666,-96.7779,247.9065514,290,9.469731408,1,30,2.280819455,30,1.674525676,13.42507654,,NO,33,NO,46.42507654, DOLA6163000,,
EOR, DOLA6163100,TX-LA-MS Salt Basins - LA, DOLA6163100, LA,-92.568814,32.266879,,32.7666,-96.7779,247.9065514,290,9.469731408,1,30,2.280819455,30,1.674525676,13.42507654,,NO,-38,YES,-24.57492346, DOLA6163100,,
EOR, DOLA6164700,TX-LA-MS Salt Basins - LA, DOLA6164700, LA,-92.568814,32.266879,,32.7666,-96.7779,247.9065514,290,9.469731408,1,30,2.280819455,30,1.674525676,13.42507654,,NO,83,NO,96.42507654, DOLA6164700,,
EOR, DOLA6164800,TX-LA-MS Salt Basins - LA, DOLA6164800, LA,-92.568814,32.266879,,32.7666,-96.7779,247.9065514,290,9.469731408,1,30,2.280819455,30,1.674525676,13.42507654,,NO,23,NO,36.42507654, DOLA6164800,,
EOR, DOLA6165100,TX-LA-MS Salt Basins - LA, DOLA6165100, LA,-92.568814,32.266879,,32.7666,-96.7779,247.9065514,290,9.469731408,1,30,2.280819455,30,1.674525676,13.42507654,,YES,23,YES,36.42507654, DOLA6165100,,
EOR, DOLA6167700,TX-LA-MS Salt Basins - LA, DOLA6167700, LA,-92.568814,32.266879,,32.7666,-96.7779,247.9065514,290,9.469731408,1,30,2.280819455,30,1.674525676,13.42507654,,NO,96,NO,109.4250765, DOLA6167700,,
EOR, DOLA6169500,TX-LA-MS Salt Basins - LA, DOLA6169500, LA,-92.568814,32.266879,,32.7666,-96.7779,247.9065514,290,9.469731408,1,30,2.280819455,30,1.674525676,13.42507654,,NO,100,NO,113.4250765, DOLA6169500,,
EOR, DOLA6170500,TX-LA-MS Salt Basins - LA, DOLA6170500, LA,-92.568814,32.266879,,32.7666,-96.7779,247.9065514,290,9.469731408,1,30,2.280819455,30,1.674525676,13.42507654,,YES,-58,YES,-44.57492346, DOLA6170500,,
EOR, DOLA6171900,TX-LA-MS Salt Basins - LA, DOLA6171900, LA,-92.568814,32.266879,,32.7666,-96.7779,247.9065514,290,9.469731408,1,30,2.280819455,30,1.674525676,13.42507654,,YES,100,NO,113.4250765, DOLA6171900,,
EOR, DOLA6172500,TX-LA-MS Salt Basins - LA, DOLA6172500, LA,-92.568814,32.266879,,32.7666,-96.7779,247.9065514,290,9.469731408,1,30,2.280819455,30,1.674525676,13.42507654,,NO,39,NO,52.42507654, DOLA6172500,,
EOR, DOLA6172700,TX-LA-MS Salt Basins - LA, DOLA6172700, LA,-92.568814,32.266879,,32.7666,-96.7779,247.9065514,290,9.469731408,1,30,2.280819455,30,1.674525676,13.42507654,,NO,29,NO,42.42507654, DOLA6172700,,
EOR, DOLA6174000,TX-LA-MS Salt Basins - LA, DOLA6174000, LA,-92.568814,32.266879,,32.7666,-96.7779,247.9065514,290,9.469731408,1,30,2.280819455,30,1.674525676,13.42507654,,NO,100,YES,113.4250765, DOLA6174000,,
EOR, DOLA6178800,TX-LA-MS Salt Basins - LA, DOLA6178800, LA,-92.568814,32.266879,,32.7666,-96.7779,247.9065514,290,9.469731408,1,30,2.280819455,30,1.674525676,13.42507654,,NO,100,NO,113.4250765, DOLA6178800,,
EOR, DOLA6179500,TX-LA-MS Salt Basins - LA, DOLA6179500, LA,-92.568814,32.266879,,32.7666,-96.7779,247.9065514,290,9.469731408,1,30,2.280819455,30,1.674525676,13.42507654,,NO,100,NO,113.4250765, DOLA6179500,,
EOR, DOLA6179800,TX-LA-MS Salt Basins - LA, DOLA6179800, LA,-92.568814,32.266879,,32.7666,-96.7779,247.9065514,290,9.469731408,1,30,2.280819455,30,1.674525676,13.42507654,,NO,-44,NO,-30.57492346, DOLA6179800,,
EOR, DOLA6180200,TX-LA-MS Salt Basins - LA, DOLA6180200, LA,-92.568814,32.266879,,32.7666,-96.7779,247.9065514,290,9.469731408,1,30,2.280819455,30,1.674525676,13.42507654,,NO,85,NO,98.42507654, DOLA6180200,,
EOR, DOMS6001000,TX-LA-MS Salt Basins - MS, DOMS6001000, MS,-89.867531,31.709832,,32.7666,-96.7779,410.7778377,470,14.91193985,1,50,4.013087396,50,2.569530778,21.49455803,,NO,-47,YES,-25.50544197, DOMS6001000,,
EOR, DOMS6001100,TX-LA-MS Salt Basins - MS, DOMS6001100, MS,-89.867531,31.709832,,32.7666,-96.7779,410.7778377,470,14.91193985,1,50,4.013087396,50,2.569530778,21.49455803,,YES,-41,YES,-19.50544197, DOMS6001100,,
EOR, DOMS6001200,TX-LA-MS Salt Basins - MS, DOMS6001200, MS,-89.867531,31.709832,,32.7666,-96.7779,410.7778377,470,14.91193985,1,50,4.013087396,50,2.569530778,21.49455803,,NO,100,NO,121.494558, DOMS6001200,,
EOR, DOMS6001400,TX-LA-MS Salt Basins - MS, DOMS6001400, MS,-89.867531,31.709832,,32.7666,-96.7779,410.7778377,470,14.91193985,1,50,4.013087396,50,2.569530778,21.49455803,,NO,19,NO,40.49455803, DOMS6001400,,
EOR, DOMS6001500,TX-LA-MS Salt Basins - MS, DOMS6001500, MS,-89.867531,31.709832,,32.7666,-96.7779,410.7778377,470,14.91193985,1,50,4.013087396,50,2.569530778,21.49455803,,YES,-74,YES,-52.50544197, DOMS6001500,,
EOR, DOMS6001600,TX-LA-MS Salt Basins - MS, DOMS6001600, MS,-89.867531,31.709832,,32.7666,-96.7779,410.7778377,470,14.91193985,1,50,4.013087396,50,2.569530778,21.49455803,,YES,100,NO,121.494558, DOMS6001600,,
EOR, DOMS6001700,TX-LA-MS Salt Basins - MS, DOMS6001700, MS,-89.867531,31.709832,,32.7666,-96.7779,410.7778377,470,14.91193985,1,50,4.013087396,50,2.569530778,21.49455803,,YES,100,NO,121.494558, DOMS6001700,,
EOR, DOMS6001800,TX-LA-MS Salt Basins - MS, DOMS6001800, MS,-89.867531,31.709832,,32.7666,-96.7779,410.7778377,470,14.91193985,1,50,4.013087396,50,2.569530778,21.49455803,,YES,92,NO,113.494558, DOMS6001800,,
EOR, DOMS6001900,TX-LA-MS Salt Basins - MS, DOMS6001900, MS,-89.867531,31.709832,,32.7666,-96.7779,410.7778377,470,14.91193985,1,50,4.013087396,50,2.569530778,21.49455803,,YES,-48,NO,-26.50544197, DOMS6001900,,
EOR, DOMS6002000,TX-LA-MS Salt Basins - MS, DOMS6002000, MS,-89.867531,31.709832,,32.7666,-96.7779,410.7778377,470,14.91193985,1,50,4.013087396,50,2.569530778,21.49455803,,NO,-78,YES,-56.50544197, DOMS6002000,,
EOR, DOMS6002100,TX-LA-MS Salt Basins - MS, DOMS6002100, MS,-89.867531,31.709832,,32.7666,-96.7779,410.7778377,470,14.91193985,1,50,4.013087396,50,2.569530778,21.49455803,,NO,-82,YES,-60.50544197, DOMS6002100,,
EOR, DOMS6002200,TX-LA-MS Salt Basins - MS, DOMS6002200, MS,-89.867531,31.709832,,32.7666,-96.7779,410.7778377,470,14.91193985,1,50,4.013087396,50,2.569530778,21.49455803,,YES,100,NO,121.494558, DOMS6002200,,
EOR, DOMS6002400,TX-LA-MS Salt Basins - MS, DOMS6002400, MS,-89.867531,31.709832,,32.7666,-96.7779,410.7778377,470,14.91193985,1,50,4.013087396,50,2.569530778,21.49455803,,YES,100,YES,121.494558, DOMS6002400,,
EOR, DOMS6002500,TX-LA-MS Salt Basins - MS, DOMS6002500, MS,-89.867531,31.709832,,32.7666,-96.7779,410.7778377,470,14.91193985,1,50,4.013087396,50,2.569530778,21.49455803,,NO,36,NO,57.49455803, DOMS6002500,,
EOR, DOMS6002600,TX-LA-MS Salt Basins - MS, DOMS6002600, MS,-89.867531,31.709832,,32.7666,-96.7779,410.7778377,470,14.91193985,1,50,4.013087396,50,2.569530778,21.49455803,,YES,40,YES,61.49455803, DOMS6002600,,
EOR, DOMS6003900,TX-LA-MS Salt Basins - MS, DOMS6003900, MS,-89.867531,31.709832,,32.7666,-96.7779,410.7778377,470,14.91193985,1,50,4.013087396,50,2.569530778,21.49455803,,NO,-101,YES,-79.50544197, DOMS6003900,,
EOR, DOMS6004300,TX-LA-MS Salt Basins - MS, DOMS6004300, MS,-89.867531,31.709832,,32.7666,-96.7779,410.7778377,470,14.91193985,1,50,4.013087396,50,2.569530778,21.49455803,,YES,-20,NO,1.494558029, DOMS6004300,,
EOR, DOMS6004400,TX-LA-MS Salt Basins - MS, DOMS6004400, MS,-89.867531,31.709832,,32.7666,-96.7779,410.7778377,470,14.91193985,1,50,4.013087396,50,2.569530778,21.49455803,,YES,-37,YES,-15.50544197, DOMS6004400,,
EOR, DOMS6004600,TX-LA-MS Salt Basins - MS, DOMS6004600, MS,-89.867531,31.709832,,32.7666,-96.7779,410.7778377,470,14.91193985,1,50,4.013087396,50,2.569530778,21.49455803,,YES,100,NO,121.494558, DOMS6004600,,
EOR, DOMS6004800,TX-LA-MS Salt Basins - MS, DOMS6004800, MS,-89.867531,31.709832,,32.7666,-96.7779,410.7778377,470,14.91193985,1,50,4.013087396,50,2.569530778,21.49455803,,YES,-115,YES,-93.50544197, DOMS6004800,,
EOR, DOMS6005500,TX-LA-MS Salt Basins - MS, DOMS6005500, MS,-89.867531,31.709832,,32.7666,-96.7779,410.7778377,470,14.91193985,1,50,4.013087396,50,2.569530778,21.49455803,,YES,100,YES,121.494558, DOMS6005500,,
EOR, DOMS6005700,TX-LA-MS Salt Basins - MS, DOMS6005700, MS,-89.867531,31.709832,,32.7666,-96.7779,410.7778377,470,14.91193985,1,50,4.013087396,50,2.569530778,21.49455803,,YES,100,NO,121.494558, DOMS6005700,,
EOR, DOMS6005900,TX-LA-MS Salt Basins - MS, DOMS6005900, MS,-89.867531,31.709832,,32.7666,-96.7779,410.7778377,470,14.91193985,1,50,4.013087396,50,2.569530778,21.49455803,,NO,-56,YES,-34.50544197, DOMS6005900,,
EOR, DOMS6006500,TX-LA-MS Salt Basins - MS, DOMS6006500, MS,-89.867531,31.709832,,32.7666,-96.7779,410.7778377,470,14.91193985,1,50,4.013087396,50,2.569530778,21.49455803,,YES,-34,YES,-12.50544197, DOMS6006500,,
EOR, DOMS6007000,TX-LA-MS Salt Basins - MS, DOMS6007000, MS,-89.867531,31.709832,,32.7666,-96.7779,410.7778377,470,14.91193985,1,50,4.013087396,50,2.569530778,21.49455803,,NO,100,NO,121.494558, DOMS6007000,,
EOR, DOMS6007100,TX-LA-MS Salt Basins - MS, DOMS6007100, MS,-89.867531,31.709832,,32.7666,-96.7779,410.7778377,470,14.91193985,1,50,4.013087396,50,2.569530778,21.49455803,,NO,-56,YES,-34.50544197, DOMS6007100,,
EOR, DOMS6008600,TX-LA-MS Salt Basins - MS, DOMS6008600, MS,-89.867531,31.709832,,32.7666,-96.7779,410.7778377,470,14.91193985,1,50,4.013087396,50,2.569530778,21.49455803,,NO,53,YES,74.49455803, DOMS6008600,,
EOR, DOMS6008700,TX-LA-MS Salt Basins - MS, DOMS6008700, MS,-89.867531,31.709832,,32.7666,-96.7779,410.7778377,470,14.91193985,1,50,4.013087396,50,2.569530778,21.49455803,,NO,95,YES,116.494558, DOMS6008700,,
EOR, DOMS6010000,TX-LA-MS Salt Basins - MS, DOMS6010000, MS,-89.867531,31.709832,,32.7666,-96.7779,410.7778377,470,14.91193985,1,50,4.013087396,50,2.569530778,21.49455803,,YES,100,NO,121.494558, DOMS6010000,,
EOR, DOMS6010100,TX-LA-MS Salt Basins - MS, DOMS6010100, MS,-89.867531,31.709832,,32.7666,-96.7779,410.7778377,470,14.91193985,1,50,4.013087396,50,2.569530778,21.49455803,,NO,11,YES,32.49455803, DOMS6010100,,
EOR, DOMS6010400,TX-LA-MS Salt Basins - MS, DOMS6010400, MS,-89.867531,31.709832,,32.7666,-96.7779,410.7778377,470,14.91193985,1,50,4.013087396,50,2.569530778,21.49455803,,YES,100,YES,121.494558, DOMS6010400,,
EOR, DOMS6010800,TX-LA-MS Salt Basins - MS, DOMS6010800, MS,-89.867531,31.709832,,32.7666,-96.7779,410.7778377,470,14.91193985,1,50,4.013087396,50,2.569530778,21.49455803,,NO,100,NO,121.494558, DOMS6010800,,
EOR, DOMS6011200,TX-LA-MS Salt Basins - MS, DOMS6011200, MS,-89.867531,31.709832,,32.7666,-96.7779,410.7778377,470,14.91193985,1,50,4.013087396,50,2.569530778,21.49455803,,NO,52,YES,73.49455803, DOMS6011200,,
EOR, DOMS6012200,TX-LA-MS Salt Basins - MS, DOMS6012200, MS,-89.867531,31.709832,,32.7666,-96.7779,410.7778377,470,14.91193985,1,50,4.013087396,50,2.569530778,21.49455803,,YES,100,NO,121.494558, DOMS6012200,,
EOR, DOMS6013600,TX-LA-MS Salt Basins - MS, DOMS6013600, MS,-89.867531,31.709832,,32.7666,-96.7779,410.7778377,470,14.91193985,1,50,4.013087396,50,2.569530778,21.49455803,,NO,100,NO,121.494558, DOMS6013600,,
EOR, DOMS6013700,TX-LA-MS Salt Basins - MS, DOMS6013700, MS,-89.867531,31.709832,,32.7666,-96.7779,410.7778377,470,14.91193985,1,50,4.013087396,50,2.569530778,21.49455803,,YES,100,NO,121.494558, DOMS6013700,,
EOR, DOMS6014300,TX-LA-MS Salt Basins - MS, DOMS6014300, MS,-89.867531,31.709832,,32.7666,-96.7779,410.7778377,470,14.91193985,1,50,4.013087396,50,2.569530778,21.49455803,,YES,63,YES,84.49455803, DOMS6014300,,
EOR, DOMS6015100,TX-LA-MS Salt Basins - MS, DOMS6015100, MS,-89.867531,31.709832,,32.7666,-96.7779,410.7778377,470,14.91193985,1,50,4.013087396,50,2.569530778,21.49455803,,YES,100,YES,121.494558, DOMS6015100,,
EOR, DOMS6015900,TX-LA-MS Salt Basins - MS, DOMS6015900, MS,-89.867531,31.709832,,32.7666,-96.7779,410.7778377,470,14.91193985,1,50,4.013087396,50,2.569530778,21.49455803,,YES,100,NO,121.494558, DOMS6015900,,
EOR, DOMS6016800,TX-LA-MS Salt Basins - MS, DOMS6016800, MS,-89.867531,31.709832,,32.7666,-96.7779,410.7778377,470,14.91193985,1,50,4.013087396,50,2.569530778,21.49455803,,YES,100,NO,121.494558, DOMS6016800,,
EOR, DOMS6018500,TX-LA-MS Salt Basins - MS, DOMS6018500, MS,-89.867531,31.709832,,32.7666,-96.7779,410.7778377,470,14.91193985,1,50,4.013087396,50,2.569530778,21.49455803,,NO,8,YES,29.49455803, DOMS6018500,,
EOR, DOMS6020600,TX-LA-MS Salt Basins - MS, DOMS6020600, MS,-89.867531,31.709832,,32.7666,-96.7779,410.7778377,470,14.91193985,1,50,4.013087396,50,2.569530778,21.49455803,,NO,6,NO,27.49455803, DOMS6020600,,
EOR, DOMS6022300,TX-LA-MS Salt Basins - MS, DOMS6022300, MS,-89.867531,31.709832,,32.7666,-96.7779,410.7778377,470,14.91193985,1,50,4.013087396,50,2.569530778,21.49455803,,YES,-16,NO,5.494558029, DOMS6022300,,
EOR, DOMS6024300,TX-LA-MS Salt Basins - MS, DOMS6024300, MS,-89.867531,31.709832,,32.7666,-96.7779,410.7778377,470,14.91193985,1,50,4.013087396,50,2.569530778,21.49455803,,NO,100,NO,121.494558, DOMS6024300,,
EOR, DOMS6026000,TX-LA-MS Salt Basins - MS, DOMS6026000, MS,-89.867531,31.709832,,32.7666,-96.7779,410.7778377,470,14.91193985,1,50,4.013087396,50,2.569530778,21.49455803,,YES,100,NO,121.494558, DOMS6026000,,
EOR, DOMS6027700,TX-LA-MS Salt Basins - MS, DOMS6027700, MS,-89.867531,31.709832,,32.7666,-96.7779,410.7778377,470,14.91193985,1,50,4.013087396,50,2.569530778,21.49455803,,NO,100,NO,121.494558, DOMS6027700,,
EOR, DOMS6028300,TX-LA-MS Salt Basins - MS, DOMS6028300, MS,-89.867531,31.709832,,32.7666,-96.7779,410.7778377,470,14.91193985,1,50,4.013087396,50,2.569530778,21.49455803,,NO,100,NO,121.494558, DOMS6028300,,
EOR, DOMS6030600,TX-LA-MS Salt Basins - MS, DOMS6030600, MS,-89.867531,31.709832,,32.7666,-96.7779,410.7778377,470,14.91193985,1,50,4.013087396,50,2.569530778,21.49455803,,NO,100,NO,121.494558, DOMS6030600,,
EOR, DOMS6031300,TX-LA-MS Salt Basins - MS, DOMS6031300, MS,-89.867531,31.709832,,32.7666,-96.7779,410.7778377,470,14.91193985,1,50,4.013087396,50,2.569530778,21.49455803,,NO,73,NO,94.49455803, DOMS6031300,,
EOR, DOMS6031700,TX-LA-MS Salt Basins - MS, DOMS6031700, MS,-89.867531,31.709832,,32.7666,-96.7779,410.7778377,470,14.91193985,1,50,4.013087396,50,2.569530778,21.49455803,,YES,100,NO,121.494558, DOMS6031700,,
EOR, DOMS6033100,TX-LA-MS Salt Basins - MS, DOMS6033100, MS,-89.867531,31.709832,,32.7666,-96.7779,410.7778377,470,14.91193985,1,50,4.013087396,50,2.569530778,21.49455803,,NO,100,NO,121.494558, DOMS6033100,,
EOR, DOMS7214800,TX-LA-MS Salt Basins - MS, DOMS7214800, MS,-89.867531,31.709832,,32.7666,-96.7779,410.7778377,470,14.91193985,1,50,4.013087396,50,2.569530778,21.49455803,,NO,90,YES,111.494558, DOMS7214800,,
EOR, DOTX6154400,TX-LA-MS Salt Basins - TX, DOTX6154400, TX,-95.226765,32.239409,,32.7666,-96.7779,97.55676115,110,3.796553903,1,10,0.837262838,10,0.620729345,5.254546086,,NO,-105,YES,-99.74545391, DOTX6154400,,
EOR, DOTX6155000,TX-LA-MS Salt Basins - TX, DOTX6155000, TX,-95.226765,32.239409,,32.7666,-96.7779,97.55676115,110,3.796553903,1,10,0.837262838,10,0.620729345,5.254546086,,NO,5,YES,10.25454609, DOTX6155000,,
EOR, DOTX6181600,TX-LA-MS Salt Basins - TX, DOTX6181600, TX,-95.226765,32.239409,,32.7666,-96.7779,97.55676115,110,3.796553903,1,10,0.837262838,10,0.620729345,5.254546086,,NO,-228,YES,-222.7454539, DOTX6181600,,
EOR, DOTX6181700,TX-LA-MS Salt Basins - TX, DOTX6181700, TX,-95.226765,32.239409,,32.7666,-96.7779,97.55676115,110,3.796553903,1,10,0.837262838,10,0.620729345,5.254546086,,NO,-9,YES,-3.745453914, DOTX6181700,,
EOR, DOTX6182200,TX-LA-MS Salt Basins - TX, DOTX6182200, TX,-95.226765,32.239409,,32.7666,-96.7779,97.55676115,110,3.796553903,1,10,0.837262838,10,0.620729345,5.254546086,,NO,100,NO,105.2545461, DOTX6182200,,
EOR, DOTX6182600,TX-LA-MS Salt Basins - TX, DOTX6182600, TX,-95.226765,32.239409,,32.7666,-96.7779,97.55676115,110,3.796553903,1,10,0.837262838,10,0.620729345,5.254546086,,NO,-271,YES,-265.7454539, DOTX6182600,,
EOR, DOTX6182700,TX-LA-MS Salt Basins - TX, DOTX6182700, TX,-95.226765,32.239409,,32.7666,-96.7779,97.55676115,110,3.796553903,1,10,0.837262838,10,0.620729345,5.254546086,,NO,100,NO,105.2545461, DOTX6182700,,
EOR, DOTX6182800,TX-LA-MS Salt Basins - TX, DOTX6182800, TX,-95.226765,32.239409,,32.7666,-96.7779,97.55676115,110,3.796553903,1,10,0.837262838,10,0.620729345,5.254546086,,YES,100,NO,105.2545461, DOTX6182800,,
EOR, DOTX6182900,TX-LA-MS Salt Basins - TX, DOTX6182900, TX,-95.226765,32.239409,,32.7666,-96.7779,97.55676115,110,3.796553903,1,10,0.837262838,10,0.620729345,5.254546086,,YES,100,NO,105.2545461, DOTX6182900,,
EOR, DOTX6183000,TX-LA-MS Salt Basins - TX, DOTX6183000, TX,-95.226765,32.239409,,32.7666,-96.7779,97.55676115,110,3.796553903,1,10,0.837262838,10,0.620729345,5.254546086,,NO,-70,YES,-64.74545391, DOTX6183000,,
EOR, DOTX6183100,TX-LA-MS Salt Basins - TX, DOTX6183100, TX,-95.226765,32.239409,,32.7666,-96.7779,97.55676115,110,3.796553903,1,10,0.837262838,10,0.620729345,5.254546086,,NO,-32,YES,-26.74545391, DOTX6183100,,
EOR, DOTX6183200,TX-LA-MS Salt Basins - TX, DOTX6183200, TX,-95.226765,32.239409,,32.7666,-96.7779,97.55676115,110,3.796553903,1,10,0.837262838,10,0.620729345,5.254546086,,NO,-23,YES,-17.74545391, DOTX6183200,,
EOR, DOTX6183600,TX-LA-MS Salt Basins - TX, DOTX6183600, TX,-95.226765,32.239409,,32.7666,-96.7779,97.55676115,110,3.796553903,1,10,0.837262838,10,0.620729345,5.254546086,,NO,-17,YES,-11.74545391, DOTX6183600,,
EOR, DOTX6183700,TX-LA-MS Salt Basins - TX, DOTX6183700, TX,-95.226765,32.239409,,32.7666,-96.7779,97.55676115,110,3.796553903,1,10,0.837262838,10,0.620729345,5.254546086,,NO,29,YES,34.25454609, DOTX6183700,,
EOR, DOTX6184500,TX-LA-MS Salt Basins - TX, DOTX6184500, TX,-95.226765,32.239409,,32.7666,-96.7779,97.55676115,110,3.796553903,1,10,0.837262838,10,0.620729345,5.254546086,,YES,100,NO,105.2545461, DOTX6184500,,
EOR, DOTX6184600,TX-LA-MS Salt Basins - TX, DOTX6184600, TX,-95.226765,32.239409,,32.7666,-96.7779,97.55676115,110,3.796553903,1,10,0.837262838,10,0.620729345,5.254546086,,NO,-41,YES,-35.74545391, DOTX6184600,,
EOR, DOTX6184700,TX-LA-MS Salt Basins - TX, DOTX6184700, TX,-95.226765,32.239409,,32.7666,-96.7779,97.55676115,110,3.796553903,1,10,0.837262838,10,0.620729345,5.254546086,,NO,-60,YES,-54.74545391, DOTX6184700,,
EOR, DOTX6184800,TX-LA-MS Salt Basins - TX, DOTX6184800, TX,-95.226765,32.239409,,32.7666,-96.7779,97.55676115,110,3.796553903,1,10,0.837262838,10,0.620729345,5.254546086,,YES,49,YES,54.25454609, DOTX6184800,,
EOR, DOTX6185000,TX-LA-MS Salt Basins - TX, DOTX6185000, TX,-95.226765,32.239409,,32.7666,-96.7779,97.55676115,110,3.796553903,1,10,0.837262838,10,0.620729345,5.254546086,,NO,-16,NO,-10.74545391, DOTX6185000,,
EOR, DOTX6185500,TX-LA-MS Salt Basins - TX, DOTX6185500, TX,-95.226765,32.239409,,32.7666,-96.7779,97.55676115,110,3.796553903,1,10,0.837262838,10,0.620729345,5.254546086,,YES,32,NO,37.25454609, DOTX6185500,,
EOR, DOTX6185600,TX-LA-MS Salt Basins - TX, DOTX6185600, TX,-95.226765,32.239409,,32.7666,-96.7779,97.55676115,110,3.796553903,1,10,0.837262838,10,0.620729345,5.254546086,,YES,53,NO,58.25454609, DOTX6185600,,
EOR, DOTX6185700,TX-LA-MS Salt Basins - TX, DOTX6185700, TX,-95.226765,32.239409,,32.7666,-96.7779,97.55676115,110,3.796553903,1,10,0.837262838,10,0.620729345,5.254546086,,NO,100,YES,105.2545461, DOTX6185700,,
EOR, DOTX6185800,TX-LA-MS Salt Basins - TX, DOTX6185800, TX,-95.226765,32.239409,,32.7666,-96.7779,97.55676115,110,3.796553903,1,10,0.837262838,10,0.620729345,5.254546086,,YES,100,NO,105.2545461, DOTX6185800,,
EOR, DOTX6186500,TX-LA-MS Salt Basins - TX, DOTX6186500, TX,-95.226765,32.239409,,32.7666,-96.7779,97.55676115,110,3.796553903,1,10,0.837262838,10,0.620729345,5.254546086,,NO,100,NO,105.2545461, DOTX6186500,,
EOR, DOTX6186600,TX-LA-MS Salt Basins - TX, DOTX6186600, TX,-95.226765,32.239409,,32.7666,-96.7779,97.55676115,110,3.796553903,1,10,0.837262838,10,0.620729345,5.254546086,,NO,100,NO,105.2545461, DOTX6186600,,
EOR, DOTX6186700,TX-LA-MS Salt Basins - TX, DOTX6186700, TX,-95.226765,32.239409,,32.7666,-96.7779,97.55676115,110,3.796553903,1,10,0.837262838,10,0.620729345,5.254546086,,NO,30,YES,35.25454609, DOTX6186700,,
EOR, DOTX6186900,TX-LA-MS Salt Basins - TX, DOTX6186900, TX,-95.226765,32.239409,,32.7666,-96.7779,97.55676115,110,3.796553903,1,10,0.837262838,10,0.620729345,5.254546086,,YES,100,NO,105.2545461, DOTX6186900,,
EOR, DOTX6187200,TX-LA-MS Salt Basins - TX, DOTX6187200, TX,-95.226765,32.239409,,32.7666,-96.7779,97.55676115,110,3.796553903,1,10,0.837262838,10,0.620729345,5.254546086,,NO,-66,YES,-60.74545391, DOTX6187200,,
EOR, DOTX6187900,TX-LA-MS Salt Basins - TX, DOTX6187900, TX,-95.226765,32.239409,,32.7666,-96.7779,97.55676115,110,3.796553903,1,10,0.837262838,10,0.620729345,5.254546086,,NO,99,NO,104.2545461, DOTX6187900,,
EOR, DOTX6188000,TX-LA-MS Salt Basins - TX, DOTX6188000, TX,-95.226765,32.239409,,32.7666,-96.7779,97.55676115,110,3.796553903,1,10,0.837262838,10,0.620729345,5.254546086,,YES,46,NO,51.25454609, DOTX6188000,,
EOR, DOTX6188500,TX-LA-MS Salt Basins - TX, DOTX6188500, TX,-95.226765,32.239409,,32.7666,-96.7779,97.55676115,110,3.796553903,1,10,0.837262838,10,0.620729345,5.254546086,,YES,66,NO,71.25454609, DOTX6188500,,
EOR, DOTX6188800,TX-LA-MS Salt Basins - TX, DOTX6188800, TX,-95.226765,32.239409,,32.7666,-96.7779,97.55676115,110,3.796553903,1,10,0.837262838,10,0.620729345,5.254546086,,NO,100,NO,105.2545461, DOTX6188800,,
EOR, DOTX6188900,TX-LA-MS Salt Basins - TX, DOTX6188900, TX,-95.226765,32.239409,,32.7666,-96.7779,97.55676115,110,3.796553903,1,10,0.837262838,10,0.620729345,5.254546086,,NO,100,NO,105.2545461, DOTX6188900,,
EOR, DOTX6189100,TX-LA-MS Salt Basins - TX, DOTX6189100, TX,-95.226765,32.239409,,32.7666,-96.7779,97.55676115,110,3.796553903,1,10,0.837262838,10,0.620729345,5.254546086,,NO,100,NO,105.2545461, DOTX6189100,,
EOR, DOTX6189700,TX-LA-MS Salt Basins - TX, DOTX6189700, TX,-95.226765,32.239409,,32.7666,-96.7779,97.55676115,110,3.796553903,1,10,0.837262838,10,0.620729345,5.254546086,,NO,42,NO,47.25454609, DOTX6189700,,
EOR, DOTX6189800,TX-LA-MS Salt Basins - TX, DOTX6189800, TX,-95.226765,32.239409,,32.7666,-96.7779,97.55676115,110,3.796553903,1,10,0.837262838,10,0.620729345,5.254546086,,NO,100,YES,105.2545461, DOTX6189800,,
EOR, DOTX6190000,TX-LA-MS Salt Basins - TX, DOTX6190000, TX,-95.226765,32.239409,,32.7666,-96.7779,97.55676115,110,3.796553903,1,10,0.837262838,10,0.620729345,5.254546086,,YES,100,NO,105.2545461, DOTX6190000,,
EOR, DOTX6190100,TX-LA-MS Salt Basins - TX, DOTX6190100, TX,-95.226765,32.239409,,32.7666,-96.7779,97.55676115,110,3.796553903,1,10,0.837262838,10,0.620729345,5.254546086,,YES,100,NO,105.2545461, DOTX6190100,,
EOR, DOTX6190400,TX-LA-MS Salt Basins - TX, DOTX6190400, TX,-95.226765,32.239409,,32.7666,-96.7779,97.55676115,110,3.796553903,1,10,0.837262838,10,0.620729345,5.254546086,,YES,45,YES,50.25454609, DOTX6190400,,
EOR, DOTX6190500,TX-LA-MS Salt Basins - TX, DOTX6190500, TX,-95.226765,32.239409,,32.7666,-96.7779,97.55676115,110,3.796553903,1,10,0.837262838,10,0.620729345,5.254546086,,YES,100,NO,105.2545461, DOTX6190500,,
EOR, DOTX6190600,TX-LA-MS Salt Basins - TX, DOTX6190600, TX,-95.226765,32.239409,,32.7666,-96.7779,97.55676115,110,3.796553903,1,10,0.837262838,10,0.620729345,5.254546086,,NO,100,NO,105.2545461, DOTX6190600,,
EOR, DOTX6190700,TX-LA-MS Salt Basins - TX, DOTX6190700, TX,-95.226765,32.239409,,32.7666,-96.7779,97.55676115,110,3.796553903,1,10,0.837262838,10,0.620729345,5.254546086,,NO,100,NO,105.2545461, DOTX6190700,,
EOR, DOTX6190900,TX-LA-MS Salt Basins - TX, DOTX6190900, TX,-95.226765,32.239409,,32.7666,-96.7779,97.55676115,110,3.796553903,1,10,0.837262838,10,0.620729345,5.254546086,,NO,-80,YES,-74.74545391, DOTX6190900,,
EOR, DOTX6191000,TX-LA-MS Salt Basins - TX, DOTX6191000, TX,-95.226765,32.239409,,32.7666,-96.7779,97.55676115,110,3.796553903,1,10,0.837262838,10,0.620729345,5.254546086,,NO,-15,YES,-9.745453914, DOTX6191000,,
EOR, DOTX6191100,TX-LA-MS Salt Basins - TX, DOTX6191100, TX,-95.226765,32.239409,,32.7666,-96.7779,97.55676115,110,3.796553903,1,10,0.837262838,10,0.620729345,5.254546086,,NO,12,NO,17.25454609, DOTX6191100,,
EOR, DOTX6191300,TX-LA-MS Salt Basins - TX, DOTX6191300, TX,-95.226765,32.239409,,32.7666,-96.7779,97.55676115,110,3.796553903,1,10,0.837262838,10,0.620729345,5.254546086,,NO,100,NO,105.2545461, DOTX6191300,,
EOR, DOTX6191500,TX-LA-MS Salt Basins - TX, DOTX6191500, TX,-95.226765,32.239409,,32.7666,-96.7779,97.55676115,110,3.796553903,1,10,0.837262838,10,0.620729345,5.254546086,,NO,-72,NO,-66.74545391, DOTX6191500,,
EOR, DOTX6191700,TX-LA-MS Salt Basins - TX, DOTX6191700, TX,-95.226765,32.239409,,32.7666,-96.7779,97.55676115,110,3.796553903,1,10,0.837262838,10,0.620729345,5.254546086,,NO,-75,YES,-69.74545391, DOTX6191700,,
EOR, DOTX6192000,TX-LA-MS Salt Basins - TX, DOTX6192000, TX,-95.226765,32.239409,,32.7666,-96.7779,97.55676115,110,3.796553903,1,10,0.837262838,10,0.620729345,5.254546086,,NO,100,NO,105.2545461, DOTX6192000,,
EOR, DOTX6192100,TX-LA-MS Salt Basins - TX, DOTX6192100, TX,-95.226765,32.239409,,32.7666,-96.7779,97.55676115,110,3.796553903,1,10,0.837262838,10,0.620729345,5.254546086,,NO,100,NO,105.2545461, DOTX6192100,,
EOR, DOTX6192500,TX-LA-MS Salt Basins - TX, DOTX6192500, TX,-95.226765,32.239409,,32.7666,-96.7779,97.55676115,110,3.796553903,1,10,0.837262838,10,0.620729345,5.254546086,,NO,100,NO,105.2545461, DOTX6192500,,
EOR, DOTX6192600,TX-LA-MS Salt Basins - TX, DOTX6192600, TX,-95.226765,32.239409,,32.7666,-96.7779,97.55676115,110,3.796553903,1,10,0.837262838,10,0.620729345,5.254546086,,NO,-20,YES,-14.74545391, DOTX6192600,,
EOR, DOTX6193000,TX-LA-MS Salt Basins - TX, DOTX6193000, TX,-95.226765,32.239409,,32.7666,-96.7779,97.55676115,110,3.796553903,1,10,0.837262838,10,0.620729345,5.254546086,,NO,100,NO,105.2545461, DOTX6193000,,
EOR, DOTX6193300,TX-LA-MS Salt Basins - TX, DOTX6193300, TX,-95.226765,32.239409,,32.7666,-96.7779,97.55676115,110,3.796553903,1,10,0.837262838,10,0.620729345,5.254546086,,NO,-55,YES,-49.74545391, DOTX6193300,,
EOR, DOTX6193400,TX-LA-MS Salt Basins - TX, DOTX6193400, TX,-95.226765,32.239409,,32.7666,-96.7779,97.55676115,110,3.796553903,1,10,0.837262838,10,0.620729345,5.254546086,,NO,8,NO,13.25454609, DOTX6193400,,
EOR, DOTX6193500,TX-LA-MS Salt Basins - TX, DOTX6193500, TX,-95.226765,32.239409,,32.7666,-96.7779,97.55676115,110,3.796553903,1,10,0.837262838,10,0.620729345,5.254546086,,NO,-59,YES,-53.74545391, DOTX6193500,,
EOR, DOTX6193600,TX-LA-MS Salt Basins - TX, DOTX6193600, TX,-95.226765,32.239409,,32.7666,-96.7779,97.55676115,110,3.796553903,1,10,0.837262838,10,0.620729345,5.254546086,,NO,-29,NO,-23.74545391, DOTX6193600,,
EOR, DOTX6193700,TX-LA-MS Salt Basins - TX, DOTX6193700, TX,-95.226765,32.239409,,32.7666,-96.7779,97.55676115,110,3.796553903,1,10,0.837262838,10,0.620729345,5.254546086,,YES,95,NO,100.2545461, DOTX6193700,,
EOR, DOTX6193800,TX-LA-MS Salt Basins - TX, DOTX6193800, TX,-95.226765,32.239409,,32.7666,-96.7779,97.55676115,110,3.796553903,1,10,0.837262838,10,0.620729345,5.254546086,,NO,-24,YES,-18.74545391, DOTX6193800,,
EOR, DOTX6194300,TX-LA-MS Salt Basins - TX, DOTX6194300, TX,-95.226765,32.239409,,32.7666,-96.7779,97.55676115,110,3.796553903,1,10,0.837262838,10,0.620729345,5.254546086,,NO,57,NO,62.25454609, DOTX6194300,,
EOR, DOTX6194500,TX-LA-MS Salt Basins - TX, DOTX6194500, TX,-95.226765,32.239409,,32.7666,-96.7779,97.55676115,110,3.796553903,1,10,0.837262838,10,0.620729345,5.254546086,,NO,38,NO,43.25454609, DOTX6194500,,
EOR, DOTX6195300,TX-LA-MS Salt Basins - TX, DOTX6195300, TX,-95.226765,32.239409,,32.7666,-96.7779,97.55676115,110,3.796553903,1,10,0.837262838,10,0.620729345,5.254546086,,NO,73,NO,78.25454609, DOTX6195300,,
EOR, DOTX6195500,TX-LA-MS Salt Basins - TX, DOTX6195500, TX,-95.226765,32.239409,,32.7666,-96.7779,97.55676115,110,3.796553903,1,10,0.837262838,10,0.620729345,5.254546086,,NO,100,NO,105.2545461, DOTX6195500,,
EOR, DOTX6195700,TX-LA-MS Salt Basins - TX, DOTX6195700, TX,-95.226765,32.239409,,32.7666,-96.7779,97.55676115,110,3.796553903,1,10,0.837262838,10,0.620729345,5.254546086,,NO,100,NO,105.2545461, DOTX6195700,,
EOR, DOTX6196200,TX-LA-MS Salt Basins - TX, DOTX6196200, TX,-95.226765,32.239409,,32.7666,-96.7779,97.55676115,110,3.796553903,1,10,0.837262838,10,0.620729345,5.254546086,,NO,100,NO,105.2545461, DOTX6196200,,
EOR, DOTX6196300,TX-LA-MS Salt Basins - TX, DOTX6196300, TX,-95.226765,32.239409,,32.7666,-96.7779,97.55676115,110,3.796553903,1,10,0.837262838,10,0.620729345,5.254546086,,NO,100,NO,105.2545461, DOTX6196300,,
EOR, DOTX6197000,TX-LA-MS Salt Basins - TX, DOTX6197000, TX,-95.226765,32.239409,,32.7666,-96.7779,97.55676115,110,3.796553903,1,10,0.837262838,10,0.620729345,5.254546086,,NO,-10,NO,-4.745453914, DOTX6197000,,
EOR, DOTX6197200,TX-LA-MS Salt Basins - TX, DOTX6197200, TX,-95.226765,32.239409,,32.7666,-96.7779,97.55676115,110,3.796553903,1,10,0.837262838,10,0.620729345,5.254546086,,NO,-117,YES,-111.7454539, DOTX6197200,,
EOR, DOTX6197600,TX-LA-MS Salt Basins - TX, DOTX6197600, TX,-95.226765,32.239409,,32.7666,-96.7779,97.55676115,110,3.796553903,1,10,0.837262838,10,0.620729345,5.254546086,,NO,-13,NO,-7.745453914, DOTX6197600,,
EOR, DOTX6199000,TX-LA-MS Salt Basins - TX, DOTX6199000, TX,-95.226765,32.239409,,32.7666,-96.7779,97.55676115,110,3.796553903,1,10,0.837262838,10,0.620729345,5.254546086,,NO,-32,NO,-26.74545391, DOTX6199000,,
EOR, DONV6847600,Eastern Great Basin, DONV6847600, NV,-114.138692,39.461243,,32.7666,-96.7779,1072.491882,1230,#N/A,1,50,4.013087396,50,2.569530778,#N/A,,NO,-7,NO,#N/A, DONV6847600,,
EOR, DOFL6000100,Florida Peninsula, DOFL6000100, FL,-81.981696,25.806406,,32.7666,-96.7779,1012.731843,1160,#N/A,1,50,4.013087396,50,2.569530778,#N/A,,YES,-42,YES,#N/A, DOFL6000100,,
EOR, DOFL6000300,Florida Peninsula, DOFL6000300, FL,-81.981696,25.806406,,32.7666,-96.7779,1012.731843,1160,#N/A,1,50,4.013087396,50,2.569530778,#N/A,,YES,82,NO,#N/A, DOFL6000300,,
EOR, DOMO7214200,Forest City Basin - MO, DOMO7214200, MO,-93.601756,39.593632,,32.7666,-96.7779,504.326984,580,18.08776441,1,50,4.013087396,50,2.569530778,24.67038259,,NO,100,NO,124.6703826, DOMO7214200,,
EOR, DOKY7145100,Illinois Basin - KY, DOKY7145100, KY,-87.35114,37.264661,,32.7666,-96.7779,617.5878671,710,21.72552709,1,50,4.013087396,50,2.569530778,28.30814526,,NO,100,NO,128.3081453, DOKY7145100,,
EOR, DOMI6199500,Michigan Basin - MI, DOMI6199500, MI,-88.340055,43.622145,,32.7666,-96.7779,878.7954034,1010,#N/A,1,50,4.013087396,50,2.569530778,#N/A,,NO,29,YES,#N/A, DOMI6199500,,
EOR, DOMI6202200,Michigan Basin - MI, DOMI6202200, MI,-88.340055,43.622145,,32.7666,-96.7779,878.7954034,1010,#N/A,1,50,4.013087396,50,2.569530778,#N/A,,NO,80,YES,#N/A, DOMI6202200,,
EOR, DOMI6202400,Michigan Basin - MI, DOMI6202400, MI,-88.340055,43.622145,,32.7666,-96.7779,878.7954034,1010,#N/A,1,50,4.013087396,50,2.569530778,#N/A,,NO,-13,YES,#N/A, DOMI6202400,,
EOR, DOMI6203000,Michigan Basin - MI, DOMI6203000, MI,-88.340055,43.622145,,32.7666,-96.7779,878.7954034,1010,#N/A,1,50,4.013087396,50,2.569530778,#N/A,,YES,100,NO,#N/A, DOMI6203000,,
EOR, DOMI6203100,Michigan Basin - MI, DOMI6203100, MI,-88.340055,43.622145,,32.7666,-96.7779,878.7954034,1010,#N/A,1,50,4.013087396,50,2.569530778,#N/A,,YES,100,NO,#N/A, DOMI6203100,,
EOR, DOMI6204800,Michigan Basin - MI, DOMI6204800, MI,-88.340055,43.622145,,32.7666,-96.7779,878.7954034,1010,#N/A,1,50,4.013087396,50,2.569530778,#N/A,,YES,100,NO,#N/A, DOMI6204800,,
EOR, DOMI6207800,Michigan Basin - MI, DOMI6207800, MI,-88.340055,43.622145,,32.7666,-96.7779,878.7954034,1010,#N/A,1,50,4.013087396,50,2.569530778,#N/A,,YES,12,YES,#N/A, DOMI6207800,,
EOR, DOMI6208300,Michigan Basin - MI, DOMI6208300, MI,-88.340055,43.622145,,32.7666,-96.7779,878.7954034,1010,#N/A,1,50,4.013087396,50,2.569530778,#N/A,,NO,-24,NO,#N/A, DOMI6208300,,
EOR, DOMI6209000,Michigan Basin - MI, DOMI6209000, MI,-88.340055,43.622145,,32.7666,-96.7779,878.7954034,1010,#N/A,1,50,4.013087396,50,2.569530778,#N/A,,NO,-74,YES,#N/A, DOMI6209000,,
EOR, DOMI6209200,Michigan Basin - MI, DOMI6209200, MI,-88.340055,43.622145,,32.7666,-96.7779,878.7954034,1010,#N/A,1,50,4.013087396,50,2.569530778,#N/A,,NO,44,NO,#N/A, DOMI6209200,,
EOR, DOMI6209300,Michigan Basin - MI, DOMI6209300, MI,-88.340055,43.622145,,32.7666,-96.7779,878.7954034,1010,#N/A,1,50,4.013087396,50,2.569530778,#N/A,,NO,-122,NO,#N/A, DOMI6209300,,
EOR, DOMI6209500,Michigan Basin - MI, DOMI6209500, MI,-88.340055,43.622145,,32.7666,-96.7779,878.7954034,1010,#N/A,1,50,4.013087396,50,2.569530778,#N/A,,YES,-58,NO,#N/A, DOMI6209500,,
EOR, DOMI6209800,Michigan Basin - MI, DOMI6209800, MI,-88.340055,43.622145,,32.7666,-96.7779,878.7954034,1010,#N/A,1,50,4.013087396,50,2.569530778,#N/A,,YES,16,NO,#N/A, DOMI6209800,,
EOR, DOMI6210600,Michigan Basin - MI, DOMI6210600, MI,-88.340055,43.622145,,32.7666,-96.7779,878.7954034,1010,#N/A,1,50,4.013087396,50,2.569530778,#N/A,,NO,-116,YES,#N/A, DOMI6210600,,
EOR, DOMI6210700,Michigan Basin - MI, DOMI6210700, MI,-88.340055,43.622145,,32.7666,-96.7779,878.7954034,1010,#N/A,1,50,4.013087396,50,2.569530778,#N/A,,NO,-117,NO,#N/A, DOMI6210700,,
EOR, DOMI6212100,Michigan Basin - MI, DOMI6212100, MI,-88.340055,43.622145,,32.7666,-96.7779,878.7954034,1010,#N/A,1,50,4.013087396,50,2.569530778,#N/A,,YES,-29,NO,#N/A, DOMI6212100,,
EOR, DOMI6212800,Michigan Basin - MI, DOMI6212800, MI,-88.340055,43.622145,,32.7666,-96.7779,878.7954034,1010,#N/A,1,50,4.013087396,50,2.569530778,#N/A,,NO,-96,NO,#N/A, DOMI6212800,,
EOR, DOMI6214300,Michigan Basin - MI, DOMI6214300, MI,-88.340055,43.622145,,32.7666,-96.7779,878.7954034,1010,#N/A,1,50,4.013087396,50,2.569530778,#N/A,,YES,34,NO,#N/A, DOMI6214300,,
EOR, DOMI6214800,Michigan Basin - MI, DOMI6214800, MI,-88.340055,43.622145,,32.7666,-96.7779,878.7954034,1010,#N/A,1,50,4.013087396,50,2.569530778,#N/A,,YES,-4,NO,#N/A, DOMI6214800,,
EOR, DOMI6215200,Michigan Basin - MI, DOMI6215200, MI,-88.340055,43.622145,,32.7666,-96.7779,878.7954034,1010,#N/A,1,50,4.013087396,50,2.569530778,#N/A,,YES,13,NO,#N/A, DOMI6215200,,
EOR, DOMI6215400,Michigan Basin - MI, DOMI6215400, MI,-88.340055,43.622145,,32.7666,-96.7779,878.7954034,1010,#N/A,1,50,4.013087396,50,2.569530778,#N/A,,NO,-56,NO,#N/A, DOMI6215400,,
EOR, DOMI6216700,Michigan Basin - MI, DOMI6216700, MI,-88.340055,43.622145,,32.7666,-96.7779,878.7954034,1010,#N/A,1,50,4.013087396,50,2.569530778,#N/A,,NO,11,NO,#N/A, DOMI6216700,,
EOR, DOMI6217400,Michigan Basin - MI, DOMI6217400, MI,-88.340055,43.622145,,32.7666,-96.7779,878.7954034,1010,#N/A,1,50,4.013087396,50,2.569530778,#N/A,,YES,57,NO,#N/A, DOMI6217400,,
EOR, DOMI6217500,Michigan Basin - MI, DOMI6217500, MI,-88.340055,43.622145,,32.7666,-96.7779,878.7954034,1010,#N/A,1,50,4.013087396,50,2.569530778,#N/A,,YES,32,NO,#N/A, DOMI6217500,,
EOR, DOMI6217600,Michigan Basin - MI, DOMI6217600, MI,-88.340055,43.622145,,32.7666,-96.7779,878.7954034,1010,#N/A,1,50,4.013087396,50,2.569530778,#N/A,,YES,92,NO,#N/A, DOMI6217600,,
EOR, DOMI6218600,Michigan Basin - MI, DOMI6218600, MI,-88.340055,43.622145,,32.7666,-96.7779,878.7954034,1010,#N/A,1,50,4.013087396,50,2.569530778,#N/A,,YES,20,NO,#N/A, DOMI6218600,,
EOR, DOMI6218900,Michigan Basin - MI, DOMI6218900, MI,-88.340055,43.622145,,32.7666,-96.7779,878.7954034,1010,#N/A,1,50,4.013087396,50,2.569530778,#N/A,,NO,-93,NO,#N/A, DOMI6218900,,
EOR, DOKS6262700,Nemaha Uplift - KS, DOKS6262700, KS,-96.674642,38.834601,,32.7666,-96.7779,419.7656726,480,15.15734448,1,50,4.013087396,50,2.569530778,21.73996265,,NO,-25,YES,-3.260037346, DOKS6262700,,
EOR, DOKS6292100,Nemaha Uplift - KS, DOKS6292100, KS,-96.674642,38.834601,,32.7666,-96.7779,419.7656726,480,15.15734448,1,50,4.013087396,50,2.569530778,21.73996265,,NO,31,YES,52.73996265, DOKS6292100,,
EOR, DOKS6396800,Nemaha Uplift - KS, DOKS6396800, KS,-96.674642,38.834601,,32.7666,-96.7779,419.7656726,480,15.15734448,1,50,4.013087396,50,2.569530778,21.73996265,,NO,100,YES,121.7399627, DOKS6396800,,
EOR, DOKS6396900,Nemaha Uplift - KS, DOKS6396900, KS,-96.674642,38.834601,,32.7666,-96.7779,419.7656726,480,15.15734448,1,50,4.013087396,50,2.569530778,21.73996265,,NO,-68,NO,-46.26003735, DOKS6396900,,
EOR, DOKS6397400,Nemaha Uplift - KS, DOKS6397400, KS,-96.674642,38.834601,,32.7666,-96.7779,419.7656726,480,15.15734448,1,50,4.013087396,50,2.569530778,21.73996265,,NO,100,YES,121.7399627, DOKS6397400,,
EOR, DOKS6398000,Nemaha Uplift - KS, DOKS6398000, KS,-96.674642,38.834601,,32.7666,-96.7779,419.7656726,480,15.15734448,1,50,4.013087396,50,2.569530778,21.73996265,,YES,-53,NO,-31.26003735, DOKS6398000,,
EOR, DOKS6398100,Nemaha Uplift - KS, DOKS6398100, KS,-96.674642,38.834601,,32.7666,-96.7779,419.7656726,480,15.15734448,1,50,4.013087396,50,2.569530778,21.73996265,,NO,-71,NO,-49.26003735, DOKS6398100,,
EOR, DOKS6398200,Nemaha Uplift - KS, DOKS6398200, KS,-96.674642,38.834601,,32.7666,-96.7779,419.7656726,480,15.15734448,1,50,4.013087396,50,2.569530778,21.73996265,,NO,-7,NO,14.73996265, DOKS6398200,,
EOR, DOKS6398300,Nemaha Uplift - KS, DOKS6398300, KS,-96.674642,38.834601,,32.7666,-96.7779,419.7656726,480,15.15734448,1,50,4.013087396,50,2.569530778,21.73996265,,NO,-27,NO,-5.260037346, DOKS6398300,,
EOR, DOKS6398500,Nemaha Uplift - KS, DOKS6398500, KS,-96.674642,38.834601,,32.7666,-96.7779,419.7656726,480,15.15734448,1,50,4.013087396,50,2.569530778,21.73996265,,NO,100,NO,121.7399627, DOKS6398500,,
EOR, DOKS6398700,Nemaha Uplift - KS, DOKS6398700, KS,-96.674642,38.834601,,32.7666,-96.7779,419.7656726,480,15.15734448,1,50,4.013087396,50,2.569530778,21.73996265,,NO,98,NO,119.7399627, DOKS6398700,,
EOR, DOKS6398800,Nemaha Uplift - KS, DOKS6398800, KS,-96.674642,38.834601,,32.7666,-96.7779,419.7656726,480,15.15734448,1,50,4.013087396,50,2.569530778,21.73996265,,NO,100,NO,121.7399627, DOKS6398800,,
EOR, DOKS6399200,Nemaha Uplift - KS, DOKS6399200, KS,-96.674642,38.834601,,32.7666,-96.7779,419.7656726,480,15.15734448,1,50,4.013087396,50,2.569530778,21.73996265,,NO,100,NO,121.7399627, DOKS6399200,,
EOR, DOKS6399400,Nemaha Uplift - KS, DOKS6399400, KS,-96.674642,38.834601,,32.7666,-96.7779,419.7656726,480,15.15734448,1,50,4.013087396,50,2.569530778,21.73996265,,NO,100,NO,121.7399627, DOKS6399400,,
EOR, DOKS6399500,Nemaha Uplift - KS, DOKS6399500, KS,-96.674642,38.834601,,32.7666,-96.7779,419.7656726,480,15.15734448,1,50,4.013087396,50,2.569530778,21.73996265,,NO,50,NO,71.73996265, DOKS6399500,,
EOR, DOKS6399800,Nemaha Uplift - KS, DOKS6399800, KS,-96.674642,38.834601,,32.7666,-96.7779,419.7656726,480,15.15734448,1,50,4.013087396,50,2.569530778,21.73996265,,NO,-85,NO,-63.26003735, DOKS6399800,,
EOR, DOKS6399900,Nemaha Uplift - KS, DOKS6399900, KS,-96.674642,38.834601,,32.7666,-96.7779,419.7656726,480,15.15734448,1,50,4.013087396,50,2.569530778,21.73996265,,YES,79,NO,100.7399627, DOKS6399900,,
EOR, DOKS6400200,Nemaha Uplift - KS, DOKS6400200, KS,-96.674642,38.834601,,32.7666,-96.7779,419.7656726,480,15.15734448,1,50,4.013087396,50,2.569530778,21.73996265,,NO,100,NO,121.7399627, DOKS6400200,,
EOR, DOKS6400600,Nemaha Uplift - KS, DOKS6400600, KS,-96.674642,38.834601,,32.7666,-96.7779,419.7656726,480,15.15734448,1,50,4.013087396,50,2.569530778,21.73996265,,NO,-63,NO,-41.26003735, DOKS6400600,,
EOR, DOKS6401100,Nemaha Uplift - KS, DOKS6401100, KS,-96.674642,38.834601,,32.7666,-96.7779,419.7656726,480,15.15734448,1,50,4.013087396,50,2.569530778,21.73996265,,NO,-94,NO,-72.26003735, DOKS6401100,,
EOR, DOKS6401200,Nemaha Uplift - KS, DOKS6401200, KS,-96.674642,38.834601,,32.7666,-96.7779,419.7656726,480,15.15734448,1,50,4.013087396,50,2.569530778,21.73996265,,NO,-41,NO,-19.26003735, DOKS6401200,,
EOR, DOKS6401400,Nemaha Uplift - KS, DOKS6401400, KS,-96.674642,38.834601,,32.7666,-96.7779,419.7656726,480,15.15734448,1,50,4.013087396,50,2.569530778,21.73996265,,NO,100,NO,121.7399627, DOKS6401400,,
EOR, DOKS6402100,Nemaha Uplift - KS, DOKS6402100, KS,-96.674642,38.834601,,32.7666,-96.7779,419.7656726,480,15.15734448,1,50,4.013087396,50,2.569530778,21.73996265,,NO,-17,NO,4.739962654, DOKS6402100,,
EOR, DOKS6402200,Nemaha Uplift - KS, DOKS6402200, KS,-96.674642,38.834601,,32.7666,-96.7779,419.7656726,480,15.15734448,1,50,4.013087396,50,2.569530778,21.73996265,,NO,-23,NO,-1.260037346, DOKS6402200,,
EOR, DOKS6402600,Nemaha Uplift - KS, DOKS6402600, KS,-96.674642,38.834601,,32.7666,-96.7779,419.7656726,480,15.15734448,1,50,4.013087396,50,2.569530778,21.73996265,,NO,100,NO,121.7399627, DOKS6402600,,
EOR, DOKS6403000,Nemaha Uplift - KS, DOKS6403000, KS,-96.674642,38.834601,,32.7666,-96.7779,419.7656726,480,15.15734448,1,50,4.013087396,50,2.569530778,21.73996265,,NO,-98,NO,-76.26003735, DOKS6403000,,
EOR, DOKS6403100,Nemaha Uplift - KS, DOKS6403100, KS,-96.674642,38.834601,,32.7666,-96.7779,419.7656726,480,15.15734448,1,50,4.013087396,50,2.569530778,21.73996265,,YES,100,NO,121.7399627, DOKS6403100,,
EOR, DOKS6403400,Nemaha Uplift - KS, DOKS6403400, KS,-96.674642,38.834601,,32.7666,-96.7779,419.7656726,480,15.15734448,1,50,4.013087396,50,2.569530778,21.73996265,,YES,100,NO,121.7399627, DOKS6403400,,
EOR, DOKS6403500,Nemaha Uplift - KS, DOKS6403500, KS,-96.674642,38.834601,,32.7666,-96.7779,419.7656726,480,15.15734448,1,50,4.013087396,50,2.569530778,21.73996265,,NO,100,NO,121.7399627, DOKS6403500,,
EOR, DOKS6403800,Nemaha Uplift - KS, DOKS6403800, KS,-96.674642,38.834601,,32.7666,-96.7779,419.7656726,480,15.15734448,1,50,4.013087396,50,2.569530778,21.73996265,,NO,100,NO,121.7399627, DOKS6403800,,
EOR, DOKS6404500,Nemaha Uplift - KS, DOKS6404500, KS,-96.674642,38.834601,,32.7666,-96.7779,419.7656726,480,15.15734448,1,50,4.013087396,50,2.569530778,21.73996265,,NO,100,NO,121.7399627, DOKS6404500,,
EOR, DOKS6404800,Nemaha Uplift - KS, DOKS6404800, KS,-96.674642,38.834601,,32.7666,-96.7779,419.7656726,480,15.15734448,1,50,4.013087396,50,2.569530778,21.73996265,,NO,100,NO,121.7399627, DOKS6404800,,
EOR, DOKS6407100,Nemaha Uplift - KS, DOKS6407100, KS,-96.674642,38.834601,,32.7666,-96.7779,419.7656726,480,15.15734448,1,50,4.013087396,50,2.569530778,21.73996265,,NO,100,NO,121.7399627, DOKS6407100,,
EOR, DOOK6270300,Nemaha Uplift - OK, DOOK6270300, OK,-97.155506,36.338053,,32.7666,-96.7779,247.9727989,290,9.469731408,1,30,2.280819455,30,1.674525676,13.42507654,,NO,-72,NO,-58.57492346, DOOK6270300,,
EOR, DOOK6287000,Nemaha Uplift - OK, DOOK6287000, OK,-97.155506,36.338053,,32.7666,-96.7779,247.9727989,290,9.469731408,1,30,2.280819455,30,1.674525676,13.42507654,,NO,-63,YES,-49.57492346, DOOK6287000,,
EOR, DOOK6292900,Nemaha Uplift - OK, DOOK6292900, OK,-97.155506,36.338053,,32.7666,-96.7779,247.9727989,290,9.469731408,1,30,2.280819455,30,1.674525676,13.42507654,,YES,100,NO,113.4250765, DOOK6292900,,
EOR, DOOK6293400,Nemaha Uplift - OK, DOOK6293400, OK,-97.155506,36.338053,,32.7666,-96.7779,247.9727989,290,9.469731408,1,30,2.280819455,30,1.674525676,13.42507654,,NO,-85,YES,-71.57492346, DOOK6293400,,
EOR, DOOK6302400,Nemaha Uplift - OK, DOOK6302400, OK,-97.155506,36.338053,,32.7666,-96.7779,247.9727989,290,9.469731408,1,30,2.280819455,30,1.674525676,13.42507654,,NO,-56,YES,-42.57492346, DOOK6302400,,
EOR, DOOK6303600,Nemaha Uplift - OK, DOOK6303600, OK,-97.155506,36.338053,,32.7666,-96.7779,247.9727989,290,9.469731408,1,30,2.280819455,30,1.674525676,13.42507654,,NO,-78,YES,-64.57492346, DOOK6303600,,
EOR, DOOK6305400,Nemaha Uplift - OK, DOOK6305400, OK,-97.155506,36.338053,,32.7666,-96.7779,247.9727989,290,9.469731408,1,30,2.280819455,30,1.674525676,13.42507654,,NO,-133,NO,-119.5749235, DOOK6305400,,
EOR, DOOK6306400,Nemaha Uplift - OK, DOOK6306400, OK,-97.155506,36.338053,,32.7666,-96.7779,247.9727989,290,9.469731408,1,30,2.280819455,30,1.674525676,13.42507654,,NO,-34,NO,-20.57492346, DOOK6306400,,
EOR, DOOK6306700,Nemaha Uplift - OK, DOOK6306700, OK,-97.155506,36.338053,,32.7666,-96.7779,247.9727989,290,9.469731408,1,30,2.280819455,30,1.674525676,13.42507654,,NO,-66,NO,-52.57492346, DOOK6306700,,
EOR, DOOK6308100,Nemaha Uplift - OK, DOOK6308100, OK,-97.155506,36.338053,,32.7666,-96.7779,247.9727989,290,9.469731408,1,30,2.280819455,30,1.674525676,13.42507654,,NO,-23,YES,-9.574923461, DOOK6308100,,
EOR, DOOK6308200,Nemaha Uplift - OK, DOOK6308200, OK,-97.155506,36.338053,,32.7666,-96.7779,247.9727989,290,9.469731408,1,30,2.280819455,30,1.674525676,13.42507654,,NO,1,NO,14.42507654, DOOK6308200,,
EOR, DOOK6312100,Nemaha Uplift - OK, DOOK6312100, OK,-97.155506,36.338053,,32.7666,-96.7779,247.9727989,290,9.469731408,1,30,2.280819455,30,1.674525676,13.42507654,,NO,100,NO,113.4250765, DOOK6312100,,
EOR, DOOK6312600,Nemaha Uplift - OK, DOOK6312600, OK,-97.155506,36.338053,,32.7666,-96.7779,247.9727989,290,9.469731408,1,30,2.280819455,30,1.674525676,13.42507654,,NO,100,YES,113.4250765, DOOK6312600,,
EOR, DOOK6312800,Nemaha Uplift - OK, DOOK6312800, OK,-97.155506,36.338053,,32.7666,-96.7779,247.9727989,290,9.469731408,1,30,2.280819455,30,1.674525676,13.42507654,,NO,-47,YES,-33.57492346, DOOK6312800,,
EOR, DOOK6318900,Nemaha Uplift - OK, DOOK6318900, OK,-97.155506,36.338053,,32.7666,-96.7779,247.9727989,290,9.469731408,1,30,2.280819455,30,1.674525676,13.42507654,,NO,100,NO,113.4250765, DOOK6318900,,
EOR, DOOK6321200,Nemaha Uplift - OK, DOOK6321200, OK,-97.155506,36.338053,,32.7666,-96.7779,247.9727989,290,9.469731408,1,30,2.280819455,30,1.674525676,13.42507654,,NO,100,NO,113.4250765, DOOK6321200,,
EOR, DOOK6321900,Nemaha Uplift - OK, DOOK6321900, OK,-97.155506,36.338053,,32.7666,-96.7779,247.9727989,290,9.469731408,1,30,2.280819455,30,1.674525676,13.42507654,,NO,-38,YES,-24.57492346, DOOK6321900,,
EOR, DOOK6322000,Nemaha Uplift - OK, DOOK6322000, OK,-97.155506,36.338053,,32.7666,-96.7779,247.9727989,290,9.469731408,1,30,2.280819455,30,1.674525676,13.42507654,,NO,97,NO,110.4250765, DOOK6322000,,
EOR, DOOK6323100,Nemaha Uplift - OK, DOOK6323100, OK,-97.155506,36.338053,,32.7666,-96.7779,247.9727989,290,9.469731408,1,30,2.280819455,30,1.674525676,13.42507654,,YES,9,NO,22.42507654, DOOK6323100,,
EOR, DOOK6323500,Nemaha Uplift - OK, DOOK6323500, OK,-97.155506,36.338053,,32.7666,-96.7779,247.9727989,290,9.469731408,1,30,2.280819455,30,1.674525676,13.42507654,,NO,100,NO,113.4250765, DOOK6323500,,
EOR, DOOK6323700,Nemaha Uplift - OK, DOOK6323700, OK,-97.155506,36.338053,,32.7666,-96.7779,247.9727989,290,9.469731408,1,30,2.280819455,30,1.674525676,13.42507654,,NO,100,NO,113.4250765, DOOK6323700,,
EOR, DOOK6325500,Nemaha Uplift - OK, DOOK6325500, OK,-97.155506,36.338053,,32.7666,-96.7779,247.9727989,290,9.469731408,1,30,2.280819455,30,1.674525676,13.42507654,,NO,100,NO,113.4250765, DOOK6325500,,
EOR, DOOK6325600,Nemaha Uplift - OK, DOOK6325600, OK,-97.155506,36.338053,,32.7666,-96.7779,247.9727989,290,9.469731408,1,30,2.280819455,30,1.674525676,13.42507654,,NO,19,YES,32.42507654, DOOK6325600,,
EOR, DOOK6326100,Nemaha Uplift - OK, DOOK6326100, OK,-97.155506,36.338053,,32.7666,-96.7779,247.9727989,290,9.469731408,1,30,2.280819455,30,1.674525676,13.42507654,,NO,-68,NO,-54.57492346, DOOK6326100,,
EOR, DOOK6326500,Nemaha Uplift - OK, DOOK6326500, OK,-97.155506,36.338053,,32.7666,-96.7779,247.9727989,290,9.469731408,1,30,2.280819455,30,1.674525676,13.42507654,,NO,100,NO,113.4250765, DOOK6326500,,
EOR, DOOK6326600,Nemaha Uplift - OK, DOOK6326600, OK,-97.155506,36.338053,,32.7666,-96.7779,247.9727989,290,9.469731408,1,30,2.280819455,30,1.674525676,13.42507654,,NO,93,NO,106.4250765, DOOK6326600,,
EOR, DOOK6327100,Nemaha Uplift - OK, DOOK6327100, OK,-97.155506,36.338053,,32.7666,-96.7779,247.9727989,290,9.469731408,1,30,2.280819455,30,1.674525676,13.42507654,,NO,100,NO,113.4250765, DOOK6327100,,
EOR, DOOK6328800,Nemaha Uplift - OK, DOOK6328800, OK,-97.155506,36.338053,,32.7666,-96.7779,247.9727989,290,9.469731408,1,30,2.280819455,30,1.674525676,13.42507654,,NO,100,NO,113.4250765, DOOK6328800,,
EOR, DOOK6328900,Nemaha Uplift - OK, DOOK6328900, OK,-97.155506,36.338053,,32.7666,-96.7779,247.9727989,290,9.469731408,1,30,2.280819455,30,1.674525676,13.42507654,,NO,100,NO,113.4250765, DOOK6328900,,
EOR, DOOK6329700,Nemaha Uplift - OK, DOOK6329700, OK,-97.155506,36.338053,,32.7666,-96.7779,247.9727989,290,9.469731408,1,30,2.280819455,30,1.674525676,13.42507654,,NO,100,NO,113.4250765, DOOK6329700,,
EOR, DOOK6332000,Nemaha Uplift - OK, DOOK6332000, OK,-97.155506,36.338053,,32.7666,-96.7779,247.9727989,290,9.469731408,1,30,2.280819455,30,1.674525676,13.42507654,,NO,100,NO,113.4250765, DOOK6332000,,
EOR, DOOK6332400,Nemaha Uplift - OK, DOOK6332400, OK,-97.155506,36.338053,,32.7666,-96.7779,247.9727989,290,9.469731408,1,30,2.280819455,30,1.674525676,13.42507654,,NO,33,NO,46.42507654, DOOK6332400,,
EOR, DOOK6333100,Nemaha Uplift - OK, DOOK6333100, OK,-97.155506,36.338053,,32.7666,-96.7779,247.9727989,290,9.469731408,1,30,2.280819455,30,1.674525676,13.42507654,,NO,74,NO,87.42507654, DOOK6333100,,
EOR, DOOK6333200,Nemaha Uplift - OK, DOOK6333200, OK,-97.155506,36.338053,,32.7666,-96.7779,247.9727989,290,9.469731408,1,30,2.280819455,30,1.674525676,13.42507654,,NO,-22,NO,-8.574923461, DOOK6333200,,
EOR, DOOK6333800,Nemaha Uplift - OK, DOOK6333800, OK,-97.155506,36.338053,,32.7666,-96.7779,247.9727989,290,9.469731408,1,30,2.280819455,30,1.674525676,13.42507654,,YES,34,NO,47.42507654, DOOK6333800,,
EOR, DOOK6334100,Nemaha Uplift - OK, DOOK6334100, OK,-97.155506,36.338053,,32.7666,-96.7779,247.9727989,290,9.469731408,1,30,2.280819455,30,1.674525676,13.42507654,,NO,-47,NO,-33.57492346, DOOK6334100,,
EOR, DOOK6334200,Nemaha Uplift - OK, DOOK6334200, OK,-97.155506,36.338053,,32.7666,-96.7779,247.9727989,290,9.469731408,1,30,2.280819455,30,1.674525676,13.42507654,,NO,100,NO,113.4250765, DOOK6334200,,
EOR, DOOK6334900,Nemaha Uplift - OK, DOOK6334900, OK,-97.155506,36.338053,,32.7666,-96.7779,247.9727989,290,9.469731408,1,30,2.280819455,30,1.674525676,13.42507654,,NO,23,NO,36.42507654, DOOK6334900,,
EOR, DOOK6335000,Nemaha Uplift - OK, DOOK6335000, OK,-97.155506,36.338053,,32.7666,-96.7779,247.9727989,290,9.469731408,1,30,2.280819455,30,1.674525676,13.42507654,,YES,68,NO,81.42507654, DOOK6335000,,
EOR, DOOK6335500,Nemaha Uplift - OK, DOOK6335500, OK,-97.155506,36.338053,,32.7666,-96.7779,247.9727989,290,9.469731408,1,30,2.280819455,30,1.674525676,13.42507654,,YES,100,NO,113.4250765, DOOK6335500,,
EOR, DOOK6335600,Nemaha Uplift - OK, DOOK6335600, OK,-97.155506,36.338053,,32.7666,-96.7779,247.9727989,290,9.469731408,1,30,2.280819455,30,1.674525676,13.42507654,,NO,-91,NO,-77.57492346, DOOK6335600,,
EOR, DOOK6335800,Nemaha Uplift - OK, DOOK6335800, OK,-97.155506,36.338053,,32.7666,-96.7779,247.9727989,290,9.469731408,1,30,2.280819455,30,1.674525676,13.42507654,,NO,-70,NO,-56.57492346, DOOK6335800,,
EOR, DOOK6335900,Nemaha Uplift - OK, DOOK6335900, OK,-97.155506,36.338053,,32.7666,-96.7779,247.9727989,290,9.469731408,1,30,2.280819455,30,1.674525676,13.42507654,,NO,27,NO,40.42507654, DOOK6335900,,
EOR, DOOK6336900,Nemaha Uplift - OK, DOOK6336900, OK,-97.155506,36.338053,,32.7666,-96.7779,247.9727989,290,9.469731408,1,30,2.280819455,30,1.674525676,13.42507654,,YES,100,NO,113.4250765, DOOK6336900,,
EOR, DOOK6337000,Nemaha Uplift - OK, DOOK6337000, OK,-97.155506,36.338053,,32.7666,-96.7779,247.9727989,290,9.469731408,1,30,2.280819455,30,1.674525676,13.42507654,,NO,100,NO,113.4250765, DOOK6337000,,
EOR, DOOK6337100,Nemaha Uplift - OK, DOOK6337100, OK,-97.155506,36.338053,,32.7666,-96.7779,247.9727989,290,9.469731408,1,30,2.280819455,30,1.674525676,13.42507654,,YES,100,NO,113.4250765, DOOK6337100,,
EOR, DOOK6337700,Nemaha Uplift - OK, DOOK6337700, OK,-97.155506,36.338053,,32.7666,-96.7779,247.9727989,290,9.469731408,1,30,2.280819455,30,1.674525676,13.42507654,,NO,24,NO,37.42507654, DOOK6337700,,
EOR, DOOK6338000,Nemaha Uplift - OK, DOOK6338000, OK,-97.155506,36.338053,,32.7666,-96.7779,247.9727989,290,9.469731408,1,30,2.280819455,30,1.674525676,13.42507654,,NO,100,NO,113.4250765, DOOK6338000,,
EOR, DOOK6338400,Nemaha Uplift - OK, DOOK6338400, OK,-97.155506,36.338053,,32.7666,-96.7779,247.9727989,290,9.469731408,1,30,2.280819455,30,1.674525676,13.42507654,,NO,100,NO,113.4250765, DOOK6338400,,
EOR, DOOK6338500,Nemaha Uplift - OK, DOOK6338500, OK,-97.155506,36.338053,,32.7666,-96.7779,247.9727989,290,9.469731408,1,30,2.280819455,30,1.674525676,13.42507654,,NO,100,NO,113.4250765, DOOK6338500,,
EOR, DOOK6338900,Nemaha Uplift - OK, DOOK6338900, OK,-97.155506,36.338053,,32.7666,-96.7779,247.9727989,290,9.469731408,1,30,2.280819455,30,1.674525676,13.42507654,,NO,100,NO,113.4250765, DOOK6338900,,
EOR, DOOK6339000,Nemaha Uplift - OK, DOOK6339000, OK,-97.155506,36.338053,,32.7666,-96.7779,247.9727989,290,9.469731408,1,30,2.280819455,30,1.674525676,13.42507654,,NO,100,NO,113.4250765, DOOK6339000,,
EOR, DOOK6339300,Nemaha Uplift - OK, DOOK6339300, OK,-97.155506,36.338053,,32.7666,-96.7779,247.9727989,290,9.469731408,1,30,2.280819455,30,1.674525676,13.42507654,,NO,100,NO,113.4250765, DOOK6339300,,
EOR, DOOK6339600,Nemaha Uplift - OK, DOOK6339600, OK,-97.155506,36.338053,,32.7666,-96.7779,247.9727989,290,9.469731408,1,30,2.280819455,30,1.674525676,13.42507654,,NO,-45,NO,-31.57492346, DOOK6339600,,
EOR, DOOK6339700,Nemaha Uplift - OK, DOOK6339700, OK,-97.155506,36.338053,,32.7666,-96.7779,247.9727989,290,9.469731408,1,30,2.280819455,30,1.674525676,13.42507654,,NO,80,NO,93.42507654, DOOK6339700,,
EOR, DOOK6341500,Nemaha Uplift - OK, DOOK6341500, OK,-97.155506,36.338053,,32.7666,-96.7779,247.9727989,290,9.469731408,1,30,2.280819455,30,1.674525676,13.42507654,,NO,-75,NO,-61.57492346, DOOK6341500,,
EOR, DOOK6341700,Nemaha Uplift - OK, DOOK6341700, OK,-97.155506,36.338053,,32.7666,-96.7779,247.9727989,290,9.469731408,1,30,2.280819455,30,1.674525676,13.42507654,,NO,-119,NO,-105.5749235, DOOK6341700,,
EOR, DOOK6342200,Nemaha Uplift - OK, DOOK6342200, OK,-97.155506,36.338053,,32.7666,-96.7779,247.9727989,290,9.469731408,1,30,2.280819455,30,1.674525676,13.42507654,,NO,100,NO,113.4250765, DOOK6342200,,
EOR, DOOK6342300,Nemaha Uplift - OK, DOOK6342300, OK,-97.155506,36.338053,,32.7666,-96.7779,247.9727989,290,9.469731408,1,30,2.280819455,30,1.674525676,13.42507654,,NO,100,NO,113.4250765, DOOK6342300,,
EOR, DOOK6343500,Nemaha Uplift - OK, DOOK6343500, OK,-97.155506,36.338053,,32.7666,-96.7779,247.9727989,290,9.469731408,1,30,2.280819455,30,1.674525676,13.42507654,,NO,13,NO,26.42507654, DOOK6343500,,
EOR, DOOK6343600,Nemaha Uplift - OK, DOOK6343600, OK,-97.155506,36.338053,,32.7666,-96.7779,247.9727989,290,9.469731408,1,30,2.280819455,30,1.674525676,13.42507654,,NO,100,NO,113.4250765, DOOK6343600,,
EOR, DOOK6343700,Nemaha Uplift - OK, DOOK6343700, OK,-97.155506,36.338053,,32.7666,-96.7779,247.9727989,290,9.469731408,1,30,2.280819455,30,1.674525676,13.42507654,,NO,-80,NO,-66.57492346, DOOK6343700,,
EOR, DOTX6743400,Palo Duro Basin - TX, DOTX6743400, TX,-101.404588,34.372523,,32.7666,-96.7779,288.8265238,330,10.49465661,1,30,2.280819455,30,1.674525676,14.45000174,,YES,45,NO,59.45000174, DOTX6743400,,
EOR, DONM6843400,Paradox Basin - NM, DONM6843400, NM,-108.806188,36.785223,,32.7666,-96.7779,737.0683308,850,25.96958354,1,50,4.013087396,50,2.569530778,32.55220172,,YES,100,YES,132.5522017, DONM6843400,,
EOR, DOUT6840800,Paradox Basin - UT, DOUT6840800, UT,-109.756499,38.108422,,32.7666,-96.7779,818.3916652,940,28.56798545,1,50,4.013087396,50,2.569530778,35.15060363,,NO,-136,NO,-100.8493964, DOUT6840800,,
EOR, DOUT6843900,Paradox Basin - UT, DOUT6843900, UT,-109.756499,38.108422,,32.7666,-96.7779,818.3916652,940,28.56798545,1,50,4.013087396,50,2.569530778,35.15060363,,NO,-88,YES,-52.84939637, DOUT6843900,,
EOR, DOUT6844000,Paradox Basin - UT, DOUT6844000, UT,-109.756499,38.108422,,32.7666,-96.7779,818.3916652,940,28.56798545,1,50,4.013087396,50,2.569530778,35.15060363,,NO,22,NO,57.15060363, DOUT6844000,,
EOR, DOUT6844500,Paradox Basin - UT, DOUT6844500, UT,-109.756499,38.108422,,32.7666,-96.7779,818.3916652,940,28.56798545,1,50,4.013087396,50,2.569530778,35.15060363,,YES,23,NO,58.15060363, DOUT6844500,,
EOR, DOUT6844700,Paradox Basin - UT, DOUT6844700, UT,-109.756499,38.108422,,32.7666,-96.7779,818.3916652,940,28.56798545,1,50,4.013087396,50,2.569530778,35.15060363,,NO,-58,NO,-22.84939637, DOUT6844700,,
EOR, DOUT6845200,Paradox Basin - UT, DOUT6845200, UT,-109.756499,38.108422,,32.7666,-96.7779,818.3916652,940,28.56798545,1,50,4.013087396,50,2.569530778,35.15060363,,NO,100,NO,135.1506036, DOUT6845200,,
EOR, DOUT6845500,Paradox Basin - UT, DOUT6845500, UT,-109.756499,38.108422,,32.7666,-96.7779,818.3916652,940,28.56798545,1,50,4.013087396,50,2.569530778,35.15060363,,NO,-50,YES,-14.84939637, DOUT6845500,,
EOR, DOUT6845900,Paradox Basin - UT, DOUT6845900, UT,-109.756499,38.108422,,32.7666,-96.7779,818.3916652,940,28.56798545,1,50,4.013087396,50,2.569530778,35.15060363,,YES,100,NO,135.1506036, DOUT6845900,,
EOR, DOUT6846000,Paradox Basin - UT, DOUT6846000, UT,-109.756499,38.108422,,32.7666,-96.7779,818.3916652,940,28.56798545,1,50,4.013087396,50,2.569530778,35.15060363,,NO,-33,NO,2.150603627, DOUT6846000,,
EOR, DOUT6846100,Paradox Basin - UT, DOUT6846100, UT,-109.756499,38.108422,,32.7666,-96.7779,818.3916652,940,28.56798545,1,50,4.013087396,50,2.569530778,35.15060363,,NO,-113,NO,-77.84939637, DOUT6846100,,
EOR, DOUT6846300,Paradox Basin - UT, DOUT6846300, UT,-109.756499,38.108422,,32.7666,-96.7779,818.3916652,940,28.56798545,1,50,4.013087396,50,2.569530778,35.15060363,,NO,-23,NO,12.15060363, DOUT6846300,,
EOR, DONM6565600,Permian Basin - NM, DONM6565600, NM,-103.913369,32.888823,,32.7666,-96.7779,414.750306,480,15.15734448,1,50,4.013087396,50,2.569530778,21.73996265,,NO,-32,YES,-10.26003735, DONM6565600,,
EOR, DONM6567700,Permian Basin - NM, DONM6567700, NM,-103.913369,32.888823,,32.7666,-96.7779,414.750306,480,15.15734448,1,50,4.013087396,50,2.569530778,21.73996265,,YES,80,NO,101.7399627, DONM6567700,,
EOR, DONM6567800,Permian Basin - NM, DONM6567800, NM,-103.913369,32.888823,,32.7666,-96.7779,414.750306,480,15.15734448,1,50,4.013087396,50,2.569530778,21.73996265,,NO,-44,YES,-22.26003735, DONM6567800,,
EOR, DONM6568900,Permian Basin - NM, DONM6568900, NM,-103.913369,32.888823,,32.7666,-96.7779,414.750306,480,15.15734448,1,50,4.013087396,50,2.569530778,21.73996265,,YES,100,YES,121.7399627, DONM6568900,,
EOR, DONM6569000,Permian Basin - NM, DONM6569000, NM,-103.913369,32.888823,,32.7666,-96.7779,414.750306,480,15.15734448,1,50,4.013087396,50,2.569530778,21.73996265,,NO,30,YES,51.73996265, DONM6569000,,
EOR, DONM6569100,Permian Basin - NM, DONM6569100, NM,-103.913369,32.888823,,32.7666,-96.7779,414.750306,480,15.15734448,1,50,4.013087396,50,2.569530778,21.73996265,,YES,-48,YES,-26.26003735, DONM6569100,,
EOR, DONM6569200,Permian Basin - NM, DONM6569200, NM,-103.913369,32.888823,,32.7666,-96.7779,414.750306,480,15.15734448,1,50,4.013087396,50,2.569530778,21.73996265,,YES,46,YES,67.73996265, DONM6569200,,
EOR, DONM6570700,Permian Basin - NM, DONM6570700, NM,-103.913369,32.888823,,32.7666,-96.7779,414.750306,480,15.15734448,1,50,4.013087396,50,2.569530778,21.73996265,,YES,26,NO,47.73996265, DONM6570700,,
EOR, DONM6571800,Permian Basin - NM, DONM6571800, NM,-103.913369,32.888823,,32.7666,-96.7779,414.750306,480,15.15734448,1,50,4.013087396,50,2.569530778,21.73996265,,NO,-41,YES,-19.26003735, DONM6571800,,
EOR, DONM6572400,Permian Basin - NM, DONM6572400, NM,-103.913369,32.888823,,32.7666,-96.7779,414.750306,480,15.15734448,1,50,4.013087396,50,2.569530778,21.73996265,,YES,100,NO,121.7399627, DONM6572400,,
EOR, DONM6572500,Permian Basin - NM, DONM6572500, NM,-103.913369,32.888823,,32.7666,-96.7779,414.750306,480,15.15734448,1,50,4.013087396,50,2.569530778,21.73996265,,YES,65,NO,86.73996265, DONM6572500,,
EOR, DONM6572600,Permian Basin - NM, DONM6572600, NM,-103.913369,32.888823,,32.7666,-96.7779,414.750306,480,15.15734448,1,50,4.013087396,50,2.569530778,21.73996265,,NO,100,NO,121.7399627, DONM6572600,,
EOR, DONM6572700,Permian Basin - NM, DONM6572700, NM,-103.913369,32.888823,,32.7666,-96.7779,414.750306,480,15.15734448,1,50,4.013087396,50,2.569530778,21.73996265,,YES,2,NO,23.73996265, DONM6572700,,
EOR, DONM6577500,Permian Basin - NM, DONM6577500, NM,-103.913369,32.888823,,32.7666,-96.7779,414.750306,480,15.15734448,1,50,4.013087396,50,2.569530778,21.73996265,,NO,65,YES,86.73996265, DONM6577500,,
EOR, DONM6577700,Permian Basin - NM, DONM6577700, NM,-103.913369,32.888823,,32.7666,-96.7779,414.750306,480,15.15734448,1,50,4.013087396,50,2.569530778,21.73996265,,YES,16,YES,37.73996265, DONM6577700,,
EOR, DONM6577800,Permian Basin - NM, DONM6577800, NM,-103.913369,32.888823,,32.7666,-96.7779,414.750306,480,15.15734448,1,50,4.013087396,50,2.569530778,21.73996265,,NO,90,YES,111.7399627, DONM6577800,,
EOR, DONM6581200,Permian Basin - NM, DONM6581200, NM,-103.913369,32.888823,,32.7666,-96.7779,414.750306,480,15.15734448,1,50,4.013087396,50,2.569530778,21.73996265,,NO,95,NO,116.7399627, DONM6581200,,
EOR, DONM6581700,Permian Basin - NM, DONM6581700, NM,-103.913369,32.888823,,32.7666,-96.7779,414.750306,480,15.15734448,1,50,4.013087396,50,2.569530778,21.73996265,,NO,13,YES,34.73996265, DONM6581700,,
EOR, DONM6581800,Permian Basin - NM, DONM6581800, NM,-103.913369,32.888823,,32.7666,-96.7779,414.750306,480,15.15734448,1,50,4.013087396,50,2.569530778,21.73996265,,NO,6,NO,27.73996265, DONM6581800,,
EOR, DONM6582800,Permian Basin - NM, DONM6582800, NM,-103.913369,32.888823,,32.7666,-96.7779,414.750306,480,15.15734448,1,50,4.013087396,50,2.569530778,21.73996265,,NO,47,NO,68.73996265, DONM6582800,,
EOR, DONM6583100,Permian Basin - NM, DONM6583100, NM,-103.913369,32.888823,,32.7666,-96.7779,414.750306,480,15.15734448,1,50,4.013087396,50,2.569530778,21.73996265,,YES,-68,YES,-46.26003735, DONM6583100,,
EOR, DONM6583200,Permian Basin - NM, DONM6583200, NM,-103.913369,32.888823,,32.7666,-96.7779,414.750306,480,15.15734448,1,50,4.013087396,50,2.569530778,21.73996265,,NO,100,YES,121.7399627, DONM6583200,,
EOR, DONM6584800,Permian Basin - NM, DONM6584800, NM,-103.913369,32.888823,,32.7666,-96.7779,414.750306,480,15.15734448,1,50,4.013087396,50,2.569530778,21.73996265,,NO,-137,YES,-115.2600373, DONM6584800,,
EOR, DONM6585400,Permian Basin - NM, DONM6585400, NM,-103.913369,32.888823,,32.7666,-96.7779,414.750306,480,15.15734448,1,50,4.013087396,50,2.569530778,21.73996265,,NO,-60,YES,-38.26003735, DONM6585400,,
EOR, DONM6585900,Permian Basin - NM, DONM6585900, NM,-103.913369,32.888823,,32.7666,-96.7779,414.750306,480,15.15734448,1,50,4.013087396,50,2.569530778,21.73996265,,NO,-46,NO,-24.26003735, DONM6585900,,
EOR, DONM6587300,Permian Basin - NM, DONM6587300, NM,-103.913369,32.888823,,32.7666,-96.7779,414.750306,480,15.15734448,1,50,4.013087396,50,2.569530778,21.73996265,,NO,100,YES,121.7399627, DONM6587300,,
EOR, DONM6590200,Permian Basin - NM, DONM6590200, NM,-103.913369,32.888823,,32.7666,-96.7779,414.750306,480,15.15734448,1,50,4.013087396,50,2.569530778,21.73996265,,YES,100,YES,121.7399627, DONM6590200,,
EOR, DONM6595000,Permian Basin - NM, DONM6595000, NM,-103.913369,32.888823,,32.7666,-96.7779,414.750306,480,15.15734448,1,50,4.013087396,50,2.569530778,21.73996265,,NO,-54,YES,-32.26003735, DONM6595000,,
EOR, DONM6595400,Permian Basin - NM, DONM6595400, NM,-103.913369,32.888823,,32.7666,-96.7779,414.750306,480,15.15734448,1,50,4.013087396,50,2.569530778,21.73996265,,NO,-79,YES,-57.26003735, DONM6595400,,
EOR, DONM6597500,Permian Basin - NM, DONM6597500, NM,-103.913369,32.888823,,32.7666,-96.7779,414.750306,480,15.15734448,1,50,4.013087396,50,2.569530778,21.73996265,,NO,99,NO,120.7399627, DONM6597500,,
EOR, DONM6605100,Permian Basin - NM, DONM6605100, NM,-103.913369,32.888823,,32.7666,-96.7779,414.750306,480,15.15734448,1,50,4.013087396,50,2.569530778,21.73996265,,YES,28,YES,49.73996265, DONM6605100,,
EOR, DONM6606700,Permian Basin - NM, DONM6606700, NM,-103.913369,32.888823,,32.7666,-96.7779,414.750306,480,15.15734448,1,50,4.013087396,50,2.569530778,21.73996265,,YES,25,YES,46.73996265, DONM6606700,,
EOR, DONM6612500,Permian Basin - NM, DONM6612500, NM,-103.913369,32.888823,,32.7666,-96.7779,414.750306,480,15.15734448,1,50,4.013087396,50,2.569530778,21.73996265,,YES,-5,YES,16.73996265, DONM6612500,,
EOR, DONM6614900,Permian Basin - NM, DONM6614900, NM,-103.913369,32.888823,,32.7666,-96.7779,414.750306,480,15.15734448,1,50,4.013087396,50,2.569530778,21.73996265,,YES,100,NO,121.7399627, DONM6614900,,
EOR, DONM6616400,Permian Basin - NM, DONM6616400, NM,-103.913369,32.888823,,32.7666,-96.7779,414.750306,480,15.15734448,1,50,4.013087396,50,2.569530778,21.73996265,,YES,100,YES,121.7399627, DONM6616400,,
EOR, DONM6624000,Permian Basin - NM, DONM6624000, NM,-103.913369,32.888823,,32.7666,-96.7779,414.750306,480,15.15734448,1,50,4.013087396,50,2.569530778,21.73996265,,YES,100,NO,121.7399627, DONM6624000,,
EOR, DONM6625300,Permian Basin - NM, DONM6625300, NM,-103.913369,32.888823,,32.7666,-96.7779,414.750306,480,15.15734448,1,50,4.013087396,50,2.569530778,21.73996265,,NO,100,NO,121.7399627, DONM6625300,,
EOR, DONM6628200,Permian Basin - NM, DONM6628200, NM,-103.913369,32.888823,,32.7666,-96.7779,414.750306,480,15.15734448,1,50,4.013087396,50,2.569530778,21.73996265,,YES,100,NO,121.7399627, DONM6628200,,
EOR, DONM6631700,Permian Basin - NM, DONM6631700, NM,-103.913369,32.888823,,32.7666,-96.7779,414.750306,480,15.15734448,1,50,4.013087396,50,2.569530778,21.73996265,,NO,68,YES,89.73996265, DONM6631700,,
EOR, DONM6631800,Permian Basin - NM, DONM6631800, NM,-103.913369,32.888823,,32.7666,-96.7779,414.750306,480,15.15734448,1,50,4.013087396,50,2.569530778,21.73996265,,NO,-80,YES,-58.26003735, DONM6631800,,
EOR, DONM6633100,Permian Basin - NM, DONM6633100, NM,-103.913369,32.888823,,32.7666,-96.7779,414.750306,480,15.15734448,1,50,4.013087396,50,2.569530778,21.73996265,,YES,100,NO,121.7399627, DONM6633100,,
EOR, DONM6639900,Permian Basin - NM, DONM6639900, NM,-103.913369,32.888823,,32.7666,-96.7779,414.750306,480,15.15734448,1,50,4.013087396,50,2.569530778,21.73996265,,NO,100,NO,121.7399627, DONM6639900,,
EOR, DONM6641600,Permian Basin - NM, DONM6641600, NM,-103.913369,32.888823,,32.7666,-96.7779,414.750306,480,15.15734448,1,50,4.013087396,50,2.569530778,21.73996265,,YES,53,NO,74.73996265, DONM6641600,,
EOR, DONM6646200,Permian Basin - NM, DONM6646200, NM,-103.913369,32.888823,,32.7666,-96.7779,414.750306,480,15.15734448,1,50,4.013087396,50,2.569530778,21.73996265,,NO,100,NO,121.7399627, DONM6646200,,
EOR, DONM6647400,Permian Basin - NM, DONM6647400, NM,-103.913369,32.888823,,32.7666,-96.7779,414.750306,480,15.15734448,1,50,4.013087396,50,2.569530778,21.73996265,,YES,100,NO,121.7399627, DONM6647400,,
EOR, DONM6648900,Permian Basin - NM, DONM6648900, NM,-103.913369,32.888823,,32.7666,-96.7779,414.750306,480,15.15734448,1,50,4.013087396,50,2.569530778,21.73996265,,NO,-42,NO,-20.26003735, DONM6648900,,
EOR, DONM6650400,Permian Basin - NM, DONM6650400, NM,-103.913369,32.888823,,32.7666,-96.7779,414.750306,480,15.15734448,1,50,4.013087396,50,2.569530778,21.73996265,,NO,-61,YES,-39.26003735, DONM6650400,,
EOR, DONM6657900,Permian Basin - NM, DONM6657900, NM,-103.913369,32.888823,,32.7666,-96.7779,414.750306,480,15.15734448,1,50,4.013087396,50,2.569530778,21.73996265,,NO,-30,YES,-8.260037346, DONM6657900,,
EOR, DONM6664000,Permian Basin - NM, DONM6664000, NM,-103.913369,32.888823,,32.7666,-96.7779,414.750306,480,15.15734448,1,50,4.013087396,50,2.569530778,21.73996265,,NO,62,NO,83.73996265, DONM6664000,,
EOR, DONM6664100,Permian Basin - NM, DONM6664100, NM,-103.913369,32.888823,,32.7666,-96.7779,414.750306,480,15.15734448,1,50,4.013087396,50,2.569530778,21.73996265,,YES,7,YES,28.73996265, DONM6664100,,
EOR, DONM6667100,Permian Basin - NM, DONM6667100, NM,-103.913369,32.888823,,32.7666,-96.7779,414.750306,480,15.15734448,1,50,4.013087396,50,2.569530778,21.73996265,,YES,100,NO,121.7399627, DONM6667100,,
EOR, DONM6671800,Permian Basin - NM, DONM6671800, NM,-103.913369,32.888823,,32.7666,-96.7779,414.750306,480,15.15734448,1,50,4.013087396,50,2.569530778,21.73996265,,NO,-52,YES,-30.26003735, DONM6671800,,
EOR, DONM6675900,Permian Basin - NM, DONM6675900, NM,-103.913369,32.888823,,32.7666,-96.7779,414.750306,480,15.15734448,1,50,4.013087396,50,2.569530778,21.73996265,,YES,18,YES,39.73996265, DONM6675900,,
EOR, DONM6676200,Permian Basin - NM, DONM6676200, NM,-103.913369,32.888823,,32.7666,-96.7779,414.750306,480,15.15734448,1,50,4.013087396,50,2.569530778,21.73996265,,YES,100,NO,121.7399627, DONM6676200,,
EOR, DONM6677100,Permian Basin - NM, DONM6677100, NM,-103.913369,32.888823,,32.7666,-96.7779,414.750306,480,15.15734448,1,50,4.013087396,50,2.569530778,21.73996265,,NO,-29,YES,-7.260037346, DONM6677100,,
EOR, DONM6685500,Permian Basin - NM, DONM6685500, NM,-103.913369,32.888823,,32.7666,-96.7779,414.750306,480,15.15734448,1,50,4.013087396,50,2.569530778,21.73996265,,NO,100,NO,121.7399627, DONM6685500,,
EOR, DONM6687100,Permian Basin - NM, DONM6687100, NM,-103.913369,32.888823,,32.7666,-96.7779,414.750306,480,15.15734448,1,50,4.013087396,50,2.569530778,21.73996265,,YES,-1,NO,20.73996265, DONM6687100,,
EOR, DONM6687700,Permian Basin - NM, DONM6687700, NM,-103.913369,32.888823,,32.7666,-96.7779,414.750306,480,15.15734448,1,50,4.013087396,50,2.569530778,21.73996265,,NO,4,NO,25.73996265, DONM6687700,,
EOR, DONM6691500,Permian Basin - NM, DONM6691500, NM,-103.913369,32.888823,,32.7666,-96.7779,414.750306,480,15.15734448,1,50,4.013087396,50,2.569530778,21.73996265,,NO,100,YES,121.7399627, DONM6691500,,
EOR, DONM6692700,Permian Basin - NM, DONM6692700, NM,-103.913369,32.888823,,32.7666,-96.7779,414.750306,480,15.15734448,1,50,4.013087396,50,2.569530778,21.73996265,,NO,-22,YES,-0.260037346, DONM6692700,,
EOR, DONM6692900,Permian Basin - NM, DONM6692900, NM,-103.913369,32.888823,,32.7666,-96.7779,414.750306,480,15.15734448,1,50,4.013087396,50,2.569530778,21.73996265,,NO,100,NO,121.7399627, DONM6692900,,
EOR, DONM6693800,Permian Basin - NM, DONM6693800, NM,-103.913369,32.888823,,32.7666,-96.7779,414.750306,480,15.15734448,1,50,4.013087396,50,2.569530778,21.73996265,,NO,-100,YES,-78.26003735, DONM6693800,,
EOR, DONM6700000,Permian Basin - NM, DONM6700000, NM,-103.913369,32.888823,,32.7666,-96.7779,414.750306,480,15.15734448,1,50,4.013087396,50,2.569530778,21.73996265,,YES,61,NO,82.73996265, DONM6700000,,
EOR, DONM6700200,Permian Basin - NM, DONM6700200, NM,-103.913369,32.888823,,32.7666,-96.7779,414.750306,480,15.15734448,1,50,4.013087396,50,2.569530778,21.73996265,,NO,-5,NO,16.73996265, DONM6700200,,
EOR, DONM6703800,Permian Basin - NM, DONM6703800, NM,-103.913369,32.888823,,32.7666,-96.7779,414.750306,480,15.15734448,1,50,4.013087396,50,2.569530778,21.73996265,,NO,36,NO,57.73996265, DONM6703800,,
EOR, DONM6708900,Permian Basin - NM, DONM6708900, NM,-103.913369,32.888823,,32.7666,-96.7779,414.750306,480,15.15734448,1,50,4.013087396,50,2.569530778,21.73996265,,NO,100,NO,121.7399627, DONM6708900,,
EOR, DONM6709400,Permian Basin - NM, DONM6709400, NM,-103.913369,32.888823,,32.7666,-96.7779,414.750306,480,15.15734448,1,50,4.013087396,50,2.569530778,21.73996265,,NO,100,NO,121.7399627, DONM6709400,,
EOR, DONM6718300,Permian Basin - NM, DONM6718300, NM,-103.913369,32.888823,,32.7666,-96.7779,414.750306,480,15.15734448,1,50,4.013087396,50,2.569530778,21.73996265,,NO,100,NO,121.7399627, DONM6718300,,
EOR, DONM6724500,Permian Basin - NM, DONM6724500, NM,-103.913369,32.888823,,32.7666,-96.7779,414.750306,480,15.15734448,1,50,4.013087396,50,2.569530778,21.73996265,,NO,-113,YES,-91.26003735, DONM6724500,,
EOR, DOTX6284700,Permian Basin - TX, DOTX6284700, TX,-102.03935,31.714809,,32.7666,-96.7779,316.2640216,360,11.25974161,1,40,2.973726631,40,2.136463793,16.36993204,,NO,13,NO,29.36993204, DOTX6284700,,
EOR, DOTX6561800,Permian Basin - TX, DOTX6561800, TX,-102.03935,31.714809,,32.7666,-96.7779,316.2640216,360,11.25974161,1,40,2.973726631,40,2.136463793,16.36993204,,NO,1,YES,17.36993204, DOTX6561800,,
EOR, DOTX6561900,Permian Basin - TX, DOTX6561900, TX,-102.03935,31.714809,,32.7666,-96.7779,316.2640216,360,11.25974161,1,40,2.973726631,40,2.136463793,16.36993204,,NO,-20,YES,-3.630067962, DOTX6561900,,
EOR, DOTX6562000,Permian Basin - TX, DOTX6562000, TX,-102.03935,31.714809,,32.7666,-96.7779,316.2640216,360,11.25974161,1,40,2.973726631,40,2.136463793,16.36993204,,NO,-32,YES,-15.63006796, DOTX6562000,,
EOR, DOTX6562100,Permian Basin - TX, DOTX6562100, TX,-102.03935,31.714809,,32.7666,-96.7779,316.2640216,360,11.25974161,1,40,2.973726631,40,2.136463793,16.36993204,,NO,4,YES,20.36993204, DOTX6562100,,
EOR, DOTX6562400,Permian Basin - TX, DOTX6562400, TX,-102.03935,31.714809,,32.7666,-96.7779,316.2640216,360,11.25974161,1,40,2.973726631,40,2.136463793,16.36993204,,NO,100,YES,116.369932, DOTX6562400,,
EOR, DOTX6562600,Permian Basin - TX, DOTX6562600, TX,-102.03935,31.714809,,32.7666,-96.7779,316.2640216,360,11.25974161,1,40,2.973726631,40,2.136463793,16.36993204,,NO,83,YES,99.36993204, DOTX6562600,,
EOR, DOTX6562700,Permian Basin - TX, DOTX6562700, TX,-102.03935,31.714809,,32.7666,-96.7779,316.2640216,360,11.25974161,1,40,2.973726631,40,2.136463793,16.36993204,,NO,-61,YES,-44.63006796, DOTX6562700,,
EOR, DOTX6563100,Permian Basin - TX, DOTX6563100, TX,-102.03935,31.714809,,32.7666,-96.7779,316.2640216,360,11.25974161,1,40,2.973726631,40,2.136463793,16.36993204,,NO,-34,YES,-17.63006796, DOTX6563100,,
EOR, DOTX6563200,Permian Basin - TX, DOTX6563200, TX,-102.03935,31.714809,,32.7666,-96.7779,316.2640216,360,11.25974161,1,40,2.973726631,40,2.136463793,16.36993204,,NO,-99,YES,-82.63006796, DOTX6563200,,
EOR, DOTX6564200,Permian Basin - TX, DOTX6564200, TX,-102.03935,31.714809,,32.7666,-96.7779,316.2640216,360,11.25974161,1,40,2.973726631,40,2.136463793,16.36993204,,NO,-32,YES,-15.63006796, DOTX6564200,,
EOR, DOTX6564300,Permian Basin - TX, DOTX6564300, TX,-102.03935,31.714809,,32.7666,-96.7779,316.2640216,360,11.25974161,1,40,2.973726631,40,2.136463793,16.36993204,,NO,-49,YES,-32.63006796, DOTX6564300,,
EOR, DOTX6564400,Permian Basin - TX, DOTX6564400, TX,-102.03935,31.714809,,32.7666,-96.7779,316.2640216,360,11.25974161,1,40,2.973726631,40,2.136463793,16.36993204,,NO,-99,YES,-82.63006796, DOTX6564400,,
EOR, DOTX6564500,Permian Basin - TX, DOTX6564500, TX,-102.03935,31.714809,,32.7666,-96.7779,316.2640216,360,11.25974161,1,40,2.973726631,40,2.136463793,16.36993204,,YES,-16,YES,0.369932038, DOTX6564500,,
EOR, DOTX6564600,Permian Basin - TX, DOTX6564600, TX,-102.03935,31.714809,,32.7666,-96.7779,316.2640216,360,11.25974161,1,40,2.973726631,40,2.136463793,16.36993204,,NO,-25,YES,-8.630067962, DOTX6564600,,
EOR, DOTX6564700,Permian Basin - TX, DOTX6564700, TX,-102.03935,31.714809,,32.7666,-96.7779,316.2640216,360,11.25974161,1,40,2.973726631,40,2.136463793,16.36993204,,NO,74,NO,90.36993204, DOTX6564700,,
EOR, DOTX6564900,Permian Basin - TX, DOTX6564900, TX,-102.03935,31.714809,,32.7666,-96.7779,316.2640216,360,11.25974161,1,40,2.973726631,40,2.136463793,16.36993204,,NO,9,YES,25.36993204, DOTX6564900,,
EOR, DOTX6565400,Permian Basin - TX, DOTX6565400, TX,-102.03935,31.714809,,32.7666,-96.7779,316.2640216,360,11.25974161,1,40,2.973726631,40,2.136463793,16.36993204,,NO,100,YES,116.369932, DOTX6565400,,
EOR, DOTX6565500,Permian Basin - TX, DOTX6565500, TX,-102.03935,31.714809,,32.7666,-96.7779,316.2640216,360,11.25974161,1,40,2.973726631,40,2.136463793,16.36993204,,YES,100,NO,116.369932, DOTX6565500,,
EOR, DOTX6565800,Permian Basin - TX, DOTX6565800, TX,-102.03935,31.714809,,32.7666,-96.7779,316.2640216,360,11.25974161,1,40,2.973726631,40,2.136463793,16.36993204,,NO,100,YES,116.369932, DOTX6565800,,
EOR, DOTX6566200,Permian Basin - TX, DOTX6566200, TX,-102.03935,31.714809,,32.7666,-96.7779,316.2640216,360,11.25974161,1,40,2.973726631,40,2.136463793,16.36993204,,NO,-84,YES,-67.63006796, DOTX6566200,,
EOR, DOTX6567200,Permian Basin - TX, DOTX6567200, TX,-102.03935,31.714809,,32.7666,-96.7779,316.2640216,360,11.25974161,1,40,2.973726631,40,2.136463793,16.36993204,,NO,-2,YES,14.36993204, DOTX6567200,,
EOR, DOTX6567400,Permian Basin - TX, DOTX6567400, TX,-102.03935,31.714809,,32.7666,-96.7779,316.2640216,360,11.25974161,1,40,2.973726631,40,2.136463793,16.36993204,,NO,-99,YES,-82.63006796, DOTX6567400,,
EOR, DOTX6567900,Permian Basin - TX, DOTX6567900, TX,-102.03935,31.714809,,32.7666,-96.7779,316.2640216,360,11.25974161,1,40,2.973726631,40,2.136463793,16.36993204,,YES,76,NO,92.36993204, DOTX6567900,,
EOR, DOTX6568000,Permian Basin - TX, DOTX6568000, TX,-102.03935,31.714809,,32.7666,-96.7779,316.2640216,360,11.25974161,1,40,2.973726631,40,2.136463793,16.36993204,,NO,19,YES,35.36993204, DOTX6568000,,
EOR, DOTX6568100,Permian Basin - TX, DOTX6568100, TX,-102.03935,31.714809,,32.7666,-96.7779,316.2640216,360,11.25974161,1,40,2.973726631,40,2.136463793,16.36993204,,NO,-87,YES,-70.63006796, DOTX6568100,,
EOR, DOTX6568700,Permian Basin - TX, DOTX6568700, TX,-102.03935,31.714809,,32.7666,-96.7779,316.2640216,360,11.25974161,1,40,2.973726631,40,2.136463793,16.36993204,,NO,-43,YES,-26.63006796, DOTX6568700,,
EOR, DOTX6569800,Permian Basin - TX, DOTX6569800, TX,-102.03935,31.714809,,32.7666,-96.7779,316.2640216,360,11.25974161,1,40,2.973726631,40,2.136463793,16.36993204,,NO,100,YES,116.369932, DOTX6569800,,
EOR, DOTX6569900,Permian Basin - TX, DOTX6569900, TX,-102.03935,31.714809,,32.7666,-96.7779,316.2640216,360,11.25974161,1,40,2.973726631,40,2.136463793,16.36993204,,NO,-82,YES,-65.63006796, DOTX6569900,,
EOR, DOTX6570200,Permian Basin - TX, DOTX6570200, TX,-102.03935,31.714809,,32.7666,-96.7779,316.2640216,360,11.25974161,1,40,2.973726631,40,2.136463793,16.36993204,,NO,-30,YES,-13.63006796, DOTX6570200,,
EOR, DOTX6570300,Permian Basin - TX, DOTX6570300, TX,-102.03935,31.714809,,32.7666,-96.7779,316.2640216,360,11.25974161,1,40,2.973726631,40,2.136463793,16.36993204,,NO,-126,YES,-109.630068, DOTX6570300,,
EOR, DOTX6570400,Permian Basin - TX, DOTX6570400, TX,-102.03935,31.714809,,32.7666,-96.7779,316.2640216,360,11.25974161,1,40,2.973726631,40,2.136463793,16.36993204,,NO,-87,YES,-70.63006796, DOTX6570400,,
EOR, DOTX6570800,Permian Basin - TX, DOTX6570800, TX,-102.03935,31.714809,,32.7666,-96.7779,316.2640216,360,11.25974161,1,40,2.973726631,40,2.136463793,16.36993204,,NO,-36,YES,-19.63006796, DOTX6570800,,
EOR, DOTX6571100,Permian Basin - TX, DOTX6571100, TX,-102.03935,31.714809,,32.7666,-96.7779,316.2640216,360,11.25974161,1,40,2.973726631,40,2.136463793,16.36993204,,YES,3,NO,19.36993204, DOTX6571100,,
EOR, DOTX6571200,Permian Basin - TX, DOTX6571200, TX,-102.03935,31.714809,,32.7666,-96.7779,316.2640216,360,11.25974161,1,40,2.973726631,40,2.136463793,16.36993204,,NO,-21,YES,-4.630067962, DOTX6571200,,
EOR, DOTX6571300,Permian Basin - TX, DOTX6571300, TX,-102.03935,31.714809,,32.7666,-96.7779,316.2640216,360,11.25974161,1,40,2.973726631,40,2.136463793,16.36993204,,NO,100,YES,116.369932, DOTX6571300,,
EOR, DOTX6571400,Permian Basin - TX, DOTX6571400, TX,-102.03935,31.714809,,32.7666,-96.7779,316.2640216,360,11.25974161,1,40,2.973726631,40,2.136463793,16.36993204,,NO,84,YES,100.369932, DOTX6571400,,
EOR, DOTX6572800,Permian Basin - TX, DOTX6572800, TX,-102.03935,31.714809,,32.7666,-96.7779,316.2640216,360,11.25974161,1,40,2.973726631,40,2.136463793,16.36993204,,YES,8,YES,24.36993204, DOTX6572800,,
EOR, DOTX6573000,Permian Basin - TX, DOTX6573000, TX,-102.03935,31.714809,,32.7666,-96.7779,316.2640216,360,11.25974161,1,40,2.973726631,40,2.136463793,16.36993204,,YES,-12,YES,4.369932038, DOTX6573000,,
EOR, DOTX6573100,Permian Basin - TX, DOTX6573100, TX,-102.03935,31.714809,,32.7666,-96.7779,316.2640216,360,11.25974161,1,40,2.973726631,40,2.136463793,16.36993204,,NO,-2,NO,14.36993204, DOTX6573100,,
EOR, DOTX6573200,Permian Basin - TX, DOTX6573200, TX,-102.03935,31.714809,,32.7666,-96.7779,316.2640216,360,11.25974161,1,40,2.973726631,40,2.136463793,16.36993204,,YES,100,NO,116.369932, DOTX6573200,,
EOR, DOTX6573300,Permian Basin - TX, DOTX6573300, TX,-102.03935,31.714809,,32.7666,-96.7779,316.2640216,360,11.25974161,1,40,2.973726631,40,2.136463793,16.36993204,,NO,-16,YES,0.369932038, DOTX6573300,,
EOR, DOTX6573600,Permian Basin - TX, DOTX6573600, TX,-102.03935,31.714809,,32.7666,-96.7779,316.2640216,360,11.25974161,1,40,2.973726631,40,2.136463793,16.36993204,,NO,100,NO,116.369932, DOTX6573600,,
EOR, DOTX6573800,Permian Basin - TX, DOTX6573800, TX,-102.03935,31.714809,,32.7666,-96.7779,316.2640216,360,11.25974161,1,40,2.973726631,40,2.136463793,16.36993204,,NO,-5,YES,11.36993204, DOTX6573800,,
EOR, DOTX6573900,Permian Basin - TX, DOTX6573900, TX,-102.03935,31.714809,,32.7666,-96.7779,316.2640216,360,11.25974161,1,40,2.973726631,40,2.136463793,16.36993204,,NO,79,YES,95.36993204, DOTX6573900,,
EOR, DOTX6574100,Permian Basin - TX, DOTX6574100, TX,-102.03935,31.714809,,32.7666,-96.7779,316.2640216,360,11.25974161,1,40,2.973726631,40,2.136463793,16.36993204,,NO,-75,YES,-58.63006796, DOTX6574100,,
EOR, DOTX6574600,Permian Basin - TX, DOTX6574600, TX,-102.03935,31.714809,,32.7666,-96.7779,316.2640216,360,11.25974161,1,40,2.973726631,40,2.136463793,16.36993204,,NO,100,NO,116.369932, DOTX6574600,,
EOR, DOTX6575000,Permian Basin - TX, DOTX6575000, TX,-102.03935,31.714809,,32.7666,-96.7779,316.2640216,360,11.25974161,1,40,2.973726631,40,2.136463793,16.36993204,,YES,100,NO,116.369932, DOTX6575000,,
EOR, DOTX6575100,Permian Basin - TX, DOTX6575100, TX,-102.03935,31.714809,,32.7666,-96.7779,316.2640216,360,11.25974161,1,40,2.973726631,40,2.136463793,16.36993204,,NO,100,YES,116.369932, DOTX6575100,,
EOR, DOTX6575500,Permian Basin - TX, DOTX6575500, TX,-102.03935,31.714809,,32.7666,-96.7779,316.2640216,360,11.25974161,1,40,2.973726631,40,2.136463793,16.36993204,,NO,100,YES,116.369932, DOTX6575500,,
EOR, DOTX6576000,Permian Basin - TX, DOTX6576000, TX,-102.03935,31.714809,,32.7666,-96.7779,316.2640216,360,11.25974161,1,40,2.973726631,40,2.136463793,16.36993204,,NO,-30,YES,-13.63006796, DOTX6576000,,
EOR, DOTX6576200,Permian Basin - TX, DOTX6576200, TX,-102.03935,31.714809,,32.7666,-96.7779,316.2640216,360,11.25974161,1,40,2.973726631,40,2.136463793,16.36993204,,YES,54,YES,70.36993204, DOTX6576200,,
EOR, DOTX6576600,Permian Basin - TX, DOTX6576600, TX,-102.03935,31.714809,,32.7666,-96.7779,316.2640216,360,11.25974161,1,40,2.973726631,40,2.136463793,16.36993204,,NO,-39,YES,-22.63006796, DOTX6576600,,
EOR, DOTX6576700,Permian Basin - TX, DOTX6576700, TX,-102.03935,31.714809,,32.7666,-96.7779,316.2640216,360,11.25974161,1,40,2.973726631,40,2.136463793,16.36993204,,NO,-22,YES,-5.630067962, DOTX6576700,,
EOR, DOTX6576800,Permian Basin - TX, DOTX6576800, TX,-102.03935,31.714809,,32.7666,-96.7779,316.2640216,360,11.25974161,1,40,2.973726631,40,2.136463793,16.36993204,,YES,-27,YES,-10.63006796, DOTX6576800,,
EOR, DOTX6576900,Permian Basin - TX, DOTX6576900, TX,-102.03935,31.714809,,32.7666,-96.7779,316.2640216,360,11.25974161,1,40,2.973726631,40,2.136463793,16.36993204,,NO,-66,YES,-49.63006796, DOTX6576900,,
EOR, DOTX6577000,Permian Basin - TX, DOTX6577000, TX,-102.03935,31.714809,,32.7666,-96.7779,316.2640216,360,11.25974161,1,40,2.973726631,40,2.136463793,16.36993204,,YES,100,NO,116.369932, DOTX6577000,,
EOR, DOTX6577100,Permian Basin - TX, DOTX6577100, TX,-102.03935,31.714809,,32.7666,-96.7779,316.2640216,360,11.25974161,1,40,2.973726631,40,2.136463793,16.36993204,,YES,100,NO,116.369932, DOTX6577100,,
EOR, DOTX6578700,Permian Basin - TX, DOTX6578700, TX,-102.03935,31.714809,,32.7666,-96.7779,316.2640216,360,11.25974161,1,40,2.973726631,40,2.136463793,16.36993204,,NO,-50,YES,-33.63006796, DOTX6578700,,
EOR, DOTX6579000,Permian Basin - TX, DOTX6579000, TX,-102.03935,31.714809,,32.7666,-96.7779,316.2640216,360,11.25974161,1,40,2.973726631,40,2.136463793,16.36993204,,YES,88,NO,104.369932, DOTX6579000,,
EOR, DOTX6579200,Permian Basin - TX, DOTX6579200, TX,-102.03935,31.714809,,32.7666,-96.7779,316.2640216,360,11.25974161,1,40,2.973726631,40,2.136463793,16.36993204,,NO,-69,YES,-52.63006796, DOTX6579200,,
EOR, DOTX6579400,Permian Basin - TX, DOTX6579400, TX,-102.03935,31.714809,,32.7666,-96.7779,316.2640216,360,11.25974161,1,40,2.973726631,40,2.136463793,16.36993204,,NO,100,NO,116.369932, DOTX6579400,,
EOR, DOTX6581400,Permian Basin - TX, DOTX6581400, TX,-102.03935,31.714809,,32.7666,-96.7779,316.2640216,360,11.25974161,1,40,2.973726631,40,2.136463793,16.36993204,,NO,-92,YES,-75.63006796, DOTX6581400,,
EOR, DOTX6581500,Permian Basin - TX, DOTX6581500, TX,-102.03935,31.714809,,32.7666,-96.7779,316.2640216,360,11.25974161,1,40,2.973726631,40,2.136463793,16.36993204,,NO,-49,YES,-32.63006796, DOTX6581500,,
EOR, DOTX6582000,Permian Basin - TX, DOTX6582000, TX,-102.03935,31.714809,,32.7666,-96.7779,316.2640216,360,11.25974161,1,40,2.973726631,40,2.136463793,16.36993204,,YES,100,YES,116.369932, DOTX6582000,,
EOR, DOTX6584000,Permian Basin - TX, DOTX6584000, TX,-102.03935,31.714809,,32.7666,-96.7779,316.2640216,360,11.25974161,1,40,2.973726631,40,2.136463793,16.36993204,,NO,100,NO,116.369932, DOTX6584000,,
EOR, DOTX6584100,Permian Basin - TX, DOTX6584100, TX,-102.03935,31.714809,,32.7666,-96.7779,316.2640216,360,11.25974161,1,40,2.973726631,40,2.136463793,16.36993204,,NO,62,NO,78.36993204, DOTX6584100,,
EOR, DOTX6584200,Permian Basin - TX, DOTX6584200, TX,-102.03935,31.714809,,32.7666,-96.7779,316.2640216,360,11.25974161,1,40,2.973726631,40,2.136463793,16.36993204,,NO,100,NO,116.369932, DOTX6584200,,
EOR, DOTX6584300,Permian Basin - TX, DOTX6584300, TX,-102.03935,31.714809,,32.7666,-96.7779,316.2640216,360,11.25974161,1,40,2.973726631,40,2.136463793,16.36993204,,NO,100,NO,116.369932, DOTX6584300,,
EOR, DOTX6584400,Permian Basin - TX, DOTX6584400, TX,-102.03935,31.714809,,32.7666,-96.7779,316.2640216,360,11.25974161,1,40,2.973726631,40,2.136463793,16.36993204,,NO,-49,YES,-32.63006796, DOTX6584400,,
EOR, DOTX6584500,Permian Basin - TX, DOTX6584500, TX,-102.03935,31.714809,,32.7666,-96.7779,316.2640216,360,11.25974161,1,40,2.973726631,40,2.136463793,16.36993204,,YES,93,NO,109.369932, DOTX6584500,,
EOR, DOTX6584600,Permian Basin - TX, DOTX6584600, TX,-102.03935,31.714809,,32.7666,-96.7779,316.2640216,360,11.25974161,1,40,2.973726631,40,2.136463793,16.36993204,,YES,100,NO,116.369932, DOTX6584600,,
EOR, DOTX6584700,Permian Basin - TX, DOTX6584700, TX,-102.03935,31.714809,,32.7666,-96.7779,316.2640216,360,11.25974161,1,40,2.973726631,40,2.136463793,16.36993204,,NO,40,NO,56.36993204, DOTX6584700,,
EOR, DOTX6585100,Permian Basin - TX, DOTX6585100, TX,-102.03935,31.714809,,32.7666,-96.7779,316.2640216,360,11.25974161,1,40,2.973726631,40,2.136463793,16.36993204,,NO,-58,NO,-41.63006796, DOTX6585100,,
EOR, DOTX6585600,Permian Basin - TX, DOTX6585600, TX,-102.03935,31.714809,,32.7666,-96.7779,316.2640216,360,11.25974161,1,40,2.973726631,40,2.136463793,16.36993204,,NO,-48,YES,-31.63006796, DOTX6585600,,
EOR, DOTX6585700,Permian Basin - TX, DOTX6585700, TX,-102.03935,31.714809,,32.7666,-96.7779,316.2640216,360,11.25974161,1,40,2.973726631,40,2.136463793,16.36993204,,YES,-89,YES,-72.63006796, DOTX6585700,,
EOR, DOTX6586300,Permian Basin - TX, DOTX6586300, TX,-102.03935,31.714809,,32.7666,-96.7779,316.2640216,360,11.25974161,1,40,2.973726631,40,2.136463793,16.36993204,,NO,7,YES,23.36993204, DOTX6586300,,
EOR, DOTX6586500,Permian Basin - TX, DOTX6586500, TX,-102.03935,31.714809,,32.7666,-96.7779,316.2640216,360,11.25974161,1,40,2.973726631,40,2.136463793,16.36993204,,YES,62,YES,78.36993204, DOTX6586500,,
EOR, DOTX6586800,Permian Basin - TX, DOTX6586800, TX,-102.03935,31.714809,,32.7666,-96.7779,316.2640216,360,11.25974161,1,40,2.973726631,40,2.136463793,16.36993204,,NO,83,YES,99.36993204, DOTX6586800,,
EOR, DOTX6586900,Permian Basin - TX, DOTX6586900, TX,-102.03935,31.714809,,32.7666,-96.7779,316.2640216,360,11.25974161,1,40,2.973726631,40,2.136463793,16.36993204,,YES,87,YES,103.369932, DOTX6586900,,
EOR, DOTX6587400,Permian Basin - TX, DOTX6587400, TX,-102.03935,31.714809,,32.7666,-96.7779,316.2640216,360,11.25974161,1,40,2.973726631,40,2.136463793,16.36993204,,NO,100,NO,116.369932, DOTX6587400,,
EOR, DOTX6587500,Permian Basin - TX, DOTX6587500, TX,-102.03935,31.714809,,32.7666,-96.7779,316.2640216,360,11.25974161,1,40,2.973726631,40,2.136463793,16.36993204,,YES,100,NO,116.369932, DOTX6587500,,
EOR, DOTX6587800,Permian Basin - TX, DOTX6587800, TX,-102.03935,31.714809,,32.7666,-96.7779,316.2640216,360,11.25974161,1,40,2.973726631,40,2.136463793,16.36993204,,NO,8,NO,24.36993204, DOTX6587800,,
EOR, DOTX6588000,Permian Basin - TX, DOTX6588000, TX,-102.03935,31.714809,,32.7666,-96.7779,316.2640216,360,11.25974161,1,40,2.973726631,40,2.136463793,16.36993204,,NO,11,YES,27.36993204, DOTX6588000,,
EOR, DOTX6588200,Permian Basin - TX, DOTX6588200, TX,-102.03935,31.714809,,32.7666,-96.7779,316.2640216,360,11.25974161,1,40,2.973726631,40,2.136463793,16.36993204,,NO,-26,YES,-9.630067962, DOTX6588200,,
EOR, DOTX6588300,Permian Basin - TX, DOTX6588300, TX,-102.03935,31.714809,,32.7666,-96.7779,316.2640216,360,11.25974161,1,40,2.973726631,40,2.136463793,16.36993204,,NO,100,NO,116.369932, DOTX6588300,,
EOR, DOTX6588500,Permian Basin - TX, DOTX6588500, TX,-102.03935,31.714809,,32.7666,-96.7779,316.2640216,360,11.25974161,1,40,2.973726631,40,2.136463793,16.36993204,,NO,-48,YES,-31.63006796, DOTX6588500,,
EOR, DOTX6588600,Permian Basin - TX, DOTX6588600, TX,-102.03935,31.714809,,32.7666,-96.7779,316.2640216,360,11.25974161,1,40,2.973726631,40,2.136463793,16.36993204,,NO,-89,YES,-72.63006796, DOTX6588600,,
EOR, DOTX6589100,Permian Basin - TX, DOTX6589100, TX,-102.03935,31.714809,,32.7666,-96.7779,316.2640216,360,11.25974161,1,40,2.973726631,40,2.136463793,16.36993204,,NO,69,YES,85.36993204, DOTX6589100,,
EOR, DOTX6589200,Permian Basin - TX, DOTX6589200, TX,-102.03935,31.714809,,32.7666,-96.7779,316.2640216,360,11.25974161,1,40,2.973726631,40,2.136463793,16.36993204,,NO,-45,NO,-28.63006796, DOTX6589200,,
EOR, DOTX6589300,Permian Basin - TX, DOTX6589300, TX,-102.03935,31.714809,,32.7666,-96.7779,316.2640216,360,11.25974161,1,40,2.973726631,40,2.136463793,16.36993204,,NO,-51,YES,-34.63006796, DOTX6589300,,
EOR, DOTX6589400,Permian Basin - TX, DOTX6589400, TX,-102.03935,31.714809,,32.7666,-96.7779,316.2640216,360,11.25974161,1,40,2.973726631,40,2.136463793,16.36993204,,YES,100,NO,116.369932, DOTX6589400,,
EOR, DOTX6589600,Permian Basin - TX, DOTX6589600, TX,-102.03935,31.714809,,32.7666,-96.7779,316.2640216,360,11.25974161,1,40,2.973726631,40,2.136463793,16.36993204,,NO,-31,YES,-14.63006796, DOTX6589600,,
EOR, DOTX6590100,Permian Basin - TX, DOTX6590100, TX,-102.03935,31.714809,,32.7666,-96.7779,316.2640216,360,11.25974161,1,40,2.973726631,40,2.136463793,16.36993204,,NO,-16,YES,0.369932038, DOTX6590100,,
EOR, DOTX6590300,Permian Basin - TX, DOTX6590300, TX,-102.03935,31.714809,,32.7666,-96.7779,316.2640216,360,11.25974161,1,40,2.973726631,40,2.136463793,16.36993204,,NO,100,NO,116.369932, DOTX6590300,,
EOR, DOTX6590900,Permian Basin - TX, DOTX6590900, TX,-102.03935,31.714809,,32.7666,-96.7779,316.2640216,360,11.25974161,1,40,2.973726631,40,2.136463793,16.36993204,,YES,100,YES,116.369932, DOTX6590900,,
EOR, DOTX6591600,Permian Basin - TX, DOTX6591600, TX,-102.03935,31.714809,,32.7666,-96.7779,316.2640216,360,11.25974161,1,40,2.973726631,40,2.136463793,16.36993204,,YES,-40,YES,-23.63006796, DOTX6591600,,
EOR, DOTX6591700,Permian Basin - TX, DOTX6591700, TX,-102.03935,31.714809,,32.7666,-96.7779,316.2640216,360,11.25974161,1,40,2.973726631,40,2.136463793,16.36993204,,NO,-55,YES,-38.63006796, DOTX6591700,,
EOR, DOTX6591900,Permian Basin - TX, DOTX6591900, TX,-102.03935,31.714809,,32.7666,-96.7779,316.2640216,360,11.25974161,1,40,2.973726631,40,2.136463793,16.36993204,,NO,-24,YES,-7.630067962, DOTX6591900,,
EOR, DOTX6592000,Permian Basin - TX, DOTX6592000, TX,-102.03935,31.714809,,32.7666,-96.7779,316.2640216,360,11.25974161,1,40,2.973726631,40,2.136463793,16.36993204,,NO,-32,YES,-15.63006796, DOTX6592000,,
EOR, DOTX6592100,Permian Basin - TX, DOTX6592100, TX,-102.03935,31.714809,,32.7666,-96.7779,316.2640216,360,11.25974161,1,40,2.973726631,40,2.136463793,16.36993204,,NO,100,YES,116.369932, DOTX6592100,,
EOR, DOTX6592200,Permian Basin - TX, DOTX6592200, TX,-102.03935,31.714809,,32.7666,-96.7779,316.2640216,360,11.25974161,1,40,2.973726631,40,2.136463793,16.36993204,,NO,100,YES,116.369932, DOTX6592200,,
EOR, DOTX6592300,Permian Basin - TX, DOTX6592300, TX,-102.03935,31.714809,,32.7666,-96.7779,316.2640216,360,11.25974161,1,40,2.973726631,40,2.136463793,16.36993204,,NO,100,YES,116.369932, DOTX6592300,,
EOR, DOTX6592400,Permian Basin - TX, DOTX6592400, TX,-102.03935,31.714809,,32.7666,-96.7779,316.2640216,360,11.25974161,1,40,2.973726631,40,2.136463793,16.36993204,,NO,14,YES,30.36993204, DOTX6592400,,
EOR, DOTX6593100,Permian Basin - TX, DOTX6593100, TX,-102.03935,31.714809,,32.7666,-96.7779,316.2640216,360,11.25974161,1,40,2.973726631,40,2.136463793,16.36993204,,NO,1,YES,17.36993204, DOTX6593100,,
EOR, DOTX6593200,Permian Basin - TX, DOTX6593200, TX,-102.03935,31.714809,,32.7666,-96.7779,316.2640216,360,11.25974161,1,40,2.973726631,40,2.136463793,16.36993204,,NO,17,YES,33.36993204, DOTX6593200,,
EOR, DOTX6593900,Permian Basin - TX, DOTX6593900, TX,-102.03935,31.714809,,32.7666,-96.7779,316.2640216,360,11.25974161,1,40,2.973726631,40,2.136463793,16.36993204,,NO,100,NO,116.369932, DOTX6593900,,
EOR, DOTX6594100,Permian Basin - TX, DOTX6594100, TX,-102.03935,31.714809,,32.7666,-96.7779,316.2640216,360,11.25974161,1,40,2.973726631,40,2.136463793,16.36993204,,NO,-57,YES,-40.63006796, DOTX6594100,,
EOR, DOTX6594400,Permian Basin - TX, DOTX6594400, TX,-102.03935,31.714809,,32.7666,-96.7779,316.2640216,360,11.25974161,1,40,2.973726631,40,2.136463793,16.36993204,,NO,-24,NO,-7.630067962, DOTX6594400,,
EOR, DOTX6594600,Permian Basin - TX, DOTX6594600, TX,-102.03935,31.714809,,32.7666,-96.7779,316.2640216,360,11.25974161,1,40,2.973726631,40,2.136463793,16.36993204,,NO,100,YES,116.369932, DOTX6594600,,
EOR, DOTX6594800,Permian Basin - TX, DOTX6594800, TX,-102.03935,31.714809,,32.7666,-96.7779,316.2640216,360,11.25974161,1,40,2.973726631,40,2.136463793,16.36993204,,NO,96,NO,112.369932, DOTX6594800,,
EOR, DOTX6595500,Permian Basin - TX, DOTX6595500, TX,-102.03935,31.714809,,32.7666,-96.7779,316.2640216,360,11.25974161,1,40,2.973726631,40,2.136463793,16.36993204,,NO,-88,YES,-71.63006796, DOTX6595500,,
EOR, DOTX6595600,Permian Basin - TX, DOTX6595600, TX,-102.03935,31.714809,,32.7666,-96.7779,316.2640216,360,11.25974161,1,40,2.973726631,40,2.136463793,16.36993204,,NO,-39,YES,-22.63006796, DOTX6595600,,
EOR, DOTX6595700,Permian Basin - TX, DOTX6595700, TX,-102.03935,31.714809,,32.7666,-96.7779,316.2640216,360,11.25974161,1,40,2.973726631,40,2.136463793,16.36993204,,NO,-23,YES,-6.630067962, DOTX6595700,,
EOR, DOTX6595800,Permian Basin - TX, DOTX6595800, TX,-102.03935,31.714809,,32.7666,-96.7779,316.2640216,360,11.25974161,1,40,2.973726631,40,2.136463793,16.36993204,,NO,17,YES,33.36993204, DOTX6595800,,
EOR, DOTX6596100,Permian Basin - TX, DOTX6596100, TX,-102.03935,31.714809,,32.7666,-96.7779,316.2640216,360,11.25974161,1,40,2.973726631,40,2.136463793,16.36993204,,NO,98,NO,114.369932, DOTX6596100,,
EOR, DOTX6596200,Permian Basin - TX, DOTX6596200, TX,-102.03935,31.714809,,32.7666,-96.7779,316.2640216,360,11.25974161,1,40,2.973726631,40,2.136463793,16.36993204,,NO,-52,YES,-35.63006796, DOTX6596200,,
EOR, DOTX6596600,Permian Basin - TX, DOTX6596600, TX,-102.03935,31.714809,,32.7666,-96.7779,316.2640216,360,11.25974161,1,40,2.973726631,40,2.136463793,16.36993204,,YES,51,NO,67.36993204, DOTX6596600,,
EOR, DOTX6596900,Permian Basin - TX, DOTX6596900, TX,-102.03935,31.714809,,32.7666,-96.7779,316.2640216,360,11.25974161,1,40,2.973726631,40,2.136463793,16.36993204,,NO,-59,YES,-42.63006796, DOTX6596900,,
EOR, DOTX6597000,Permian Basin - TX, DOTX6597000, TX,-102.03935,31.714809,,32.7666,-96.7779,316.2640216,360,11.25974161,1,40,2.973726631,40,2.136463793,16.36993204,,NO,-59,YES,-42.63006796, DOTX6597000,,
EOR, DOTX6597200,Permian Basin - TX, DOTX6597200, TX,-102.03935,31.714809,,32.7666,-96.7779,316.2640216,360,11.25974161,1,40,2.973726631,40,2.136463793,16.36993204,,NO,-2,NO,14.36993204, DOTX6597200,,
EOR, DOTX6597700,Permian Basin - TX, DOTX6597700, TX,-102.03935,31.714809,,32.7666,-96.7779,316.2640216,360,11.25974161,1,40,2.973726631,40,2.136463793,16.36993204,,NO,-29,YES,-12.63006796, DOTX6597700,,
EOR, DOTX6598700,Permian Basin - TX, DOTX6598700, TX,-102.03935,31.714809,,32.7666,-96.7779,316.2640216,360,11.25974161,1,40,2.973726631,40,2.136463793,16.36993204,,NO,-69,YES,-52.63006796, DOTX6598700,,
EOR, DOTX6599200,Permian Basin - TX, DOTX6599200, TX,-102.03935,31.714809,,32.7666,-96.7779,316.2640216,360,11.25974161,1,40,2.973726631,40,2.136463793,16.36993204,,YES,39,YES,55.36993204, DOTX6599200,,
EOR, DOTX6599300,Permian Basin - TX, DOTX6599300, TX,-102.03935,31.714809,,32.7666,-96.7779,316.2640216,360,11.25974161,1,40,2.973726631,40,2.136463793,16.36993204,,NO,-13,YES,3.369932038, DOTX6599300,,
EOR, DOTX6599400,Permian Basin - TX, DOTX6599400, TX,-102.03935,31.714809,,32.7666,-96.7779,316.2640216,360,11.25974161,1,40,2.973726631,40,2.136463793,16.36993204,,NO,100,NO,116.369932, DOTX6599400,,
EOR, DOTX6599600,Permian Basin - TX, DOTX6599600, TX,-102.03935,31.714809,,32.7666,-96.7779,316.2640216,360,11.25974161,1,40,2.973726631,40,2.136463793,16.36993204,,NO,-29,YES,-12.63006796, DOTX6599600,,
EOR, DOTX6600000,Permian Basin - TX, DOTX6600000, TX,-102.03935,31.714809,,32.7666,-96.7779,316.2640216,360,11.25974161,1,40,2.973726631,40,2.136463793,16.36993204,,NO,-33,YES,-16.63006796, DOTX6600000,,
EOR, DOTX6600100,Permian Basin - TX, DOTX6600100, TX,-102.03935,31.714809,,32.7666,-96.7779,316.2640216,360,11.25974161,1,40,2.973726631,40,2.136463793,16.36993204,,NO,100,NO,116.369932, DOTX6600100,,
EOR, DOTX6600600,Permian Basin - TX, DOTX6600600, TX,-102.03935,31.714809,,32.7666,-96.7779,316.2640216,360,11.25974161,1,40,2.973726631,40,2.136463793,16.36993204,,NO,-16,YES,0.369932038, DOTX6600600,,
EOR, DOTX6600800,Permian Basin - TX, DOTX6600800, TX,-102.03935,31.714809,,32.7666,-96.7779,316.2640216,360,11.25974161,1,40,2.973726631,40,2.136463793,16.36993204,,NO,-47,YES,-30.63006796, DOTX6600800,,
EOR, DOTX6601200,Permian Basin - TX, DOTX6601200, TX,-102.03935,31.714809,,32.7666,-96.7779,316.2640216,360,11.25974161,1,40,2.973726631,40,2.136463793,16.36993204,,NO,100,NO,116.369932, DOTX6601200,,
EOR, DOTX6601300,Permian Basin - TX, DOTX6601300, TX,-102.03935,31.714809,,32.7666,-96.7779,316.2640216,360,11.25974161,1,40,2.973726631,40,2.136463793,16.36993204,,NO,47,YES,63.36993204, DOTX6601300,,
EOR, DOTX6601500,Permian Basin - TX, DOTX6601500, TX,-102.03935,31.714809,,32.7666,-96.7779,316.2640216,360,11.25974161,1,40,2.973726631,40,2.136463793,16.36993204,,NO,31,YES,47.36993204, DOTX6601500,,
EOR, DOTX6601900,Permian Basin - TX, DOTX6601900, TX,-102.03935,31.714809,,32.7666,-96.7779,316.2640216,360,11.25974161,1,40,2.973726631,40,2.136463793,16.36993204,,YES,-35,YES,-18.63006796, DOTX6601900,,
EOR, DOTX6602300,Permian Basin - TX, DOTX6602300, TX,-102.03935,31.714809,,32.7666,-96.7779,316.2640216,360,11.25974161,1,40,2.973726631,40,2.136463793,16.36993204,,NO,48,NO,64.36993204, DOTX6602300,,
EOR, DOTX6602900,Permian Basin - TX, DOTX6602900, TX,-102.03935,31.714809,,32.7666,-96.7779,316.2640216,360,11.25974161,1,40,2.973726631,40,2.136463793,16.36993204,,NO,-105,YES,-88.63006796, DOTX6602900,,
EOR, DOTX6603000,Permian Basin - TX, DOTX6603000, TX,-102.03935,31.714809,,32.7666,-96.7779,316.2640216,360,11.25974161,1,40,2.973726631,40,2.136463793,16.36993204,,YES,-30,NO,-13.63006796, DOTX6603000,,
EOR, DOTX6603100,Permian Basin - TX, DOTX6603100, TX,-102.03935,31.714809,,32.7666,-96.7779,316.2640216,360,11.25974161,1,40,2.973726631,40,2.136463793,16.36993204,,NO,-6,NO,10.36993204, DOTX6603100,,
EOR, DOTX6603400,Permian Basin - TX, DOTX6603400, TX,-102.03935,31.714809,,32.7666,-96.7779,316.2640216,360,11.25974161,1,40,2.973726631,40,2.136463793,16.36993204,,NO,100,NO,116.369932, DOTX6603400,,
EOR, DOTX6603700,Permian Basin - TX, DOTX6603700, TX,-102.03935,31.714809,,32.7666,-96.7779,316.2640216,360,11.25974161,1,40,2.973726631,40,2.136463793,16.36993204,,NO,72,YES,88.36993204, DOTX6603700,,
EOR, DOTX6604300,Permian Basin - TX, DOTX6604300, TX,-102.03935,31.714809,,32.7666,-96.7779,316.2640216,360,11.25974161,1,40,2.973726631,40,2.136463793,16.36993204,,NO,-79,YES,-62.63006796, DOTX6604300,,
EOR, DOTX6604700,Permian Basin - TX, DOTX6604700, TX,-102.03935,31.714809,,32.7666,-96.7779,316.2640216,360,11.25974161,1,40,2.973726631,40,2.136463793,16.36993204,,NO,-13,YES,3.369932038, DOTX6604700,,
EOR, DOTX6605000,Permian Basin - TX, DOTX6605000, TX,-102.03935,31.714809,,32.7666,-96.7779,316.2640216,360,11.25974161,1,40,2.973726631,40,2.136463793,16.36993204,,NO,0,YES,16.36993204, DOTX6605000,,
EOR, DOTX6605700,Permian Basin - TX, DOTX6605700, TX,-102.03935,31.714809,,32.7666,-96.7779,316.2640216,360,11.25974161,1,40,2.973726631,40,2.136463793,16.36993204,,YES,100,NO,116.369932, DOTX6605700,,
EOR, DOTX6605800,Permian Basin - TX, DOTX6605800, TX,-102.03935,31.714809,,32.7666,-96.7779,316.2640216,360,11.25974161,1,40,2.973726631,40,2.136463793,16.36993204,,NO,-43,NO,-26.63006796, DOTX6605800,,
EOR, DOTX6606900,Permian Basin - TX, DOTX6606900, TX,-102.03935,31.714809,,32.7666,-96.7779,316.2640216,360,11.25974161,1,40,2.973726631,40,2.136463793,16.36993204,,NO,80,NO,96.36993204, DOTX6606900,,
EOR, DOTX6607000,Permian Basin - TX, DOTX6607000, TX,-102.03935,31.714809,,32.7666,-96.7779,316.2640216,360,11.25974161,1,40,2.973726631,40,2.136463793,16.36993204,,NO,100,NO,116.369932, DOTX6607000,,
EOR, DOTX6607200,Permian Basin - TX, DOTX6607200, TX,-102.03935,31.714809,,32.7666,-96.7779,316.2640216,360,11.25974161,1,40,2.973726631,40,2.136463793,16.36993204,,NO,-6,YES,10.36993204, DOTX6607200,,
EOR, DOTX6607400,Permian Basin - TX, DOTX6607400, TX,-102.03935,31.714809,,32.7666,-96.7779,316.2640216,360,11.25974161,1,40,2.973726631,40,2.136463793,16.36993204,,NO,-35,YES,-18.63006796, DOTX6607400,,
EOR, DOTX6607900,Permian Basin - TX, DOTX6607900, TX,-102.03935,31.714809,,32.7666,-96.7779,316.2640216,360,11.25974161,1,40,2.973726631,40,2.136463793,16.36993204,,NO,100,NO,116.369932, DOTX6607900,,
EOR, DOTX6608100,Permian Basin - TX, DOTX6608100, TX,-102.03935,31.714809,,32.7666,-96.7779,316.2640216,360,11.25974161,1,40,2.973726631,40,2.136463793,16.36993204,,NO,-82,YES,-65.63006796, DOTX6608100,,
EOR, DOTX6609500,Permian Basin - TX, DOTX6609500, TX,-102.03935,31.714809,,32.7666,-96.7779,316.2640216,360,11.25974161,1,40,2.973726631,40,2.136463793,16.36993204,,YES,100,NO,116.369932, DOTX6609500,,
EOR, DOTX6609600,Permian Basin - TX, DOTX6609600, TX,-102.03935,31.714809,,32.7666,-96.7779,316.2640216,360,11.25974161,1,40,2.973726631,40,2.136463793,16.36993204,,NO,100,NO,116.369932, DOTX6609600,,
EOR, DOTX6609700,Permian Basin - TX, DOTX6609700, TX,-102.03935,31.714809,,32.7666,-96.7779,316.2640216,360,11.25974161,1,40,2.973726631,40,2.136463793,16.36993204,,NO,-3,YES,13.36993204, DOTX6609700,,
EOR, DOTX6609800,Permian Basin - TX, DOTX6609800, TX,-102.03935,31.714809,,32.7666,-96.7779,316.2640216,360,11.25974161,1,40,2.973726631,40,2.136463793,16.36993204,,NO,-65,YES,-48.63006796, DOTX6609800,,
EOR, DOTX6609900,Permian Basin - TX, DOTX6609900, TX,-102.03935,31.714809,,32.7666,-96.7779,316.2640216,360,11.25974161,1,40,2.973726631,40,2.136463793,16.36993204,,NO,67,YES,83.36993204, DOTX6609900,,
EOR, DOTX6610000,Permian Basin - TX, DOTX6610000, TX,-102.03935,31.714809,,32.7666,-96.7779,316.2640216,360,11.25974161,1,40,2.973726631,40,2.136463793,16.36993204,,NO,-12,YES,4.369932038, DOTX6610000,,
EOR, DOTX6610800,Permian Basin - TX, DOTX6610800, TX,-102.03935,31.714809,,32.7666,-96.7779,316.2640216,360,11.25974161,1,40,2.973726631,40,2.136463793,16.36993204,,NO,-52,YES,-35.63006796, DOTX6610800,,
EOR, DOTX6611100,Permian Basin - TX, DOTX6611100, TX,-102.03935,31.714809,,32.7666,-96.7779,316.2640216,360,11.25974161,1,40,2.973726631,40,2.136463793,16.36993204,,YES,17,NO,33.36993204, DOTX6611100,,
EOR, DOTX6612100,Permian Basin - TX, DOTX6612100, TX,-102.03935,31.714809,,32.7666,-96.7779,316.2640216,360,11.25974161,1,40,2.973726631,40,2.136463793,16.36993204,,NO,88,NO,104.369932, DOTX6612100,,
EOR, DOTX6612300,Permian Basin - TX, DOTX6612300, TX,-102.03935,31.714809,,32.7666,-96.7779,316.2640216,360,11.25974161,1,40,2.973726631,40,2.136463793,16.36993204,,YES,100,NO,116.369932, DOTX6612300,,
EOR, DOTX6612900,Permian Basin - TX, DOTX6612900, TX,-102.03935,31.714809,,32.7666,-96.7779,316.2640216,360,11.25974161,1,40,2.973726631,40,2.136463793,16.36993204,,NO,51,YES,67.36993204, DOTX6612900,,
EOR, DOTX6614600,Permian Basin - TX, DOTX6614600, TX,-102.03935,31.714809,,32.7666,-96.7779,316.2640216,360,11.25974161,1,40,2.973726631,40,2.136463793,16.36993204,,NO,22,YES,38.36993204, DOTX6614600,,
EOR, DOTX6615100,Permian Basin - TX, DOTX6615100, TX,-102.03935,31.714809,,32.7666,-96.7779,316.2640216,360,11.25974161,1,40,2.973726631,40,2.136463793,16.36993204,,NO,57,NO,73.36993204, DOTX6615100,,
EOR, DOTX6615600,Permian Basin - TX, DOTX6615600, TX,-102.03935,31.714809,,32.7666,-96.7779,316.2640216,360,11.25974161,1,40,2.973726631,40,2.136463793,16.36993204,,NO,-24,YES,-7.630067962, DOTX6615600,,
EOR, DOTX6615700,Permian Basin - TX, DOTX6615700, TX,-102.03935,31.714809,,32.7666,-96.7779,316.2640216,360,11.25974161,1,40,2.973726631,40,2.136463793,16.36993204,,YES,8,YES,24.36993204, DOTX6615700,,
EOR, DOTX6616200,Permian Basin - TX, DOTX6616200, TX,-102.03935,31.714809,,32.7666,-96.7779,316.2640216,360,11.25974161,1,40,2.973726631,40,2.136463793,16.36993204,,NO,10,YES,26.36993204, DOTX6616200,,
EOR, DOTX6617000,Permian Basin - TX, DOTX6617000, TX,-102.03935,31.714809,,32.7666,-96.7779,316.2640216,360,11.25974161,1,40,2.973726631,40,2.136463793,16.36993204,,YES,100,NO,116.369932, DOTX6617000,,
EOR, DOTX6617100,Permian Basin - TX, DOTX6617100, TX,-102.03935,31.714809,,32.7666,-96.7779,316.2640216,360,11.25974161,1,40,2.973726631,40,2.136463793,16.36993204,,YES,100,NO,116.369932, DOTX6617100,,
EOR, DOTX6617600,Permian Basin - TX, DOTX6617600, TX,-102.03935,31.714809,,32.7666,-96.7779,316.2640216,360,11.25974161,1,40,2.973726631,40,2.136463793,16.36993204,,YES,-5,YES,11.36993204, DOTX6617600,,
EOR, DOTX6618300,Permian Basin - TX, DOTX6618300, TX,-102.03935,31.714809,,32.7666,-96.7779,316.2640216,360,11.25974161,1,40,2.973726631,40,2.136463793,16.36993204,,NO,29,YES,45.36993204, DOTX6618300,,
EOR, DOTX6618400,Permian Basin - TX, DOTX6618400, TX,-102.03935,31.714809,,32.7666,-96.7779,316.2640216,360,11.25974161,1,40,2.973726631,40,2.136463793,16.36993204,,YES,100,NO,116.369932, DOTX6618400,,
EOR, DOTX6619400,Permian Basin - TX, DOTX6619400, TX,-102.03935,31.714809,,32.7666,-96.7779,316.2640216,360,11.25974161,1,40,2.973726631,40,2.136463793,16.36993204,,NO,-15,YES,1.369932038, DOTX6619400,,
EOR, DOTX6619700,Permian Basin - TX, DOTX6619700, TX,-102.03935,31.714809,,32.7666,-96.7779,316.2640216,360,11.25974161,1,40,2.973726631,40,2.136463793,16.36993204,,YES,100,NO,116.369932, DOTX6619700,,
EOR, DOTX6619800,Permian Basin - TX, DOTX6619800, TX,-102.03935,31.714809,,32.7666,-96.7779,316.2640216,360,11.25974161,1,40,2.973726631,40,2.136463793,16.36993204,,NO,100,NO,116.369932, DOTX6619800,,
EOR, DOTX6620000,Permian Basin - TX, DOTX6620000, TX,-102.03935,31.714809,,32.7666,-96.7779,316.2640216,360,11.25974161,1,40,2.973726631,40,2.136463793,16.36993204,,NO,100,NO,116.369932, DOTX6620000,,
EOR, DOTX6620100,Permian Basin - TX, DOTX6620100, TX,-102.03935,31.714809,,32.7666,-96.7779,316.2640216,360,11.25974161,1,40,2.973726631,40,2.136463793,16.36993204,,YES,25,NO,41.36993204, DOTX6620100,,
EOR, DOTX6620500,Permian Basin - TX, DOTX6620500, TX,-102.03935,31.714809,,32.7666,-96.7779,316.2640216,360,11.25974161,1,40,2.973726631,40,2.136463793,16.36993204,,NO,-7,YES,9.369932038, DOTX6620500,,
EOR, DOTX6621100,Permian Basin - TX, DOTX6621100, TX,-102.03935,31.714809,,32.7666,-96.7779,316.2640216,360,11.25974161,1,40,2.973726631,40,2.136463793,16.36993204,,YES,88,NO,104.369932, DOTX6621100,,
EOR, DOTX6621800,Permian Basin - TX, DOTX6621800, TX,-102.03935,31.714809,,32.7666,-96.7779,316.2640216,360,11.25974161,1,40,2.973726631,40,2.136463793,16.36993204,,NO,-81,YES,-64.63006796, DOTX6621800,,
EOR, DOTX6622100,Permian Basin - TX, DOTX6622100, TX,-102.03935,31.714809,,32.7666,-96.7779,316.2640216,360,11.25974161,1,40,2.973726631,40,2.136463793,16.36993204,,NO,100,NO,116.369932, DOTX6622100,,
EOR, DOTX6622300,Permian Basin - TX, DOTX6622300, TX,-102.03935,31.714809,,32.7666,-96.7779,316.2640216,360,11.25974161,1,40,2.973726631,40,2.136463793,16.36993204,,NO,3,YES,19.36993204, DOTX6622300,,
EOR, DOTX6622600,Permian Basin - TX, DOTX6622600, TX,-102.03935,31.714809,,32.7666,-96.7779,316.2640216,360,11.25974161,1,40,2.973726631,40,2.136463793,16.36993204,,NO,31,YES,47.36993204, DOTX6622600,,
EOR, DOTX6623300,Permian Basin - TX, DOTX6623300, TX,-102.03935,31.714809,,32.7666,-96.7779,316.2640216,360,11.25974161,1,40,2.973726631,40,2.136463793,16.36993204,,NO,100,NO,116.369932, DOTX6623300,,
EOR, DOTX6624600,Permian Basin - TX, DOTX6624600, TX,-102.03935,31.714809,,32.7666,-96.7779,316.2640216,360,11.25974161,1,40,2.973726631,40,2.136463793,16.36993204,,NO,3,NO,19.36993204, DOTX6624600,,
EOR, DOTX6626400,Permian Basin - TX, DOTX6626400, TX,-102.03935,31.714809,,32.7666,-96.7779,316.2640216,360,11.25974161,1,40,2.973726631,40,2.136463793,16.36993204,,YES,100,NO,116.369932, DOTX6626400,,
EOR, DOTX6626500,Permian Basin - TX, DOTX6626500, TX,-102.03935,31.714809,,32.7666,-96.7779,316.2640216,360,11.25974161,1,40,2.973726631,40,2.136463793,16.36993204,,NO,13,NO,29.36993204, DOTX6626500,,
EOR, DOTX6626800,Permian Basin - TX, DOTX6626800, TX,-102.03935,31.714809,,32.7666,-96.7779,316.2640216,360,11.25974161,1,40,2.973726631,40,2.136463793,16.36993204,,YES,100,NO,116.369932, DOTX6626800,,
EOR, DOTX6627000,Permian Basin - TX, DOTX6627000, TX,-102.03935,31.714809,,32.7666,-96.7779,316.2640216,360,11.25974161,1,40,2.973726631,40,2.136463793,16.36993204,,NO,100,NO,116.369932, DOTX6627000,,
EOR, DOTX6627900,Permian Basin - TX, DOTX6627900, TX,-102.03935,31.714809,,32.7666,-96.7779,316.2640216,360,11.25974161,1,40,2.973726631,40,2.136463793,16.36993204,,NO,100,NO,116.369932, DOTX6627900,,
EOR, DOTX6628100,Permian Basin - TX, DOTX6628100, TX,-102.03935,31.714809,,32.7666,-96.7779,316.2640216,360,11.25974161,1,40,2.973726631,40,2.136463793,16.36993204,,YES,100,NO,116.369932, DOTX6628100,,
EOR, DOTX6628300,Permian Basin - TX, DOTX6628300, TX,-102.03935,31.714809,,32.7666,-96.7779,316.2640216,360,11.25974161,1,40,2.973726631,40,2.136463793,16.36993204,,NO,-61,YES,-44.63006796, DOTX6628300,,
EOR, DOTX6629300,Permian Basin - TX, DOTX6629300, TX,-102.03935,31.714809,,32.7666,-96.7779,316.2640216,360,11.25974161,1,40,2.973726631,40,2.136463793,16.36993204,,NO,-59,YES,-42.63006796, DOTX6629300,,
EOR, DOTX6629400,Permian Basin - TX, DOTX6629400, TX,-102.03935,31.714809,,32.7666,-96.7779,316.2640216,360,11.25974161,1,40,2.973726631,40,2.136463793,16.36993204,,YES,-99,NO,-82.63006796, DOTX6629400,,
EOR, DOTX6630200,Permian Basin - TX, DOTX6630200, TX,-102.03935,31.714809,,32.7666,-96.7779,316.2640216,360,11.25974161,1,40,2.973726631,40,2.136463793,16.36993204,,NO,78,NO,94.36993204, DOTX6630200,,
EOR, DOTX6630600,Permian Basin - TX, DOTX6630600, TX,-102.03935,31.714809,,32.7666,-96.7779,316.2640216,360,11.25974161,1,40,2.973726631,40,2.136463793,16.36993204,,NO,57,NO,73.36993204, DOTX6630600,,
EOR, DOTX6631200,Permian Basin - TX, DOTX6631200, TX,-102.03935,31.714809,,32.7666,-96.7779,316.2640216,360,11.25974161,1,40,2.973726631,40,2.136463793,16.36993204,,NO,100,NO,116.369932, DOTX6631200,,
EOR, DOTX6632600,Permian Basin - TX, DOTX6632600, TX,-102.03935,31.714809,,32.7666,-96.7779,316.2640216,360,11.25974161,1,40,2.973726631,40,2.136463793,16.36993204,,NO,100,NO,116.369932, DOTX6632600,,
EOR, DOTX6633000,Permian Basin - TX, DOTX6633000, TX,-102.03935,31.714809,,32.7666,-96.7779,316.2640216,360,11.25974161,1,40,2.973726631,40,2.136463793,16.36993204,,YES,100,NO,116.369932, DOTX6633000,,
EOR, DOTX6633200,Permian Basin - TX, DOTX6633200, TX,-102.03935,31.714809,,32.7666,-96.7779,316.2640216,360,11.25974161,1,40,2.973726631,40,2.136463793,16.36993204,,NO,-17,NO,-0.630067962, DOTX6633200,,
EOR, DOTX6633900,Permian Basin - TX, DOTX6633900, TX,-102.03935,31.714809,,32.7666,-96.7779,316.2640216,360,11.25974161,1,40,2.973726631,40,2.136463793,16.36993204,,NO,100,NO,116.369932, DOTX6633900,,
EOR, DOTX6634900,Permian Basin - TX, DOTX6634900, TX,-102.03935,31.714809,,32.7666,-96.7779,316.2640216,360,11.25974161,1,40,2.973726631,40,2.136463793,16.36993204,,NO,92,YES,108.369932, DOTX6634900,,
EOR, DOTX6635200,Permian Basin - TX, DOTX6635200, TX,-102.03935,31.714809,,32.7666,-96.7779,316.2640216,360,11.25974161,1,40,2.973726631,40,2.136463793,16.36993204,,NO,100,NO,116.369932, DOTX6635200,,
EOR, DOTX6635900,Permian Basin - TX, DOTX6635900, TX,-102.03935,31.714809,,32.7666,-96.7779,316.2640216,360,11.25974161,1,40,2.973726631,40,2.136463793,16.36993204,,NO,42,YES,58.36993204, DOTX6635900,,
EOR, DOTX6636100,Permian Basin - TX, DOTX6636100, TX,-102.03935,31.714809,,32.7666,-96.7779,316.2640216,360,11.25974161,1,40,2.973726631,40,2.136463793,16.36993204,,YES,28,YES,44.36993204, DOTX6636100,,
EOR, DOTX6636300,Permian Basin - TX, DOTX6636300, TX,-102.03935,31.714809,,32.7666,-96.7779,316.2640216,360,11.25974161,1,40,2.973726631,40,2.136463793,16.36993204,,NO,-18,YES,-1.630067962, DOTX6636300,,
EOR, DOTX6636600,Permian Basin - TX, DOTX6636600, TX,-102.03935,31.714809,,32.7666,-96.7779,316.2640216,360,11.25974161,1,40,2.973726631,40,2.136463793,16.36993204,,YES,100,YES,116.369932, DOTX6636600,,
EOR, DOTX6636800,Permian Basin - TX, DOTX6636800, TX,-102.03935,31.714809,,32.7666,-96.7779,316.2640216,360,11.25974161,1,40,2.973726631,40,2.136463793,16.36993204,,NO,43,YES,59.36993204, DOTX6636800,,
EOR, DOTX6637000,Permian Basin - TX, DOTX6637000, TX,-102.03935,31.714809,,32.7666,-96.7779,316.2640216,360,11.25974161,1,40,2.973726631,40,2.136463793,16.36993204,,NO,27,YES,43.36993204, DOTX6637000,,
EOR, DOTX6637300,Permian Basin - TX, DOTX6637300, TX,-102.03935,31.714809,,32.7666,-96.7779,316.2640216,360,11.25974161,1,40,2.973726631,40,2.136463793,16.36993204,,NO,-20,YES,-3.630067962, DOTX6637300,,
EOR, DOTX6637700,Permian Basin - TX, DOTX6637700, TX,-102.03935,31.714809,,32.7666,-96.7779,316.2640216,360,11.25974161,1,40,2.973726631,40,2.136463793,16.36993204,,NO,-17,NO,-0.630067962, DOTX6637700,,
EOR, DOTX6638100,Permian Basin - TX, DOTX6638100, TX,-102.03935,31.714809,,32.7666,-96.7779,316.2640216,360,11.25974161,1,40,2.973726631,40,2.136463793,16.36993204,,NO,21,YES,37.36993204, DOTX6638100,,
EOR, DOTX6638500,Permian Basin - TX, DOTX6638500, TX,-102.03935,31.714809,,32.7666,-96.7779,316.2640216,360,11.25974161,1,40,2.973726631,40,2.136463793,16.36993204,,NO,30,NO,46.36993204, DOTX6638500,,
EOR, DOTX6639000,Permian Basin - TX, DOTX6639000, TX,-102.03935,31.714809,,32.7666,-96.7779,316.2640216,360,11.25974161,1,40,2.973726631,40,2.136463793,16.36993204,,NO,-103,YES,-86.63006796, DOTX6639000,,
EOR, DOTX6639300,Permian Basin - TX, DOTX6639300, TX,-102.03935,31.714809,,32.7666,-96.7779,316.2640216,360,11.25974161,1,40,2.973726631,40,2.136463793,16.36993204,,NO,-55,YES,-38.63006796, DOTX6639300,,
EOR, DOTX6640000,Permian Basin - TX, DOTX6640000, TX,-102.03935,31.714809,,32.7666,-96.7779,316.2640216,360,11.25974161,1,40,2.973726631,40,2.136463793,16.36993204,,NO,25,NO,41.36993204, DOTX6640000,,
EOR, DOTX6642100,Permian Basin - TX, DOTX6642100, TX,-102.03935,31.714809,,32.7666,-96.7779,316.2640216,360,11.25974161,1,40,2.973726631,40,2.136463793,16.36993204,,YES,100,NO,116.369932, DOTX6642100,,
EOR, DOTX6642300,Permian Basin - TX, DOTX6642300, TX,-102.03935,31.714809,,32.7666,-96.7779,316.2640216,360,11.25974161,1,40,2.973726631,40,2.136463793,16.36993204,,NO,34,YES,50.36993204, DOTX6642300,,
EOR, DOTX6642600,Permian Basin - TX, DOTX6642600, TX,-102.03935,31.714809,,32.7666,-96.7779,316.2640216,360,11.25974161,1,40,2.973726631,40,2.136463793,16.36993204,,YES,100,NO,116.369932, DOTX6642600,,
EOR, DOTX6642900,Permian Basin - TX, DOTX6642900, TX,-102.03935,31.714809,,32.7666,-96.7779,316.2640216,360,11.25974161,1,40,2.973726631,40,2.136463793,16.36993204,,NO,3,YES,19.36993204, DOTX6642900,,
EOR, DOTX6643000,Permian Basin - TX, DOTX6643000, TX,-102.03935,31.714809,,32.7666,-96.7779,316.2640216,360,11.25974161,1,40,2.973726631,40,2.136463793,16.36993204,,NO,55,NO,71.36993204, DOTX6643000,,
EOR, DOTX6643200,Permian Basin - TX, DOTX6643200, TX,-102.03935,31.714809,,32.7666,-96.7779,316.2640216,360,11.25974161,1,40,2.973726631,40,2.136463793,16.36993204,,NO,100,NO,116.369932, DOTX6643200,,
EOR, DOTX6643300,Permian Basin - TX, DOTX6643300, TX,-102.03935,31.714809,,32.7666,-96.7779,316.2640216,360,11.25974161,1,40,2.973726631,40,2.136463793,16.36993204,,YES,100,NO,116.369932, DOTX6643300,,
EOR, DOTX6643900,Permian Basin - TX, DOTX6643900, TX,-102.03935,31.714809,,32.7666,-96.7779,316.2640216,360,11.25974161,1,40,2.973726631,40,2.136463793,16.36993204,,NO,74,NO,90.36993204, DOTX6643900,,
EOR, DOTX6644100,Permian Basin - TX, DOTX6644100, TX,-102.03935,31.714809,,32.7666,-96.7779,316.2640216,360,11.25974161,1,40,2.973726631,40,2.136463793,16.36993204,,NO,100,NO,116.369932, DOTX6644100,,
EOR, DOTX6645300,Permian Basin - TX, DOTX6645300, TX,-102.03935,31.714809,,32.7666,-96.7779,316.2640216,360,11.25974161,1,40,2.973726631,40,2.136463793,16.36993204,,NO,97,NO,113.369932, DOTX6645300,,
EOR, DOTX6645500,Permian Basin - TX, DOTX6645500, TX,-102.03935,31.714809,,32.7666,-96.7779,316.2640216,360,11.25974161,1,40,2.973726631,40,2.136463793,16.36993204,,NO,100,NO,116.369932, DOTX6645500,,
EOR, DOTX6645900,Permian Basin - TX, DOTX6645900, TX,-102.03935,31.714809,,32.7666,-96.7779,316.2640216,360,11.25974161,1,40,2.973726631,40,2.136463793,16.36993204,,NO,100,NO,116.369932, DOTX6645900,,
EOR, DOTX6646100,Permian Basin - TX, DOTX6646100, TX,-102.03935,31.714809,,32.7666,-96.7779,316.2640216,360,11.25974161,1,40,2.973726631,40,2.136463793,16.36993204,,NO,100,NO,116.369932, DOTX6646100,,
EOR, DOTX6647500,Permian Basin - TX, DOTX6647500, TX,-102.03935,31.714809,,32.7666,-96.7779,316.2640216,360,11.25974161,1,40,2.973726631,40,2.136463793,16.36993204,,NO,100,NO,116.369932, DOTX6647500,,
EOR, DOTX6647600,Permian Basin - TX, DOTX6647600, TX,-102.03935,31.714809,,32.7666,-96.7779,316.2640216,360,11.25974161,1,40,2.973726631,40,2.136463793,16.36993204,,NO,100,NO,116.369932, DOTX6647600,,
EOR, DOTX6649100,Permian Basin - TX, DOTX6649100, TX,-102.03935,31.714809,,32.7666,-96.7779,316.2640216,360,11.25974161,1,40,2.973726631,40,2.136463793,16.36993204,,NO,100,NO,116.369932, DOTX6649100,,
EOR, DOTX6649200,Permian Basin - TX, DOTX6649200, TX,-102.03935,31.714809,,32.7666,-96.7779,316.2640216,360,11.25974161,1,40,2.973726631,40,2.136463793,16.36993204,,YES,100,NO,116.369932, DOTX6649200,,
EOR, DOTX6650100,Permian Basin - TX, DOTX6650100, TX,-102.03935,31.714809,,32.7666,-96.7779,316.2640216,360,11.25974161,1,40,2.973726631,40,2.136463793,16.36993204,,NO,22,NO,38.36993204, DOTX6650100,,
EOR, DOTX6650200,Permian Basin - TX, DOTX6650200, TX,-102.03935,31.714809,,32.7666,-96.7779,316.2640216,360,11.25974161,1,40,2.973726631,40,2.136463793,16.36993204,,YES,100,NO,116.369932, DOTX6650200,,
EOR, DOTX6650800,Permian Basin - TX, DOTX6650800, TX,-102.03935,31.714809,,32.7666,-96.7779,316.2640216,360,11.25974161,1,40,2.973726631,40,2.136463793,16.36993204,,NO,100,NO,116.369932, DOTX6650800,,
EOR, DOTX6651000,Permian Basin - TX, DOTX6651000, TX,-102.03935,31.714809,,32.7666,-96.7779,316.2640216,360,11.25974161,1,40,2.973726631,40,2.136463793,16.36993204,,YES,100,NO,116.369932, DOTX6651000,,
EOR, DOTX6651100,Permian Basin - TX, DOTX6651100, TX,-102.03935,31.714809,,32.7666,-96.7779,316.2640216,360,11.25974161,1,40,2.973726631,40,2.136463793,16.36993204,,YES,100,NO,116.369932, DOTX6651100,,
EOR, DOTX6651500,Permian Basin - TX, DOTX6651500, TX,-102.03935,31.714809,,32.7666,-96.7779,316.2640216,360,11.25974161,1,40,2.973726631,40,2.136463793,16.36993204,,YES,93,NO,109.369932, DOTX6651500,,
EOR, DOTX6651700,Permian Basin - TX, DOTX6651700, TX,-102.03935,31.714809,,32.7666,-96.7779,316.2640216,360,11.25974161,1,40,2.973726631,40,2.136463793,16.36993204,,NO,-3,NO,13.36993204, DOTX6651700,,
EOR, DOTX6652500,Permian Basin - TX, DOTX6652500, TX,-102.03935,31.714809,,32.7666,-96.7779,316.2640216,360,11.25974161,1,40,2.973726631,40,2.136463793,16.36993204,,NO,46,NO,62.36993204, DOTX6652500,,
EOR, DOTX6652600,Permian Basin - TX, DOTX6652600, TX,-102.03935,31.714809,,32.7666,-96.7779,316.2640216,360,11.25974161,1,40,2.973726631,40,2.136463793,16.36993204,,NO,11,YES,27.36993204, DOTX6652600,,
EOR, DOTX6653000,Permian Basin - TX, DOTX6653000, TX,-102.03935,31.714809,,32.7666,-96.7779,316.2640216,360,11.25974161,1,40,2.973726631,40,2.136463793,16.36993204,,NO,100,NO,116.369932, DOTX6653000,,
EOR, DOTX6653800,Permian Basin - TX, DOTX6653800, TX,-102.03935,31.714809,,32.7666,-96.7779,316.2640216,360,11.25974161,1,40,2.973726631,40,2.136463793,16.36993204,,NO,16,NO,32.36993204, DOTX6653800,,
EOR, DOTX6654400,Permian Basin - TX, DOTX6654400, TX,-102.03935,31.714809,,32.7666,-96.7779,316.2640216,360,11.25974161,1,40,2.973726631,40,2.136463793,16.36993204,,NO,62,YES,78.36993204, DOTX6654400,,
EOR, DOTX6654800,Permian Basin - TX, DOTX6654800, TX,-102.03935,31.714809,,32.7666,-96.7779,316.2640216,360,11.25974161,1,40,2.973726631,40,2.136463793,16.36993204,,NO,-63,YES,-46.63006796, DOTX6654800,,
EOR, DOTX6655300,Permian Basin - TX, DOTX6655300, TX,-102.03935,31.714809,,32.7666,-96.7779,316.2640216,360,11.25974161,1,40,2.973726631,40,2.136463793,16.36993204,,YES,-33,NO,-16.63006796, DOTX6655300,,
EOR, DOTX6655400,Permian Basin - TX, DOTX6655400, TX,-102.03935,31.714809,,32.7666,-96.7779,316.2640216,360,11.25974161,1,40,2.973726631,40,2.136463793,16.36993204,,NO,-15,YES,1.369932038, DOTX6655400,,
EOR, DOTX6655800,Permian Basin - TX, DOTX6655800, TX,-102.03935,31.714809,,32.7666,-96.7779,316.2640216,360,11.25974161,1,40,2.973726631,40,2.136463793,16.36993204,,NO,100,NO,116.369932, DOTX6655800,,
EOR, DOTX6655900,Permian Basin - TX, DOTX6655900, TX,-102.03935,31.714809,,32.7666,-96.7779,316.2640216,360,11.25974161,1,40,2.973726631,40,2.136463793,16.36993204,,YES,100,NO,116.369932, DOTX6655900,,
EOR, DOTX6656100,Permian Basin - TX, DOTX6656100, TX,-102.03935,31.714809,,32.7666,-96.7779,316.2640216,360,11.25974161,1,40,2.973726631,40,2.136463793,16.36993204,,NO,100,NO,116.369932, DOTX6656100,,
EOR, DOTX6656600,Permian Basin - TX, DOTX6656600, TX,-102.03935,31.714809,,32.7666,-96.7779,316.2640216,360,11.25974161,1,40,2.973726631,40,2.136463793,16.36993204,,NO,-62,YES,-45.63006796, DOTX6656600,,
EOR, DOTX6657700,Permian Basin - TX, DOTX6657700, TX,-102.03935,31.714809,,32.7666,-96.7779,316.2640216,360,11.25974161,1,40,2.973726631,40,2.136463793,16.36993204,,NO,-9,YES,7.369932038, DOTX6657700,,
EOR, DOTX6659000,Permian Basin - TX, DOTX6659000, TX,-102.03935,31.714809,,32.7666,-96.7779,316.2640216,360,11.25974161,1,40,2.973726631,40,2.136463793,16.36993204,,NO,-85,NO,-68.63006796, DOTX6659000,,
EOR, DOTX6659300,Permian Basin - TX, DOTX6659300, TX,-102.03935,31.714809,,32.7666,-96.7779,316.2640216,360,11.25974161,1,40,2.973726631,40,2.136463793,16.36993204,,NO,100,NO,116.369932, DOTX6659300,,
EOR, DOTX6660200,Permian Basin - TX, DOTX6660200, TX,-102.03935,31.714809,,32.7666,-96.7779,316.2640216,360,11.25974161,1,40,2.973726631,40,2.136463793,16.36993204,,NO,100,NO,116.369932, DOTX6660200,,
EOR, DOTX6661300,Permian Basin - TX, DOTX6661300, TX,-102.03935,31.714809,,32.7666,-96.7779,316.2640216,360,11.25974161,1,40,2.973726631,40,2.136463793,16.36993204,,NO,-85,NO,-68.63006796, DOTX6661300,,
EOR, DOTX6661600,Permian Basin - TX, DOTX6661600, TX,-102.03935,31.714809,,32.7666,-96.7779,316.2640216,360,11.25974161,1,40,2.973726631,40,2.136463793,16.36993204,,NO,-26,YES,-9.630067962, DOTX6661600,,
EOR, DOTX6661700,Permian Basin - TX, DOTX6661700, TX,-102.03935,31.714809,,32.7666,-96.7779,316.2640216,360,11.25974161,1,40,2.973726631,40,2.136463793,16.36993204,,NO,46,YES,62.36993204, DOTX6661700,,
EOR, DOTX6662100,Permian Basin - TX, DOTX6662100, TX,-102.03935,31.714809,,32.7666,-96.7779,316.2640216,360,11.25974161,1,40,2.973726631,40,2.136463793,16.36993204,,YES,88,YES,104.369932, DOTX6662100,,
EOR, DOTX6662500,Permian Basin - TX, DOTX6662500, TX,-102.03935,31.714809,,32.7666,-96.7779,316.2640216,360,11.25974161,1,40,2.973726631,40,2.136463793,16.36993204,,YES,-7,YES,9.369932038, DOTX6662500,,
EOR, DOTX6662600,Permian Basin - TX, DOTX6662600, TX,-102.03935,31.714809,,32.7666,-96.7779,316.2640216,360,11.25974161,1,40,2.973726631,40,2.136463793,16.36993204,,YES,100,NO,116.369932, DOTX6662600,,
EOR, DOTX6664500,Permian Basin - TX, DOTX6664500, TX,-102.03935,31.714809,,32.7666,-96.7779,316.2640216,360,11.25974161,1,40,2.973726631,40,2.136463793,16.36993204,,NO,22,NO,38.36993204, DOTX6664500,,
EOR, DOTX6665300,Permian Basin - TX, DOTX6665300, TX,-102.03935,31.714809,,32.7666,-96.7779,316.2640216,360,11.25974161,1,40,2.973726631,40,2.136463793,16.36993204,,NO,51,NO,67.36993204, DOTX6665300,,
EOR, DOTX6665400,Permian Basin - TX, DOTX6665400, TX,-102.03935,31.714809,,32.7666,-96.7779,316.2640216,360,11.25974161,1,40,2.973726631,40,2.136463793,16.36993204,,NO,27,YES,43.36993204, DOTX6665400,,
EOR, DOTX6665900,Permian Basin - TX, DOTX6665900, TX,-102.03935,31.714809,,32.7666,-96.7779,316.2640216,360,11.25974161,1,40,2.973726631,40,2.136463793,16.36993204,,NO,-86,YES,-69.63006796, DOTX6665900,,
EOR, DOTX6666200,Permian Basin - TX, DOTX6666200, TX,-102.03935,31.714809,,32.7666,-96.7779,316.2640216,360,11.25974161,1,40,2.973726631,40,2.136463793,16.36993204,,NO,-25,NO,-8.630067962, DOTX6666200,,
EOR, DOTX6666700,Permian Basin - TX, DOTX6666700, TX,-102.03935,31.714809,,32.7666,-96.7779,316.2640216,360,11.25974161,1,40,2.973726631,40,2.136463793,16.36993204,,NO,-79,YES,-62.63006796, DOTX6666700,,
EOR, DOTX6667800,Permian Basin - TX, DOTX6667800, TX,-102.03935,31.714809,,32.7666,-96.7779,316.2640216,360,11.25974161,1,40,2.973726631,40,2.136463793,16.36993204,,YES,100,NO,116.369932, DOTX6667800,,
EOR, DOTX6669200,Permian Basin - TX, DOTX6669200, TX,-102.03935,31.714809,,32.7666,-96.7779,316.2640216,360,11.25974161,1,40,2.973726631,40,2.136463793,16.36993204,,YES,100,NO,116.369932, DOTX6669200,,
EOR, DOTX6669700,Permian Basin - TX, DOTX6669700, TX,-102.03935,31.714809,,32.7666,-96.7779,316.2640216,360,11.25974161,1,40,2.973726631,40,2.136463793,16.36993204,,NO,-25,YES,-8.630067962, DOTX6669700,,
EOR, DOTX6671100,Permian Basin - TX, DOTX6671100, TX,-102.03935,31.714809,,32.7666,-96.7779,316.2640216,360,11.25974161,1,40,2.973726631,40,2.136463793,16.36993204,,NO,-37,NO,-20.63006796, DOTX6671100,,
EOR, DOTX6671300,Permian Basin - TX, DOTX6671300, TX,-102.03935,31.714809,,32.7666,-96.7779,316.2640216,360,11.25974161,1,40,2.973726631,40,2.136463793,16.36993204,,NO,100,NO,116.369932, DOTX6671300,,
EOR, DOTX6671700,Permian Basin - TX, DOTX6671700, TX,-102.03935,31.714809,,32.7666,-96.7779,316.2640216,360,11.25974161,1,40,2.973726631,40,2.136463793,16.36993204,,NO,100,NO,116.369932, DOTX6671700,,
EOR, DOTX6671900,Permian Basin - TX, DOTX6671900, TX,-102.03935,31.714809,,32.7666,-96.7779,316.2640216,360,11.25974161,1,40,2.973726631,40,2.136463793,16.36993204,,NO,20,YES,36.36993204, DOTX6671900,,
EOR, DOTX6672100,Permian Basin - TX, DOTX6672100, TX,-102.03935,31.714809,,32.7666,-96.7779,316.2640216,360,11.25974161,1,40,2.973726631,40,2.136463793,16.36993204,,NO,100,NO,116.369932, DOTX6672100,,
EOR, DOTX6672400,Permian Basin - TX, DOTX6672400, TX,-102.03935,31.714809,,32.7666,-96.7779,316.2640216,360,11.25974161,1,40,2.973726631,40,2.136463793,16.36993204,,YES,12,NO,28.36993204, DOTX6672400,,
EOR, DOTX6672600,Permian Basin - TX, DOTX6672600, TX,-102.03935,31.714809,,32.7666,-96.7779,316.2640216,360,11.25974161,1,40,2.973726631,40,2.136463793,16.36993204,,NO,83,NO,99.36993204, DOTX6672600,,
EOR, DOTX6673200,Permian Basin - TX, DOTX6673200, TX,-102.03935,31.714809,,32.7666,-96.7779,316.2640216,360,11.25974161,1,40,2.973726631,40,2.136463793,16.36993204,,YES,100,NO,116.369932, DOTX6673200,,
EOR, DOTX6673400,Permian Basin - TX, DOTX6673400, TX,-102.03935,31.714809,,32.7666,-96.7779,316.2640216,360,11.25974161,1,40,2.973726631,40,2.136463793,16.36993204,,NO,-48,NO,-31.63006796, DOTX6673400,,
EOR, DOTX6673900,Permian Basin - TX, DOTX6673900, TX,-102.03935,31.714809,,32.7666,-96.7779,316.2640216,360,11.25974161,1,40,2.973726631,40,2.136463793,16.36993204,,YES,100,NO,116.369932, DOTX6673900,,
EOR, DOTX6675300,Permian Basin - TX, DOTX6675300, TX,-102.03935,31.714809,,32.7666,-96.7779,316.2640216,360,11.25974161,1,40,2.973726631,40,2.136463793,16.36993204,,NO,58,NO,74.36993204, DOTX6675300,,
EOR, DOTX6675400,Permian Basin - TX, DOTX6675400, TX,-102.03935,31.714809,,32.7666,-96.7779,316.2640216,360,11.25974161,1,40,2.973726631,40,2.136463793,16.36993204,,NO,-54,YES,-37.63006796, DOTX6675400,,
EOR, DOTX6675800,Permian Basin - TX, DOTX6675800, TX,-102.03935,31.714809,,32.7666,-96.7779,316.2640216,360,11.25974161,1,40,2.973726631,40,2.136463793,16.36993204,,NO,-19,YES,-2.630067962, DOTX6675800,,
EOR, DOTX6676600,Permian Basin - TX, DOTX6676600, TX,-102.03935,31.714809,,32.7666,-96.7779,316.2640216,360,11.25974161,1,40,2.973726631,40,2.136463793,16.36993204,,NO,100,NO,116.369932, DOTX6676600,,
EOR, DOTX6677600,Permian Basin - TX, DOTX6677600, TX,-102.03935,31.714809,,32.7666,-96.7779,316.2640216,360,11.25974161,1,40,2.973726631,40,2.136463793,16.36993204,,NO,100,NO,116.369932, DOTX6677600,,
EOR, DOTX6678100,Permian Basin - TX, DOTX6678100, TX,-102.03935,31.714809,,32.7666,-96.7779,316.2640216,360,11.25974161,1,40,2.973726631,40,2.136463793,16.36993204,,NO,100,NO,116.369932, DOTX6678100,,
EOR, DOTX6679000,Permian Basin - TX, DOTX6679000, TX,-102.03935,31.714809,,32.7666,-96.7779,316.2640216,360,11.25974161,1,40,2.973726631,40,2.136463793,16.36993204,,NO,100,NO,116.369932, DOTX6679000,,
EOR, DOTX6679100,Permian Basin - TX, DOTX6679100, TX,-102.03935,31.714809,,32.7666,-96.7779,316.2640216,360,11.25974161,1,40,2.973726631,40,2.136463793,16.36993204,,NO,100,NO,116.369932, DOTX6679100,,
EOR, DOTX6679900,Permian Basin - TX, DOTX6679900, TX,-102.03935,31.714809,,32.7666,-96.7779,316.2640216,360,11.25974161,1,40,2.973726631,40,2.136463793,16.36993204,,NO,100,NO,116.369932, DOTX6679900,,
EOR, DOTX6681000,Permian Basin - TX, DOTX6681000, TX,-102.03935,31.714809,,32.7666,-96.7779,316.2640216,360,11.25974161,1,40,2.973726631,40,2.136463793,16.36993204,,NO,-46,YES,-29.63006796, DOTX6681000,,
EOR, DOTX6681500,Permian Basin - TX, DOTX6681500, TX,-102.03935,31.714809,,32.7666,-96.7779,316.2640216,360,11.25974161,1,40,2.973726631,40,2.136463793,16.36993204,,NO,-22,NO,-5.630067962, DOTX6681500,,
EOR, DOTX6684100,Permian Basin - TX, DOTX6684100, TX,-102.03935,31.714809,,32.7666,-96.7779,316.2640216,360,11.25974161,1,40,2.973726631,40,2.136463793,16.36993204,,NO,-46,YES,-29.63006796, DOTX6684100,,
EOR, DOTX6685000,Permian Basin - TX, DOTX6685000, TX,-102.03935,31.714809,,32.7666,-96.7779,316.2640216,360,11.25974161,1,40,2.973726631,40,2.136463793,16.36993204,,NO,55,NO,71.36993204, DOTX6685000,,
EOR, DOTX6685200,Permian Basin - TX, DOTX6685200, TX,-102.03935,31.714809,,32.7666,-96.7779,316.2640216,360,11.25974161,1,40,2.973726631,40,2.136463793,16.36993204,,YES,0,NO,16.36993204, DOTX6685200,,
EOR, DOTX6685400,Permian Basin - TX, DOTX6685400, TX,-102.03935,31.714809,,32.7666,-96.7779,316.2640216,360,11.25974161,1,40,2.973726631,40,2.136463793,16.36993204,,NO,56,NO,72.36993204, DOTX6685400,,
EOR, DOTX6686500,Permian Basin - TX, DOTX6686500, TX,-102.03935,31.714809,,32.7666,-96.7779,316.2640216,360,11.25974161,1,40,2.973726631,40,2.136463793,16.36993204,,NO,60,NO,76.36993204, DOTX6686500,,
EOR, DOTX6686800,Permian Basin - TX, DOTX6686800, TX,-102.03935,31.714809,,32.7666,-96.7779,316.2640216,360,11.25974161,1,40,2.973726631,40,2.136463793,16.36993204,,NO,100,NO,116.369932, DOTX6686800,,
EOR, DOTX6687500,Permian Basin - TX, DOTX6687500, TX,-102.03935,31.714809,,32.7666,-96.7779,316.2640216,360,11.25974161,1,40,2.973726631,40,2.136463793,16.36993204,,NO,-89,YES,-72.63006796, DOTX6687500,,
EOR, DOTX6688000,Permian Basin - TX, DOTX6688000, TX,-102.03935,31.714809,,32.7666,-96.7779,316.2640216,360,11.25974161,1,40,2.973726631,40,2.136463793,16.36993204,,NO,100,NO,116.369932, DOTX6688000,,
EOR, DOTX6688500,Permian Basin - TX, DOTX6688500, TX,-102.03935,31.714809,,32.7666,-96.7779,316.2640216,360,11.25974161,1,40,2.973726631,40,2.136463793,16.36993204,,NO,100,NO,116.369932, DOTX6688500,,
EOR, DOTX6689400,Permian Basin - TX, DOTX6689400, TX,-102.03935,31.714809,,32.7666,-96.7779,316.2640216,360,11.25974161,1,40,2.973726631,40,2.136463793,16.36993204,,YES,100,NO,116.369932, DOTX6689400,,
EOR, DOTX6690200,Permian Basin - TX, DOTX6690200, TX,-102.03935,31.714809,,32.7666,-96.7779,316.2640216,360,11.25974161,1,40,2.973726631,40,2.136463793,16.36993204,,NO,-38,YES,-21.63006796, DOTX6690200,,
EOR, DOTX6690500,Permian Basin - TX, DOTX6690500, TX,-102.03935,31.714809,,32.7666,-96.7779,316.2640216,360,11.25974161,1,40,2.973726631,40,2.136463793,16.36993204,,YES,-24,YES,-7.630067962, DOTX6690500,,
EOR, DOTX6690800,Permian Basin - TX, DOTX6690800, TX,-102.03935,31.714809,,32.7666,-96.7779,316.2640216,360,11.25974161,1,40,2.973726631,40,2.136463793,16.36993204,,NO,-7,NO,9.369932038, DOTX6690800,,
EOR, DOTX6692000,Permian Basin - TX, DOTX6692000, TX,-102.03935,31.714809,,32.7666,-96.7779,316.2640216,360,11.25974161,1,40,2.973726631,40,2.136463793,16.36993204,,NO,100,NO,116.369932, DOTX6692000,,
EOR, DOTX6692600,Permian Basin - TX, DOTX6692600, TX,-102.03935,31.714809,,32.7666,-96.7779,316.2640216,360,11.25974161,1,40,2.973726631,40,2.136463793,16.36993204,,NO,3,NO,19.36993204, DOTX6692600,,
EOR, DOTX6693000,Permian Basin - TX, DOTX6693000, TX,-102.03935,31.714809,,32.7666,-96.7779,316.2640216,360,11.25974161,1,40,2.973726631,40,2.136463793,16.36993204,,YES,100,NO,116.369932, DOTX6693000,,
EOR, DOTX6693500,Permian Basin - TX, DOTX6693500, TX,-102.03935,31.714809,,32.7666,-96.7779,316.2640216,360,11.25974161,1,40,2.973726631,40,2.136463793,16.36993204,,NO,89,NO,105.369932, DOTX6693500,,
EOR, DOTX6693600,Permian Basin - TX, DOTX6693600, TX,-102.03935,31.714809,,32.7666,-96.7779,316.2640216,360,11.25974161,1,40,2.973726631,40,2.136463793,16.36993204,,NO,100,NO,116.369932, DOTX6693600,,
EOR, DOTX6696700,Permian Basin - TX, DOTX6696700, TX,-102.03935,31.714809,,32.7666,-96.7779,316.2640216,360,11.25974161,1,40,2.973726631,40,2.136463793,16.36993204,,NO,100,NO,116.369932, DOTX6696700,,
EOR, DOTX6696800,Permian Basin - TX, DOTX6696800, TX,-102.03935,31.714809,,32.7666,-96.7779,316.2640216,360,11.25974161,1,40,2.973726631,40,2.136463793,16.36993204,,YES,100,NO,116.369932, DOTX6696800,,
EOR, DOTX6697300,Permian Basin - TX, DOTX6697300, TX,-102.03935,31.714809,,32.7666,-96.7779,316.2640216,360,11.25974161,1,40,2.973726631,40,2.136463793,16.36993204,,YES,68,NO,84.36993204, DOTX6697300,,
EOR, DOTX6697800,Permian Basin - TX, DOTX6697800, TX,-102.03935,31.714809,,32.7666,-96.7779,316.2640216,360,11.25974161,1,40,2.973726631,40,2.136463793,16.36993204,,NO,100,NO,116.369932, DOTX6697800,,
EOR, DOTX6698400,Permian Basin - TX, DOTX6698400, TX,-102.03935,31.714809,,32.7666,-96.7779,316.2640216,360,11.25974161,1,40,2.973726631,40,2.136463793,16.36993204,,NO,-17,NO,-0.630067962, DOTX6698400,,
EOR, DOTX6698900,Permian Basin - TX, DOTX6698900, TX,-102.03935,31.714809,,32.7666,-96.7779,316.2640216,360,11.25974161,1,40,2.973726631,40,2.136463793,16.36993204,,NO,100,NO,116.369932, DOTX6698900,,
EOR, DOTX6699400,Permian Basin - TX, DOTX6699400, TX,-102.03935,31.714809,,32.7666,-96.7779,316.2640216,360,11.25974161,1,40,2.973726631,40,2.136463793,16.36993204,,NO,98,NO,114.369932, DOTX6699400,,
EOR, DOTX6699900,Permian Basin - TX, DOTX6699900, TX,-102.03935,31.714809,,32.7666,-96.7779,316.2640216,360,11.25974161,1,40,2.973726631,40,2.136463793,16.36993204,,YES,92,NO,108.369932, DOTX6699900,,
EOR, DOTX6700800,Permian Basin - TX, DOTX6700800, TX,-102.03935,31.714809,,32.7666,-96.7779,316.2640216,360,11.25974161,1,40,2.973726631,40,2.136463793,16.36993204,,NO,100,NO,116.369932, DOTX6700800,,
EOR, DOTX6701800,Permian Basin - TX, DOTX6701800, TX,-102.03935,31.714809,,32.7666,-96.7779,316.2640216,360,11.25974161,1,40,2.973726631,40,2.136463793,16.36993204,,YES,-60,NO,-43.63006796, DOTX6701800,,
EOR, DOTX6702700,Permian Basin - TX, DOTX6702700, TX,-102.03935,31.714809,,32.7666,-96.7779,316.2640216,360,11.25974161,1,40,2.973726631,40,2.136463793,16.36993204,,NO,-104,YES,-87.63006796, DOTX6702700,,
EOR, DOTX6703400,Permian Basin - TX, DOTX6703400, TX,-102.03935,31.714809,,32.7666,-96.7779,316.2640216,360,11.25974161,1,40,2.973726631,40,2.136463793,16.36993204,,YES,100,NO,116.369932, DOTX6703400,,
EOR, DOTX6705900,Permian Basin - TX, DOTX6705900, TX,-102.03935,31.714809,,32.7666,-96.7779,316.2640216,360,11.25974161,1,40,2.973726631,40,2.136463793,16.36993204,,NO,100,NO,116.369932, DOTX6705900,,
EOR, DOTX6706500,Permian Basin - TX, DOTX6706500, TX,-102.03935,31.714809,,32.7666,-96.7779,316.2640216,360,11.25974161,1,40,2.973726631,40,2.136463793,16.36993204,,YES,100,NO,116.369932, DOTX6706500,,
EOR, DOTX6706700,Permian Basin - TX, DOTX6706700, TX,-102.03935,31.714809,,32.7666,-96.7779,316.2640216,360,11.25974161,1,40,2.973726631,40,2.136463793,16.36993204,,NO,73,NO,89.36993204, DOTX6706700,,
EOR, DOTX6706800,Permian Basin - TX, DOTX6706800, TX,-102.03935,31.714809,,32.7666,-96.7779,316.2640216,360,11.25974161,1,40,2.973726631,40,2.136463793,16.36993204,,NO,-48,YES,-31.63006796, DOTX6706800,,
EOR, DOTX6706900,Permian Basin - TX, DOTX6706900, TX,-102.03935,31.714809,,32.7666,-96.7779,316.2640216,360,11.25974161,1,40,2.973726631,40,2.136463793,16.36993204,,YES,100,NO,116.369932, DOTX6706900,,
EOR, DOTX6707100,Permian Basin - TX, DOTX6707100, TX,-102.03935,31.714809,,32.7666,-96.7779,316.2640216,360,11.25974161,1,40,2.973726631,40,2.136463793,16.36993204,,NO,-46,NO,-29.63006796, DOTX6707100,,
EOR, DOTX6707500,Permian Basin - TX, DOTX6707500, TX,-102.03935,31.714809,,32.7666,-96.7779,316.2640216,360,11.25974161,1,40,2.973726631,40,2.136463793,16.36993204,,NO,-20,YES,-3.630067962, DOTX6707500,,
EOR, DOTX6707600,Permian Basin - TX, DOTX6707600, TX,-102.03935,31.714809,,32.7666,-96.7779,316.2640216,360,11.25974161,1,40,2.973726631,40,2.136463793,16.36993204,,NO,100,NO,116.369932, DOTX6707600,,
EOR, DOTX6707700,Permian Basin - TX, DOTX6707700, TX,-102.03935,31.714809,,32.7666,-96.7779,316.2640216,360,11.25974161,1,40,2.973726631,40,2.136463793,16.36993204,,NO,100,NO,116.369932, DOTX6707700,,
EOR, DOTX6708300,Permian Basin - TX, DOTX6708300, TX,-102.03935,31.714809,,32.7666,-96.7779,316.2640216,360,11.25974161,1,40,2.973726631,40,2.136463793,16.36993204,,NO,0,YES,16.36993204, DOTX6708300,,
EOR, DOTX6708700,Permian Basin - TX, DOTX6708700, TX,-102.03935,31.714809,,32.7666,-96.7779,316.2640216,360,11.25974161,1,40,2.973726631,40,2.136463793,16.36993204,,YES,100,NO,116.369932, DOTX6708700,,
EOR, DOTX6709000,Permian Basin - TX, DOTX6709000, TX,-102.03935,31.714809,,32.7666,-96.7779,316.2640216,360,11.25974161,1,40,2.973726631,40,2.136463793,16.36993204,,NO,-88,YES,-71.63006796, DOTX6709000,,
EOR, DOTX6710900,Permian Basin - TX, DOTX6710900, TX,-102.03935,31.714809,,32.7666,-96.7779,316.2640216,360,11.25974161,1,40,2.973726631,40,2.136463793,16.36993204,,NO,100,NO,116.369932, DOTX6710900,,
EOR, DOTX6711300,Permian Basin - TX, DOTX6711300, TX,-102.03935,31.714809,,32.7666,-96.7779,316.2640216,360,11.25974161,1,40,2.973726631,40,2.136463793,16.36993204,,NO,100,NO,116.369932, DOTX6711300,,
EOR, DOTX6711800,Permian Basin - TX, DOTX6711800, TX,-102.03935,31.714809,,32.7666,-96.7779,316.2640216,360,11.25974161,1,40,2.973726631,40,2.136463793,16.36993204,,NO,-28,NO,-11.63006796, DOTX6711800,,
EOR, DOTX6712600,Permian Basin - TX, DOTX6712600, TX,-102.03935,31.714809,,32.7666,-96.7779,316.2640216,360,11.25974161,1,40,2.973726631,40,2.136463793,16.36993204,,NO,-46,NO,-29.63006796, DOTX6712600,,
EOR, DOTX6712700,Permian Basin - TX, DOTX6712700, TX,-102.03935,31.714809,,32.7666,-96.7779,316.2640216,360,11.25974161,1,40,2.973726631,40,2.136463793,16.36993204,,NO,-27,YES,-10.63006796, DOTX6712700,,
EOR, DOTX6713500,Permian Basin - TX, DOTX6713500, TX,-102.03935,31.714809,,32.7666,-96.7779,316.2640216,360,11.25974161,1,40,2.973726631,40,2.136463793,16.36993204,,NO,-29,NO,-12.63006796, DOTX6713500,,
EOR, DOTX6714200,Permian Basin - TX, DOTX6714200, TX,-102.03935,31.714809,,32.7666,-96.7779,316.2640216,360,11.25974161,1,40,2.973726631,40,2.136463793,16.36993204,,NO,-29,NO,-12.63006796, DOTX6714200,,
EOR, DOTX6714400,Permian Basin - TX, DOTX6714400, TX,-102.03935,31.714809,,32.7666,-96.7779,316.2640216,360,11.25974161,1,40,2.973726631,40,2.136463793,16.36993204,,NO,-37,NO,-20.63006796, DOTX6714400,,
EOR, DOTX6714600,Permian Basin - TX, DOTX6714600, TX,-102.03935,31.714809,,32.7666,-96.7779,316.2640216,360,11.25974161,1,40,2.973726631,40,2.136463793,16.36993204,,NO,-42,NO,-25.63006796, DOTX6714600,,
EOR, DOTX6714700,Permian Basin - TX, DOTX6714700, TX,-102.03935,31.714809,,32.7666,-96.7779,316.2640216,360,11.25974161,1,40,2.973726631,40,2.136463793,16.36993204,,YES,18,NO,34.36993204, DOTX6714700,,
EOR, DOTX6715400,Permian Basin - TX, DOTX6715400, TX,-102.03935,31.714809,,32.7666,-96.7779,316.2640216,360,11.25974161,1,40,2.973726631,40,2.136463793,16.36993204,,NO,100,NO,116.369932, DOTX6715400,,
EOR, DOTX6715600,Permian Basin - TX, DOTX6715600, TX,-102.03935,31.714809,,32.7666,-96.7779,316.2640216,360,11.25974161,1,40,2.973726631,40,2.136463793,16.36993204,,NO,-42,YES,-25.63006796, DOTX6715600,,
EOR, DOTX6717700,Permian Basin - TX, DOTX6717700, TX,-102.03935,31.714809,,32.7666,-96.7779,316.2640216,360,11.25974161,1,40,2.973726631,40,2.136463793,16.36993204,,NO,-60,YES,-43.63006796, DOTX6717700,,
EOR, DOTX6718500,Permian Basin - TX, DOTX6718500, TX,-102.03935,31.714809,,32.7666,-96.7779,316.2640216,360,11.25974161,1,40,2.973726631,40,2.136463793,16.36993204,,NO,100,NO,116.369932, DOTX6718500,,
EOR, DOTX6718800,Permian Basin - TX, DOTX6718800, TX,-102.03935,31.714809,,32.7666,-96.7779,316.2640216,360,11.25974161,1,40,2.973726631,40,2.136463793,16.36993204,,NO,100,YES,116.369932, DOTX6718800,,
EOR, DOTX6721500,Permian Basin - TX, DOTX6721500, TX,-102.03935,31.714809,,32.7666,-96.7779,316.2640216,360,11.25974161,1,40,2.973726631,40,2.136463793,16.36993204,,YES,100,NO,116.369932, DOTX6721500,,
EOR, DOTX6723400,Permian Basin - TX, DOTX6723400, TX,-102.03935,31.714809,,32.7666,-96.7779,316.2640216,360,11.25974161,1,40,2.973726631,40,2.136463793,16.36993204,,NO,25,NO,41.36993204, DOTX6723400,,
EOR, DOTX6725500,Permian Basin - TX, DOTX6725500, TX,-102.03935,31.714809,,32.7666,-96.7779,316.2640216,360,11.25974161,1,40,2.973726631,40,2.136463793,16.36993204,,YES,-13,NO,3.369932038, DOTX6725500,,
EOR, DOTX6726300,Permian Basin - TX, DOTX6726300, TX,-102.03935,31.714809,,32.7666,-96.7779,316.2640216,360,11.25974161,1,40,2.973726631,40,2.136463793,16.36993204,,NO,-8,NO,8.369932038, DOTX6726300,,
EOR, DOTX6727000,Permian Basin - TX, DOTX6727000, TX,-102.03935,31.714809,,32.7666,-96.7779,316.2640216,360,11.25974161,1,40,2.973726631,40,2.136463793,16.36993204,,NO,-52,YES,-35.63006796, DOTX6727000,,
EOR, DOTX6729400,Permian Basin - TX, DOTX6729400, TX,-102.03935,31.714809,,32.7666,-96.7779,316.2640216,360,11.25974161,1,40,2.973726631,40,2.136463793,16.36993204,,YES,100,NO,116.369932, DOTX6729400,,
EOR, DOTX6734000,Permian Basin - TX, DOTX6734000, TX,-102.03935,31.714809,,32.7666,-96.7779,316.2640216,360,11.25974161,1,40,2.973726631,40,2.136463793,16.36993204,,NO,-92,YES,-75.63006796, DOTX6734000,,
EOR, DOTX6734100,Permian Basin - TX, DOTX6734100, TX,-102.03935,31.714809,,32.7666,-96.7779,316.2640216,360,11.25974161,1,40,2.973726631,40,2.136463793,16.36993204,,YES,100,NO,116.369932, DOTX6734100,,
EOR, DOTX6734300,Permian Basin - TX, DOTX6734300, TX,-102.03935,31.714809,,32.7666,-96.7779,316.2640216,360,11.25974161,1,40,2.973726631,40,2.136463793,16.36993204,,NO,100,NO,116.369932, DOTX6734300,,
EOR, DOTX6735000,Permian Basin - TX, DOTX6735000, TX,-102.03935,31.714809,,32.7666,-96.7779,316.2640216,360,11.25974161,1,40,2.973726631,40,2.136463793,16.36993204,,NO,-44,NO,-27.63006796, DOTX6735000,,
EOR, DOTX6741800,Permian Basin - TX, DOTX6741800, TX,-102.03935,31.714809,,32.7666,-96.7779,316.2640216,360,11.25974161,1,40,2.973726631,40,2.136463793,16.36993204,,YES,100,NO,116.369932, DOTX6741800,,
EOR, DOMT6769600,Powder River Basin - MT, DOMT6769600, MT,-106.185271,45.677768,,32.7666,-96.7779,1023.832691,1180,#N/A,1,50,4.013087396,50,2.569530778,#N/A,,NO,79,YES,#N/A, DOMT6769600,,
EOR, DOMT6772500,Powder River Basin - MT, DOMT6772500, MT,-106.185271,45.677768,,32.7666,-96.7779,1023.832691,1180,#N/A,1,50,4.013087396,50,2.569530778,#N/A,,NO,100,NO,#N/A, DOMT6772500,,
EOR, DOMT6786800,Powder River Basin - MT, DOMT6786800, MT,-106.185271,45.677768,,32.7666,-96.7779,1023.832691,1180,#N/A,1,50,4.013087396,50,2.569530778,#N/A,,NO,100,NO,#N/A, DOMT6786800,,
EOR, DOWY5323600,Powder River Basin - WY, DOWY5323600, WY,-105.604327,43.856221,,32.7666,-96.7779,903.1357578,1040,#N/A,1,50,4.013087396,50,2.569530778,#N/A,,NO,-52,YES,#N/A, DOWY5323600,,
EOR, DOWY6756600,Powder River Basin - WY, DOWY6756600, WY,-105.604327,43.856221,,32.7666,-96.7779,903.1357578,1040,#N/A,1,50,4.013087396,50,2.569530778,#N/A,,NO,-43,YES,#N/A, DOWY6756600,,
EOR, DOWY6756900,Powder River Basin - WY, DOWY6756900, WY,-105.604327,43.856221,,32.7666,-96.7779,903.1357578,1040,#N/A,1,50,4.013087396,50,2.569530778,#N/A,,NO,100,NO,#N/A, DOWY6756900,,
EOR, DOWY6757000,Powder River Basin - WY, DOWY6757000, WY,-105.604327,43.856221,,32.7666,-96.7779,903.1357578,1040,#N/A,1,50,4.013087396,50,2.569530778,#N/A,,NO,-40,YES,#N/A, DOWY6757000,,
EOR, DOWY6757100,Powder River Basin - WY, DOWY6757100, WY,-105.604327,43.856221,,32.7666,-96.7779,903.1357578,1040,#N/A,1,50,4.013087396,50,2.569530778,#N/A,,NO,100,NO,#N/A, DOWY6757100,,
EOR, DOWY6757200,Powder River Basin - WY, DOWY6757200, WY,-105.604327,43.856221,,32.7666,-96.7779,903.1357578,1040,#N/A,1,50,4.013087396,50,2.569530778,#N/A,,NO,14,YES,#N/A, DOWY6757200,,
EOR, DOWY6757300,Powder River Basin - WY, DOWY6757300, WY,-105.604327,43.856221,,32.7666,-96.7779,903.1357578,1040,#N/A,1,50,4.013087396,50,2.569530778,#N/A,,NO,-69,YES,#N/A, DOWY6757300,,
EOR, DOWY6758000,Powder River Basin - WY, DOWY6758000, WY,-105.604327,43.856221,,32.7666,-96.7779,903.1357578,1040,#N/A,1,50,4.013087396,50,2.569530778,#N/A,,NO,-40,YES,#N/A, DOWY6758000,,
EOR, DOWY6758100,Powder River Basin - WY, DOWY6758100, WY,-105.604327,43.856221,,32.7666,-96.7779,903.1357578,1040,#N/A,1,50,4.013087396,50,2.569530778,#N/A,,YES,100,NO,#N/A, DOWY6758100,,
EOR, DOWY6758200,Powder River Basin - WY, DOWY6758200, WY,-105.604327,43.856221,,32.7666,-96.7779,903.1357578,1040,#N/A,1,50,4.013087396,50,2.569530778,#N/A,,NO,100,YES,#N/A, DOWY6758200,,
EOR, DOWY6758400,Powder River Basin - WY, DOWY6758400, WY,-105.604327,43.856221,,32.7666,-96.7779,903.1357578,1040,#N/A,1,50,4.013087396,50,2.569530778,#N/A,,YES,100,NO,#N/A, DOWY6758400,,
EOR, DOWY6758500,Powder River Basin - WY, DOWY6758500, WY,-105.604327,43.856221,,32.7666,-96.7779,903.1357578,1040,#N/A,1,50,4.013087396,50,2.569530778,#N/A,,YES,100,NO,#N/A, DOWY6758500,,
EOR, DOWY6758600,Powder River Basin - WY, DOWY6758600, WY,-105.604327,43.856221,,32.7666,-96.7779,903.1357578,1040,#N/A,1,50,4.013087396,50,2.569530778,#N/A,,YES,100,YES,#N/A, DOWY6758600,,
EOR, DOWY6758800,Powder River Basin - WY, DOWY6758800, WY,-105.604327,43.856221,,32.7666,-96.7779,903.1357578,1040,#N/A,1,50,4.013087396,50,2.569530778,#N/A,,YES,100,YES,#N/A, DOWY6758800,,
EOR, DOWY6759200,Powder River Basin - WY, DOWY6759200, WY,-105.604327,43.856221,,32.7666,-96.7779,903.1357578,1040,#N/A,1,50,4.013087396,50,2.569530778,#N/A,,NO,-33,YES,#N/A, DOWY6759200,,
EOR, DOWY6759300,Powder River Basin - WY, DOWY6759300, WY,-105.604327,43.856221,,32.7666,-96.7779,903.1357578,1040,#N/A,1,50,4.013087396,50,2.569530778,#N/A,,NO,60,YES,#N/A, DOWY6759300,,
EOR, DOWY6759800,Powder River Basin - WY, DOWY6759800, WY,-105.604327,43.856221,,32.7666,-96.7779,903.1357578,1040,#N/A,1,50,4.013087396,50,2.569530778,#N/A,,YES,100,NO,#N/A, DOWY6759800,,
EOR, DOWY6760000,Powder River Basin - WY, DOWY6760000, WY,-105.604327,43.856221,,32.7666,-96.7779,903.1357578,1040,#N/A,1,50,4.013087396,50,2.569530778,#N/A,,YES,-9,YES,#N/A, DOWY6760000,,
EOR, DOWY6760100,Powder River Basin - WY, DOWY6760100, WY,-105.604327,43.856221,,32.7666,-96.7779,903.1357578,1040,#N/A,1,50,4.013087396,50,2.569530778,#N/A,,NO,56,YES,#N/A, DOWY6760100,,
EOR, DOWY6760200,Powder River Basin - WY, DOWY6760200, WY,-105.604327,43.856221,,32.7666,-96.7779,903.1357578,1040,#N/A,1,50,4.013087396,50,2.569530778,#N/A,,YES,-8,YES,#N/A, DOWY6760200,,
EOR, DOWY6760300,Powder River Basin - WY, DOWY6760300, WY,-105.604327,43.856221,,32.7666,-96.7779,903.1357578,1040,#N/A,1,50,4.013087396,50,2.569530778,#N/A,,YES,6,NO,#N/A, DOWY6760300,,
EOR, DOWY6760400,Powder River Basin - WY, DOWY6760400, WY,-105.604327,43.856221,,32.7666,-96.7779,903.1357578,1040,#N/A,1,50,4.013087396,50,2.569530778,#N/A,,NO,94,NO,#N/A, DOWY6760400,,
EOR, DOWY6760900,Powder River Basin - WY, DOWY6760900, WY,-105.604327,43.856221,,32.7666,-96.7779,903.1357578,1040,#N/A,1,50,4.013087396,50,2.569530778,#N/A,,YES,98,NO,#N/A, DOWY6760900,,
EOR, DOWY6761000,Powder River Basin - WY, DOWY6761000, WY,-105.604327,43.856221,,32.7666,-96.7779,903.1357578,1040,#N/A,1,50,4.013087396,50,2.569530778,#N/A,,NO,-11,YES,#N/A, DOWY6761000,,
EOR, DOWY6761400,Powder River Basin - WY, DOWY6761400, WY,-105.604327,43.856221,,32.7666,-96.7779,903.1357578,1040,#N/A,1,50,4.013087396,50,2.569530778,#N/A,,NO,-27,NO,#N/A, DOWY6761400,,
EOR, DOWY6761600,Powder River Basin - WY, DOWY6761600, WY,-105.604327,43.856221,,32.7666,-96.7779,903.1357578,1040,#N/A,1,50,4.013087396,50,2.569530778,#N/A,,NO,19,NO,#N/A, DOWY6761600,,
EOR, DOWY6761700,Powder River Basin - WY, DOWY6761700, WY,-105.604327,43.856221,,32.7666,-96.7779,903.1357578,1040,#N/A,1,50,4.013087396,50,2.569530778,#N/A,,NO,100,NO,#N/A, DOWY6761700,,
EOR, DOWY6761800,Powder River Basin - WY, DOWY6761800, WY,-105.604327,43.856221,,32.7666,-96.7779,903.1357578,1040,#N/A,1,50,4.013087396,50,2.569530778,#N/A,,NO,-64,YES,#N/A, DOWY6761800,,
EOR, DOWY6761900,Powder River Basin - WY, DOWY6761900, WY,-105.604327,43.856221,,32.7666,-96.7779,903.1357578,1040,#N/A,1,50,4.013087396,50,2.569530778,#N/A,,YES,-1,NO,#N/A, DOWY6761900,,
EOR, DOWY6762000,Powder River Basin - WY, DOWY6762000, WY,-105.604327,43.856221,,32.7666,-96.7779,903.1357578,1040,#N/A,1,50,4.013087396,50,2.569530778,#N/A,,NO,-10,YES,#N/A, DOWY6762000,,
EOR, DOWY6762100,Powder River Basin - WY, DOWY6762100, WY,-105.604327,43.856221,,32.7666,-96.7779,903.1357578,1040,#N/A,1,50,4.013087396,50,2.569530778,#N/A,,YES,-30,YES,#N/A, DOWY6762100,,
EOR, DOWY6762500,Powder River Basin - WY, DOWY6762500, WY,-105.604327,43.856221,,32.7666,-96.7779,903.1357578,1040,#N/A,1,50,4.013087396,50,2.569530778,#N/A,,NO,25,YES,#N/A, DOWY6762500,,
EOR, DOWY6762600,Powder River Basin - WY, DOWY6762600, WY,-105.604327,43.856221,,32.7666,-96.7779,903.1357578,1040,#N/A,1,50,4.013087396,50,2.569530778,#N/A,,NO,100,NO,#N/A, DOWY6762600,,
EOR, DOWY6763000,Powder River Basin - WY, DOWY6763000, WY,-105.604327,43.856221,,32.7666,-96.7779,903.1357578,1040,#N/A,1,50,4.013087396,50,2.569530778,#N/A,,NO,52,NO,#N/A, DOWY6763000,,
EOR, DOWY6763600,Powder River Basin - WY, DOWY6763600, WY,-105.604327,43.856221,,32.7666,-96.7779,903.1357578,1040,#N/A,1,50,4.013087396,50,2.569530778,#N/A,,YES,100,NO,#N/A, DOWY6763600,,
EOR, DOWY6763700,Powder River Basin - WY, DOWY6763700, WY,-105.604327,43.856221,,32.7666,-96.7779,903.1357578,1040,#N/A,1,50,4.013087396,50,2.569530778,#N/A,,NO,53,NO,#N/A, DOWY6763700,,
EOR, DOWY6763800,Powder River Basin - WY, DOWY6763800, WY,-105.604327,43.856221,,32.7666,-96.7779,903.1357578,1040,#N/A,1,50,4.013087396,50,2.569530778,#N/A,,NO,-5,YES,#N/A, DOWY6763800,,
EOR, DOWY6764400,Powder River Basin - WY, DOWY6764400, WY,-105.604327,43.856221,,32.7666,-96.7779,903.1357578,1040,#N/A,1,50,4.013087396,50,2.569530778,#N/A,,NO,10,NO,#N/A, DOWY6764400,,
EOR, DOWY6764900,Powder River Basin - WY, DOWY6764900, WY,-105.604327,43.856221,,32.7666,-96.7779,903.1357578,1040,#N/A,1,50,4.013087396,50,2.569530778,#N/A,,YES,100,NO,#N/A, DOWY6764900,,
EOR, DOWY6765300,Powder River Basin - WY, DOWY6765300, WY,-105.604327,43.856221,,32.7666,-96.7779,903.1357578,1040,#N/A,1,50,4.013087396,50,2.569530778,#N/A,,NO,100,NO,#N/A, DOWY6765300,,
EOR, DOWY6765500,Powder River Basin - WY, DOWY6765500, WY,-105.604327,43.856221,,32.7666,-96.7779,903.1357578,1040,#N/A,1,50,4.013087396,50,2.569530778,#N/A,,NO,81,NO,#N/A, DOWY6765500,,
EOR, DOWY6765800,Powder River Basin - WY, DOWY6765800, WY,-105.604327,43.856221,,32.7666,-96.7779,903.1357578,1040,#N/A,1,50,4.013087396,50,2.569530778,#N/A,,YES,7,NO,#N/A, DOWY6765800,,
EOR, DOWY6766100,Powder River Basin - WY, DOWY6766100, WY,-105.604327,43.856221,,32.7666,-96.7779,903.1357578,1040,#N/A,1,50,4.013087396,50,2.569530778,#N/A,,YES,100,NO,#N/A, DOWY6766100,,
EOR, DOWY6766200,Powder River Basin - WY, DOWY6766200, WY,-105.604327,43.856221,,32.7666,-96.7779,903.1357578,1040,#N/A,1,50,4.013087396,50,2.569530778,#N/A,,YES,100,NO,#N/A, DOWY6766200,,
EOR, DOWY6767100,Powder River Basin - WY, DOWY6767100, WY,-105.604327,43.856221,,32.7666,-96.7779,903.1357578,1040,#N/A,1,50,4.013087396,50,2.569530778,#N/A,,NO,100,NO,#N/A, DOWY6767100,,
EOR, DOWY6767300,Powder River Basin - WY, DOWY6767300, WY,-105.604327,43.856221,,32.7666,-96.7779,903.1357578,1040,#N/A,1,50,4.013087396,50,2.569530778,#N/A,,NO,-13,YES,#N/A, DOWY6767300,,
EOR, DOWY6767600,Powder River Basin - WY, DOWY6767600, WY,-105.604327,43.856221,,32.7666,-96.7779,903.1357578,1040,#N/A,1,50,4.013087396,50,2.569530778,#N/A,,YES,100,NO,#N/A, DOWY6767600,,
EOR, DOWY6768100,Powder River Basin - WY, DOWY6768100, WY,-105.604327,43.856221,,32.7666,-96.7779,903.1357578,1040,#N/A,1,50,4.013087396,50,2.569530778,#N/A,,NO,44,NO,#N/A, DOWY6768100,,
EOR, DOWY6768300,Powder River Basin - WY, DOWY6768300, WY,-105.604327,43.856221,,32.7666,-96.7779,903.1357578,1040,#N/A,1,50,4.013087396,50,2.569530778,#N/A,,NO,86,YES,#N/A, DOWY6768300,,
EOR, DOWY6768600,Powder River Basin - WY, DOWY6768600, WY,-105.604327,43.856221,,32.7666,-96.7779,903.1357578,1040,#N/A,1,50,4.013087396,50,2.569530778,#N/A,,YES,100,NO,#N/A, DOWY6768600,,
EOR, DOWY6769300,Powder River Basin - WY, DOWY6769300, WY,-105.604327,43.856221,,32.7666,-96.7779,903.1357578,1040,#N/A,1,50,4.013087396,50,2.569530778,#N/A,,NO,100,NO,#N/A, DOWY6769300,,
EOR, DOWY6769400,Powder River Basin - WY, DOWY6769400, WY,-105.604327,43.856221,,32.7666,-96.7779,903.1357578,1040,#N/A,1,50,4.013087396,50,2.569530778,#N/A,,YES,88,NO,#N/A, DOWY6769400,,
EOR, DOWY6769500,Powder River Basin - WY, DOWY6769500, WY,-105.604327,43.856221,,32.7666,-96.7779,903.1357578,1040,#N/A,1,50,4.013087396,50,2.569530778,#N/A,,YES,100,NO,#N/A, DOWY6769500,,
EOR, DOWY6769700,Powder River Basin - WY, DOWY6769700, WY,-105.604327,43.856221,,32.7666,-96.7779,903.1357578,1040,#N/A,1,50,4.013087396,50,2.569530778,#N/A,,YES,21,NO,#N/A, DOWY6769700,,
EOR, DOWY6769800,Powder River Basin - WY, DOWY6769800, WY,-105.604327,43.856221,,32.7666,-96.7779,903.1357578,1040,#N/A,1,50,4.013087396,50,2.569530778,#N/A,,NO,-20,NO,#N/A, DOWY6769800,,
EOR, DOWY6770200,Powder River Basin - WY, DOWY6770200, WY,-105.604327,43.856221,,32.7666,-96.7779,903.1357578,1040,#N/A,1,50,4.013087396,50,2.569530778,#N/A,,NO,-44,YES,#N/A, DOWY6770200,,
EOR, DOWY6770300,Powder River Basin - WY, DOWY6770300, WY,-105.604327,43.856221,,32.7666,-96.7779,903.1357578,1040,#N/A,1,50,4.013087396,50,2.569530778,#N/A,,NO,100,NO,#N/A, DOWY6770300,,
EOR, DOWY6770500,Powder River Basin - WY, DOWY6770500, WY,-105.604327,43.856221,,32.7666,-96.7779,903.1357578,1040,#N/A,1,50,4.013087396,50,2.569530778,#N/A,,YES,100,NO,#N/A, DOWY6770500,,
EOR, DOWY6770600,Powder River Basin - WY, DOWY6770600, WY,-105.604327,43.856221,,32.7666,-96.7779,903.1357578,1040,#N/A,1,50,4.013087396,50,2.569530778,#N/A,,NO,100,NO,#N/A, DOWY6770600,,
EOR, DOWY6770800,Powder River Basin - WY, DOWY6770800, WY,-105.604327,43.856221,,32.7666,-96.7779,903.1357578,1040,#N/A,1,50,4.013087396,50,2.569530778,#N/A,,NO,-68,NO,#N/A, DOWY6770800,,
EOR, DOWY6770900,Powder River Basin - WY, DOWY6770900, WY,-105.604327,43.856221,,32.7666,-96.7779,903.1357578,1040,#N/A,1,50,4.013087396,50,2.569530778,#N/A,,NO,47,YES,#N/A, DOWY6770900,,
EOR, DOWY6771000,Powder River Basin - WY, DOWY6771000, WY,-105.604327,43.856221,,32.7666,-96.7779,903.1357578,1040,#N/A,1,50,4.013087396,50,2.569530778,#N/A,,YES,100,NO,#N/A, DOWY6771000,,
EOR, DOWY6771100,Powder River Basin - WY, DOWY6771100, WY,-105.604327,43.856221,,32.7666,-96.7779,903.1357578,1040,#N/A,1,50,4.013087396,50,2.569530778,#N/A,,NO,100,NO,#N/A, DOWY6771100,,
EOR, DOWY6771500,Powder River Basin - WY, DOWY6771500, WY,-105.604327,43.856221,,32.7666,-96.7779,903.1357578,1040,#N/A,1,50,4.013087396,50,2.569530778,#N/A,,NO,-10,NO,#N/A, DOWY6771500,,
EOR, DOWY6771600,Powder River Basin - WY, DOWY6771600, WY,-105.604327,43.856221,,32.7666,-96.7779,903.1357578,1040,#N/A,1,50,4.013087396,50,2.569530778,#N/A,,NO,47,YES,#N/A, DOWY6771600,,
EOR, DOWY6772200,Powder River Basin - WY, DOWY6772200, WY,-105.604327,43.856221,,32.7666,-96.7779,903.1357578,1040,#N/A,1,50,4.013087396,50,2.569530778,#N/A,,NO,100,NO,#N/A, DOWY6772200,,
EOR, DOWY6772300,Powder River Basin - WY, DOWY6772300, WY,-105.604327,43.856221,,32.7666,-96.7779,903.1357578,1040,#N/A,1,50,4.013087396,50,2.569530778,#N/A,,NO,100,NO,#N/A, DOWY6772300,,
EOR, DOWY6772400,Powder River Basin - WY, DOWY6772400, WY,-105.604327,43.856221,,32.7666,-96.7779,903.1357578,1040,#N/A,1,50,4.013087396,50,2.569530778,#N/A,,YES,100,NO,#N/A, DOWY6772400,,
EOR, DOWY6772600,Powder River Basin - WY, DOWY6772600, WY,-105.604327,43.856221,,32.7666,-96.7779,903.1357578,1040,#N/A,1,50,4.013087396,50,2.569530778,#N/A,,NO,60,YES,#N/A, DOWY6772600,,
EOR, DOWY6773200,Powder River Basin - WY, DOWY6773200, WY,-105.604327,43.856221,,32.7666,-96.7779,903.1357578,1040,#N/A,1,50,4.013087396,50,2.569530778,#N/A,,NO,100,NO,#N/A, DOWY6773200,,
EOR, DOWY6773400,Powder River Basin - WY, DOWY6773400, WY,-105.604327,43.856221,,32.7666,-96.7779,903.1357578,1040,#N/A,1,50,4.013087396,50,2.569530778,#N/A,,YES,64,NO,#N/A, DOWY6773400,,
EOR, DOWY6774600,Powder River Basin - WY, DOWY6774600, WY,-105.604327,43.856221,,32.7666,-96.7779,903.1357578,1040,#N/A,1,50,4.013087396,50,2.569530778,#N/A,,YES,-5,YES,#N/A, DOWY6774600,,
EOR, DOWY6775000,Powder River Basin - WY, DOWY6775000, WY,-105.604327,43.856221,,32.7666,-96.7779,903.1357578,1040,#N/A,1,50,4.013087396,50,2.569530778,#N/A,,NO,47,YES,#N/A, DOWY6775000,,
EOR, DOWY6775200,Powder River Basin - WY, DOWY6775200, WY,-105.604327,43.856221,,32.7666,-96.7779,903.1357578,1040,#N/A,1,50,4.013087396,50,2.569530778,#N/A,,NO,100,NO,#N/A, DOWY6775200,,
EOR, DOWY6775600,Powder River Basin - WY, DOWY6775600, WY,-105.604327,43.856221,,32.7666,-96.7779,903.1357578,1040,#N/A,1,50,4.013087396,50,2.569530778,#N/A,,NO,67,NO,#N/A, DOWY6775600,,
EOR, DOWY6776100,Powder River Basin - WY, DOWY6776100, WY,-105.604327,43.856221,,32.7666,-96.7779,903.1357578,1040,#N/A,1,50,4.013087396,50,2.569530778,#N/A,,NO,100,NO,#N/A, DOWY6776100,,
EOR, DOWY6776300,Powder River Basin - WY, DOWY6776300, WY,-105.604327,43.856221,,32.7666,-96.7779,903.1357578,1040,#N/A,1,50,4.013087396,50,2.569530778,#N/A,,NO,100,NO,#N/A, DOWY6776300,,
EOR, DOWY6776400,Powder River Basin - WY, DOWY6776400, WY,-105.604327,43.856221,,32.7666,-96.7779,903.1357578,1040,#N/A,1,50,4.013087396,50,2.569530778,#N/A,,NO,100,NO,#N/A, DOWY6776400,,
EOR, DOWY6777000,Powder River Basin - WY, DOWY6777000, WY,-105.604327,43.856221,,32.7666,-96.7779,903.1357578,1040,#N/A,1,50,4.013087396,50,2.569530778,#N/A,,NO,100,NO,#N/A, DOWY6777000,,
EOR, DOWY6777900,Powder River Basin - WY, DOWY6777900, WY,-105.604327,43.856221,,32.7666,-96.7779,903.1357578,1040,#N/A,1,50,4.013087396,50,2.569530778,#N/A,,NO,48,NO,#N/A, DOWY6777900,,
EOR, DOWY6778100,Powder River Basin - WY, DOWY6778100, WY,-105.604327,43.856221,,32.7666,-96.7779,903.1357578,1040,#N/A,1,50,4.013087396,50,2.569530778,#N/A,,NO,100,NO,#N/A, DOWY6778100,,
EOR, DOWY6778200,Powder River Basin - WY, DOWY6778200, WY,-105.604327,43.856221,,32.7666,-96.7779,903.1357578,1040,#N/A,1,50,4.013087396,50,2.569530778,#N/A,,NO,100,YES,#N/A, DOWY6778200,,
EOR, DOWY6778500,Powder River Basin - WY, DOWY6778500, WY,-105.604327,43.856221,,32.7666,-96.7779,903.1357578,1040,#N/A,1,50,4.013087396,50,2.569530778,#N/A,,NO,100,NO,#N/A, DOWY6778500,,
EOR, DOWY6778800,Powder River Basin - WY, DOWY6778800, WY,-105.604327,43.856221,,32.7666,-96.7779,903.1357578,1040,#N/A,1,50,4.013087396,50,2.569530778,#N/A,,NO,100,NO,#N/A, DOWY6778800,,
EOR, DOWY6778900,Powder River Basin - WY, DOWY6778900, WY,-105.604327,43.856221,,32.7666,-96.7779,903.1357578,1040,#N/A,1,50,4.013087396,50,2.569530778,#N/A,,NO,80,NO,#N/A, DOWY6778900,,
EOR, DOWY6779000,Powder River Basin - WY, DOWY6779000, WY,-105.604327,43.856221,,32.7666,-96.7779,903.1357578,1040,#N/A,1,50,4.013087396,50,2.569530778,#N/A,,NO,100,NO,#N/A, DOWY6779000,,
EOR, DOWY6779400,Powder River Basin - WY, DOWY6779400, WY,-105.604327,43.856221,,32.7666,-96.7779,903.1357578,1040,#N/A,1,50,4.013087396,50,2.569530778,#N/A,,NO,100,NO,#N/A, DOWY6779400,,
EOR, DOWY6779600,Powder River Basin - WY, DOWY6779600, WY,-105.604327,43.856221,,32.7666,-96.7779,903.1357578,1040,#N/A,1,50,4.013087396,50,2.569530778,#N/A,,NO,-56,YES,#N/A, DOWY6779600,,
EOR, DOWY6779700,Powder River Basin - WY, DOWY6779700, WY,-105.604327,43.856221,,32.7666,-96.7779,903.1357578,1040,#N/A,1,50,4.013087396,50,2.569530778,#N/A,,YES,100,NO,#N/A, DOWY6779700,,
EOR, DOWY6780700,Powder River Basin - WY, DOWY6780700, WY,-105.604327,43.856221,,32.7666,-96.7779,903.1357578,1040,#N/A,1,50,4.013087396,50,2.569530778,#N/A,,NO,100,NO,#N/A, DOWY6780700,,
EOR, DOWY6781000,Powder River Basin - WY, DOWY6781000, WY,-105.604327,43.856221,,32.7666,-96.7779,903.1357578,1040,#N/A,1,50,4.013087396,50,2.569530778,#N/A,,NO,100,NO,#N/A, DOWY6781000,,
EOR, DOWY6781600,Powder River Basin - WY, DOWY6781600, WY,-105.604327,43.856221,,32.7666,-96.7779,903.1357578,1040,#N/A,1,50,4.013087396,50,2.569530778,#N/A,,NO,100,NO,#N/A, DOWY6781600,,
EOR, DOWY6782000,Powder River Basin - WY, DOWY6782000, WY,-105.604327,43.856221,,32.7666,-96.7779,903.1357578,1040,#N/A,1,50,4.013087396,50,2.569530778,#N/A,,YES,100,NO,#N/A, DOWY6782000,,
EOR, DOWY6782600,Powder River Basin - WY, DOWY6782600, WY,-105.604327,43.856221,,32.7666,-96.7779,903.1357578,1040,#N/A,1,50,4.013087396,50,2.569530778,#N/A,,NO,100,NO,#N/A, DOWY6782600,,
EOR, DOWY6782800,Powder River Basin - WY, DOWY6782800, WY,-105.604327,43.856221,,32.7666,-96.7779,903.1357578,1040,#N/A,1,50,4.013087396,50,2.569530778,#N/A,,NO,100,NO,#N/A, DOWY6782800,,
EOR, DOWY6783100,Powder River Basin - WY, DOWY6783100, WY,-105.604327,43.856221,,32.7666,-96.7779,903.1357578,1040,#N/A,1,50,4.013087396,50,2.569530778,#N/A,,NO,100,NO,#N/A, DOWY6783100,,
EOR, DOWY6783200,Powder River Basin - WY, DOWY6783200, WY,-105.604327,43.856221,,32.7666,-96.7779,903.1357578,1040,#N/A,1,50,4.013087396,50,2.569530778,#N/A,,YES,100,NO,#N/A, DOWY6783200,,
EOR, DOWY6783400,Powder River Basin - WY, DOWY6783400, WY,-105.604327,43.856221,,32.7666,-96.7779,903.1357578,1040,#N/A,1,50,4.013087396,50,2.569530778,#N/A,,NO,70,NO,#N/A, DOWY6783400,,
EOR, DOWY6783600,Powder River Basin - WY, DOWY6783600, WY,-105.604327,43.856221,,32.7666,-96.7779,903.1357578,1040,#N/A,1,50,4.013087396,50,2.569530778,#N/A,,NO,100,NO,#N/A, DOWY6783600,,
EOR, DOWY6783800,Powder River Basin - WY, DOWY6783800, WY,-105.604327,43.856221,,32.7666,-96.7779,903.1357578,1040,#N/A,1,50,4.013087396,50,2.569530778,#N/A,,NO,100,NO,#N/A, DOWY6783800,,
EOR, DOWY6784000,Powder River Basin - WY, DOWY6784000, WY,-105.604327,43.856221,,32.7666,-96.7779,903.1357578,1040,#N/A,1,50,4.013087396,50,2.569530778,#N/A,,YES,100,NO,#N/A, DOWY6784000,,
EOR, DOWY6784100,Powder River Basin - WY, DOWY6784100, WY,-105.604327,43.856221,,32.7666,-96.7779,903.1357578,1040,#N/A,1,50,4.013087396,50,2.569530778,#N/A,,NO,100,NO,#N/A, DOWY6784100,,
EOR, DOWY6784500,Powder River Basin - WY, DOWY6784500, WY,-105.604327,43.856221,,32.7666,-96.7779,903.1357578,1040,#N/A,1,50,4.013087396,50,2.569530778,#N/A,,NO,99,NO,#N/A, DOWY6784500,,
EOR, DOWY6784600,Powder River Basin - WY, DOWY6784600, WY,-105.604327,43.856221,,32.7666,-96.7779,903.1357578,1040,#N/A,1,50,4.013087396,50,2.569530778,#N/A,,NO,84,NO,#N/A, DOWY6784600,,
EOR, DOWY6785300,Powder River Basin - WY, DOWY6785300, WY,-105.604327,43.856221,,32.7666,-96.7779,903.1357578,1040,#N/A,1,50,4.013087396,50,2.569530778,#N/A,,NO,100,NO,#N/A, DOWY6785300,,
EOR, DOWY6785400,Powder River Basin - WY, DOWY6785400, WY,-105.604327,43.856221,,32.7666,-96.7779,903.1357578,1040,#N/A,1,50,4.013087396,50,2.569530778,#N/A,,NO,-47,NO,#N/A, DOWY6785400,,
EOR, DOWY6785600,Powder River Basin - WY, DOWY6785600, WY,-105.604327,43.856221,,32.7666,-96.7779,903.1357578,1040,#N/A,1,50,4.013087396,50,2.569530778,#N/A,,NO,100,NO,#N/A, DOWY6785600,,
EOR, DOWY6785700,Powder River Basin - WY, DOWY6785700, WY,-105.604327,43.856221,,32.7666,-96.7779,903.1357578,1040,#N/A,1,50,4.013087396,50,2.569530778,#N/A,,NO,-48,YES,#N/A, DOWY6785700,,
EOR, DOWY6785900,Powder River Basin - WY, DOWY6785900, WY,-105.604327,43.856221,,32.7666,-96.7779,903.1357578,1040,#N/A,1,50,4.013087396,50,2.569530778,#N/A,,NO,53,NO,#N/A, DOWY6785900,,
EOR, DOWY6786200,Powder River Basin - WY, DOWY6786200, WY,-105.604327,43.856221,,32.7666,-96.7779,903.1357578,1040,#N/A,1,50,4.013087396,50,2.569530778,#N/A,,NO,97,NO,#N/A, DOWY6786200,,
EOR, DOWY6786300,Powder River Basin - WY, DOWY6786300, WY,-105.604327,43.856221,,32.7666,-96.7779,903.1357578,1040,#N/A,1,50,4.013087396,50,2.569530778,#N/A,,YES,100,NO,#N/A, DOWY6786300,,
EOR, DOWY6786400,Powder River Basin - WY, DOWY6786400, WY,-105.604327,43.856221,,32.7666,-96.7779,903.1357578,1040,#N/A,1,50,4.013087396,50,2.569530778,#N/A,,NO,100,NO,#N/A, DOWY6786400,,
EOR, DOWY6786600,Powder River Basin - WY, DOWY6786600, WY,-105.604327,43.856221,,32.7666,-96.7779,903.1357578,1040,#N/A,1,50,4.013087396,50,2.569530778,#N/A,,YES,100,NO,#N/A, DOWY6786600,,
EOR, DOWY6786900,Powder River Basin - WY, DOWY6786900, WY,-105.604327,43.856221,,32.7666,-96.7779,903.1357578,1040,#N/A,1,50,4.013087396,50,2.569530778,#N/A,,NO,100,NO,#N/A, DOWY6786900,,
EOR, DOWY6787100,Powder River Basin - WY, DOWY6787100, WY,-105.604327,43.856221,,32.7666,-96.7779,903.1357578,1040,#N/A,1,50,4.013087396,50,2.569530778,#N/A,,NO,67,NO,#N/A, DOWY6787100,,
EOR, DOWY6787300,Powder River Basin - WY, DOWY6787300, WY,-105.604327,43.856221,,32.7666,-96.7779,903.1357578,1040,#N/A,1,50,4.013087396,50,2.569530778,#N/A,,NO,100,NO,#N/A, DOWY6787300,,
EOR, DOWY6787400,Powder River Basin - WY, DOWY6787400, WY,-105.604327,43.856221,,32.7666,-96.7779,903.1357578,1040,#N/A,1,50,4.013087396,50,2.569530778,#N/A,,NO,100,NO,#N/A, DOWY6787400,,
EOR, DOWY6799000,Powder River Basin - WY, DOWY6799000, WY,-105.604327,43.856221,,32.7666,-96.7779,903.1357578,1040,#N/A,1,50,4.013087396,50,2.569530778,#N/A,,NO,100,NO,#N/A, DOWY6799000,,
EOR, DOWY6799100,Powder River Basin - WY, DOWY6799100, WY,-105.604327,43.856221,,32.7666,-96.7779,903.1357578,1040,#N/A,1,50,4.013087396,50,2.569530778,#N/A,,NO,96,YES,#N/A, DOWY6799100,,
EOR, DOWY6799200,Powder River Basin - WY, DOWY6799200, WY,-105.604327,43.856221,,32.7666,-96.7779,903.1357578,1040,#N/A,1,50,4.013087396,50,2.569530778,#N/A,,YES,100,YES,#N/A, DOWY6799200,,
EOR, DOWY6799900,Powder River Basin - WY, DOWY6799900, WY,-105.604327,43.856221,,32.7666,-96.7779,903.1357578,1040,#N/A,1,50,4.013087396,50,2.569530778,#N/A,,NO,100,NO,#N/A, DOWY6799900,,
EOR, DOWY6803700,Powder River Basin - WY, DOWY6803700, WY,-105.604327,43.856221,,32.7666,-96.7779,903.1357578,1040,#N/A,1,50,4.013087396,50,2.569530778,#N/A,,NO,98,NO,#N/A, DOWY6803700,,
EOR, DOWY6803900,Powder River Basin - WY, DOWY6803900, WY,-105.604327,43.856221,,32.7666,-96.7779,903.1357578,1040,#N/A,1,50,4.013087396,50,2.569530778,#N/A,,YES,100,NO,#N/A, DOWY6803900,,
EOR, DOWY6804000,Powder River Basin - WY, DOWY6804000, WY,-105.604327,43.856221,,32.7666,-96.7779,903.1357578,1040,#N/A,1,50,4.013087396,50,2.569530778,#N/A,,NO,-28,NO,#N/A, DOWY6804000,,
EOR, DOWY6805300,Powder River Basin - WY, DOWY6805300, WY,-105.604327,43.856221,,32.7666,-96.7779,903.1357578,1040,#N/A,1,50,4.013087396,50,2.569530778,#N/A,,NO,100,NO,#N/A, DOWY6805300,,
EOR, DONM6842700,San Juan Basin - NM, DONM6842700, NM,-107.740499,36.321775,,32.7666,-96.7779,670.7475487,770,23.60215069,1,50,4.013087396,50,2.569530778,30.18476886,,NO,-119,YES,-88.81523114, DONM6842700,,
EOR, DONM6842900,San Juan Basin - NM, DONM6842900, NM,-107.740499,36.321775,,32.7666,-96.7779,670.7475487,770,23.60215069,1,50,4.013087396,50,2.569530778,30.18476886,,NO,-26,NO,4.184768864, DONM6842900,,
EOR, DONM6843000,San Juan Basin - NM, DONM6843000, NM,-107.740499,36.321775,,32.7666,-96.7779,670.7475487,770,23.60215069,1,50,4.013087396,50,2.569530778,30.18476886,,NO,100,NO,130.1847689, DONM6843000,,
EOR, DONM6843300,San Juan Basin - NM, DONM6843300, NM,-107.740499,36.321775,,32.7666,-96.7779,670.7475487,770,23.60215069,1,50,4.013087396,50,2.569530778,30.18476886,,YES,-139,YES,-108.8152311, DONM6843300,,
EOR, DONM6843700,San Juan Basin - NM, DONM6843700, NM,-107.740499,36.321775,,32.7666,-96.7779,670.7475487,770,23.60215069,1,50,4.013087396,50,2.569530778,30.18476886,,YES,-217,YES,-186.8152311, DONM6843700,,
EOR, DOKS6404900,Sedgwick Basin/Salina Basin, DOKS6404900, KS,-98.4312515,38.4284165,,32.7666,-96.7779,402.4963329,460,14.65209966,1,50,4.013087396,50,2.569530778,21.23471784,,YES,100,YES,121.2347178, DOKS6404900,,
EOR, DOKS6406700,Sedgwick Basin/Salina Basin, DOKS6406700, KS,-98.4312515,38.4284165,,32.7666,-96.7779,402.4963329,460,14.65209966,1,50,4.013087396,50,2.569530778,21.23471784,,YES,-88,YES,-66.76528216, DOKS6406700,,
EOR, DOKS6407200,Sedgwick Basin/Salina Basin, DOKS6407200, KS,-98.4312515,38.4284165,,32.7666,-96.7779,402.4963329,460,14.65209966,1,50,4.013087396,50,2.569530778,21.23471784,,YES,100,NO,121.2347178, DOKS6407200,,
EOR, DOKS6408900,Sedgwick Basin/Salina Basin, DOKS6408900, KS,-98.4312515,38.4284165,,32.7666,-96.7779,402.4963329,460,14.65209966,1,50,4.013087396,50,2.569530778,21.23471784,,YES,100,YES,121.2347178, DOKS6408900,,
EOR, DOKS6410100,Sedgwick Basin/Salina Basin, DOKS6410100, KS,-98.4312515,38.4284165,,32.7666,-96.7779,402.4963329,460,14.65209966,1,50,4.013087396,50,2.569530778,21.23471784,,NO,74,YES,95.23471784, DOKS6410100,,
EOR, DOKS6410300,Sedgwick Basin/Salina Basin, DOKS6410300, KS,-98.4312515,38.4284165,,32.7666,-96.7779,402.4963329,460,14.65209966,1,50,4.013087396,50,2.569530778,21.23471784,,YES,100,NO,121.2347178, DOKS6410300,,
EOR, DOKS6411900,Sedgwick Basin/Salina Basin, DOKS6411900, KS,-98.4312515,38.4284165,,32.7666,-96.7779,402.4963329,460,14.65209966,1,50,4.013087396,50,2.569530778,21.23471784,,NO,100,NO,121.2347178, DOKS6411900,,
EOR, DOKS6413200,Sedgwick Basin/Salina Basin, DOKS6413200, KS,-98.4312515,38.4284165,,32.7666,-96.7779,402.4963329,460,14.65209966,1,50,4.013087396,50,2.569530778,21.23471784,,NO,100,YES,121.2347178, DOKS6413200,,
EOR, DOKS6414400,Sedgwick Basin/Salina Basin, DOKS6414400, KS,-98.4312515,38.4284165,,32.7666,-96.7779,402.4963329,460,14.65209966,1,50,4.013087396,50,2.569530778,21.23471784,,NO,-26,NO,-4.765282162, DOKS6414400,,
EOR, DOKS6414500,Sedgwick Basin/Salina Basin, DOKS6414500, KS,-98.4312515,38.4284165,,32.7666,-96.7779,402.4963329,460,14.65209966,1,50,4.013087396,50,2.569530778,21.23471784,,YES,100,NO,121.2347178, DOKS6414500,,
EOR, DOKS6418300,Sedgwick Basin/Salina Basin, DOKS6418300, KS,-98.4312515,38.4284165,,32.7666,-96.7779,402.4963329,460,14.65209966,1,50,4.013087396,50,2.569530778,21.23471784,,YES,100,NO,121.2347178, DOKS6418300,,
EOR, DOKS6421400,Sedgwick Basin/Salina Basin, DOKS6421400, KS,-98.4312515,38.4284165,,32.7666,-96.7779,402.4963329,460,14.65209966,1,50,4.013087396,50,2.569530778,21.23471784,,NO,100,NO,121.2347178, DOKS6421400,,
EOR, DOKS6422500,Sedgwick Basin/Salina Basin, DOKS6422500, KS,-98.4312515,38.4284165,,32.7666,-96.7779,402.4963329,460,14.65209966,1,50,4.013087396,50,2.569530778,21.23471784,,YES,55,NO,76.23471784, DOKS6422500,,
EOR, DOOK6265600,Southern Oklahoma, DOOK6265600, OK,-96.677372,33.396986,,32.7666,-96.7779,43.99154829,50,1.631218977,1,10,0.837262838,10,0.620729345,3.089211161,,YES,-15,YES,-11.91078884, DOOK6265600,,
EOR, DOOK6265800,Southern Oklahoma, DOOK6265800, OK,-96.677372,33.396986,,32.7666,-96.7779,43.99154829,50,1.631218977,1,10,0.837262838,10,0.620729345,3.089211161,,YES,90,YES,93.08921116, DOOK6265800,,
EOR, DOOK6266200,Southern Oklahoma, DOOK6266200, OK,-96.677372,33.396986,,32.7666,-96.7779,43.99154829,50,1.631218977,1,10,0.837262838,10,0.620729345,3.089211161,,NO,-83,YES,-79.91078884, DOOK6266200,,
EOR, DOOK6266300,Southern Oklahoma, DOOK6266300, OK,-96.677372,33.396986,,32.7666,-96.7779,43.99154829,50,1.631218977,1,10,0.837262838,10,0.620729345,3.089211161,,NO,-118,YES,-114.9107888, DOOK6266300,,
EOR, DOOK6266700,Southern Oklahoma, DOOK6266700, OK,-96.677372,33.396986,,32.7666,-96.7779,43.99154829,50,1.631218977,1,10,0.837262838,10,0.620729345,3.089211161,,NO,-96,NO,-92.91078884, DOOK6266700,,
EOR, DOOK6268200,Southern Oklahoma, DOOK6268200, OK,-96.677372,33.396986,,32.7666,-96.7779,43.99154829,50,1.631218977,1,10,0.837262838,10,0.620729345,3.089211161,,NO,-129,YES,-125.9107888, DOOK6268200,,
EOR, DOOK6268300,Southern Oklahoma, DOOK6268300, OK,-96.677372,33.396986,,32.7666,-96.7779,43.99154829,50,1.631218977,1,10,0.837262838,10,0.620729345,3.089211161,,NO,10,NO,13.08921116, DOOK6268300,,
EOR, DOOK6269200,Southern Oklahoma, DOOK6269200, OK,-96.677372,33.396986,,32.7666,-96.7779,43.99154829,50,1.631218977,1,10,0.837262838,10,0.620729345,3.089211161,,NO,100,NO,103.0892112, DOOK6269200,,
EOR, DOOK6269300,Southern Oklahoma, DOOK6269300, OK,-96.677372,33.396986,,32.7666,-96.7779,43.99154829,50,1.631218977,1,10,0.837262838,10,0.620729345,3.089211161,,NO,100,NO,103.0892112, DOOK6269300,,
EOR, DOOK6269500,Southern Oklahoma, DOOK6269500, OK,-96.677372,33.396986,,32.7666,-96.7779,43.99154829,50,1.631218977,1,10,0.837262838,10,0.620729345,3.089211161,,YES,100,NO,103.0892112, DOOK6269500,,
EOR, DOOK6270900,Southern Oklahoma, DOOK6270900, OK,-96.677372,33.396986,,32.7666,-96.7779,43.99154829,50,1.631218977,1,10,0.837262838,10,0.620729345,3.089211161,,NO,-154,YES,-150.9107888, DOOK6270900,,
EOR, DOOK6271200,Southern Oklahoma, DOOK6271200, OK,-96.677372,33.396986,,32.7666,-96.7779,43.99154829,50,1.631218977,1,10,0.837262838,10,0.620729345,3.089211161,,NO,100,NO,103.0892112, DOOK6271200,,
EOR, DOOK6271300,Southern Oklahoma, DOOK6271300, OK,-96.677372,33.396986,,32.7666,-96.7779,43.99154829,50,1.631218977,1,10,0.837262838,10,0.620729345,3.089211161,,NO,-30,YES,-26.91078884, DOOK6271300,,
EOR, DOOK6271400,Southern Oklahoma, DOOK6271400, OK,-96.677372,33.396986,,32.7666,-96.7779,43.99154829,50,1.631218977,1,10,0.837262838,10,0.620729345,3.089211161,,YES,18,YES,21.08921116, DOOK6271400,,
EOR, DOOK6271800,Southern Oklahoma, DOOK6271800, OK,-96.677372,33.396986,,32.7666,-96.7779,43.99154829,50,1.631218977,1,10,0.837262838,10,0.620729345,3.089211161,,NO,43,NO,46.08921116, DOOK6271800,,
EOR, DOOK6272200,Southern Oklahoma, DOOK6272200, OK,-96.677372,33.396986,,32.7666,-96.7779,43.99154829,50,1.631218977,1,10,0.837262838,10,0.620729345,3.089211161,,NO,-65,YES,-61.91078884, DOOK6272200,,
EOR, DOOK6273000,Southern Oklahoma, DOOK6273000, OK,-96.677372,33.396986,,32.7666,-96.7779,43.99154829,50,1.631218977,1,10,0.837262838,10,0.620729345,3.089211161,,NO,100,NO,103.0892112, DOOK6273000,,
EOR, DOOK6273100,Southern Oklahoma, DOOK6273100, OK,-96.677372,33.396986,,32.7666,-96.7779,43.99154829,50,1.631218977,1,10,0.837262838,10,0.620729345,3.089211161,,NO,100,NO,103.0892112, DOOK6273100,,
EOR, DOOK6273200,Southern Oklahoma, DOOK6273200, OK,-96.677372,33.396986,,32.7666,-96.7779,43.99154829,50,1.631218977,1,10,0.837262838,10,0.620729345,3.089211161,,NO,-196,NO,-192.9107888, DOOK6273200,,
EOR, DOOK6273800,Southern Oklahoma, DOOK6273800, OK,-96.677372,33.396986,,32.7666,-96.7779,43.99154829,50,1.631218977,1,10,0.837262838,10,0.620729345,3.089211161,,NO,66,NO,69.08921116, DOOK6273800,,
EOR, DOOK6274800,Southern Oklahoma, DOOK6274800, OK,-96.677372,33.396986,,32.7666,-96.7779,43.99154829,50,1.631218977,1,10,0.837262838,10,0.620729345,3.089211161,,NO,64,NO,67.08921116, DOOK6274800,,
EOR, DOOK6275000,Southern Oklahoma, DOOK6275000, OK,-96.677372,33.396986,,32.7666,-96.7779,43.99154829,50,1.631218977,1,10,0.837262838,10,0.620729345,3.089211161,,NO,100,NO,103.0892112, DOOK6275000,,
EOR, DOOK6275400,Southern Oklahoma, DOOK6275400, OK,-96.677372,33.396986,,32.7666,-96.7779,43.99154829,50,1.631218977,1,10,0.837262838,10,0.620729345,3.089211161,,YES,100,NO,103.0892112, DOOK6275400,,
EOR, DOOK6275600,Southern Oklahoma, DOOK6275600, OK,-96.677372,33.396986,,32.7666,-96.7779,43.99154829,50,1.631218977,1,10,0.837262838,10,0.620729345,3.089211161,,YES,65,NO,68.08921116, DOOK6275600,,
EOR, DOOK6276500,Southern Oklahoma, DOOK6276500, OK,-96.677372,33.396986,,32.7666,-96.7779,43.99154829,50,1.631218977,1,10,0.837262838,10,0.620729345,3.089211161,,NO,100,NO,103.0892112, DOOK6276500,,
EOR, DOOK6276700,Southern Oklahoma, DOOK6276700, OK,-96.677372,33.396986,,32.7666,-96.7779,43.99154829,50,1.631218977,1,10,0.837262838,10,0.620729345,3.089211161,,NO,100,NO,103.0892112, DOOK6276700,,
EOR, DOOK6277500,Southern Oklahoma, DOOK6277500, OK,-96.677372,33.396986,,32.7666,-96.7779,43.99154829,50,1.631218977,1,10,0.837262838,10,0.620729345,3.089211161,,NO,100,NO,103.0892112, DOOK6277500,,
EOR, DOOK6277600,Southern Oklahoma, DOOK6277600, OK,-96.677372,33.396986,,32.7666,-96.7779,43.99154829,50,1.631218977,1,10,0.837262838,10,0.620729345,3.089211161,,YES,100,NO,103.0892112, DOOK6277600,,
EOR, DOOK6278000,Southern Oklahoma, DOOK6278000, OK,-96.677372,33.396986,,32.7666,-96.7779,43.99154829,50,1.631218977,1,10,0.837262838,10,0.620729345,3.089211161,,YES,100,NO,103.0892112, DOOK6278000,,
EOR, DOOK6278200,Southern Oklahoma, DOOK6278200, OK,-96.677372,33.396986,,32.7666,-96.7779,43.99154829,50,1.631218977,1,10,0.837262838,10,0.620729345,3.089211161,,YES,100,NO,103.0892112, DOOK6278200,,
EOR, DOOK6279100,Southern Oklahoma, DOOK6279100, OK,-96.677372,33.396986,,32.7666,-96.7779,43.99154829,50,1.631218977,1,10,0.837262838,10,0.620729345,3.089211161,,NO,81,NO,84.08921116, DOOK6279100,,
EOR, DOOK6279200,Southern Oklahoma, DOOK6279200, OK,-96.677372,33.396986,,32.7666,-96.7779,43.99154829,50,1.631218977,1,10,0.837262838,10,0.620729345,3.089211161,,NO,-52,YES,-48.91078884, DOOK6279200,,
EOR, DOOK6280100,Southern Oklahoma, DOOK6280100, OK,-96.677372,33.396986,,32.7666,-96.7779,43.99154829,50,1.631218977,1,10,0.837262838,10,0.620729345,3.089211161,,NO,-109,NO,-105.9107888, DOOK6280100,,
EOR, DOOK6280200,Southern Oklahoma, DOOK6280200, OK,-96.677372,33.396986,,32.7666,-96.7779,43.99154829,50,1.631218977,1,10,0.837262838,10,0.620729345,3.089211161,,NO,100,NO,103.0892112, DOOK6280200,,
EOR, DOOK6280400,Southern Oklahoma, DOOK6280400, OK,-96.677372,33.396986,,32.7666,-96.7779,43.99154829,50,1.631218977,1,10,0.837262838,10,0.620729345,3.089211161,,NO,-300,NO,-296.9107888, DOOK6280400,,
EOR, DOOK6280500,Southern Oklahoma, DOOK6280500, OK,-96.677372,33.396986,,32.7666,-96.7779,43.99154829,50,1.631218977,1,10,0.837262838,10,0.620729345,3.089211161,,NO,100,NO,103.0892112, DOOK6280500,,
EOR, DOOK6280700,Southern Oklahoma, DOOK6280700, OK,-96.677372,33.396986,,32.7666,-96.7779,43.99154829,50,1.631218977,1,10,0.837262838,10,0.620729345,3.089211161,,NO,100,NO,103.0892112, DOOK6280700,,
EOR, DOOK6281000,Southern Oklahoma, DOOK6281000, OK,-96.677372,33.396986,,32.7666,-96.7779,43.99154829,50,1.631218977,1,10,0.837262838,10,0.620729345,3.089211161,,YES,100,NO,103.0892112, DOOK6281000,,
EOR, DOOK6281200,Southern Oklahoma, DOOK6281200, OK,-96.677372,33.396986,,32.7666,-96.7779,43.99154829,50,1.631218977,1,10,0.837262838,10,0.620729345,3.089211161,,NO,100,NO,103.0892112, DOOK6281200,,
EOR, DOOK6281600,Southern Oklahoma, DOOK6281600, OK,-96.677372,33.396986,,32.7666,-96.7779,43.99154829,50,1.631218977,1,10,0.837262838,10,0.620729345,3.089211161,,YES,-78,NO,-74.91078884, DOOK6281600,,
EOR, DOOK6282200,Southern Oklahoma, DOOK6282200, OK,-96.677372,33.396986,,32.7666,-96.7779,43.99154829,50,1.631218977,1,10,0.837262838,10,0.620729345,3.089211161,,NO,100,NO,103.0892112, DOOK6282200,,
EOR, DOOK6283400,Southern Oklahoma, DOOK6283400, OK,-96.677372,33.396986,,32.7666,-96.7779,43.99154829,50,1.631218977,1,10,0.837262838,10,0.620729345,3.089211161,,YES,60,NO,63.08921116, DOOK6283400,,
EOR, DOOK6283600,Southern Oklahoma, DOOK6283600, OK,-96.677372,33.396986,,32.7666,-96.7779,43.99154829,50,1.631218977,1,10,0.837262838,10,0.620729345,3.089211161,,NO,-65,NO,-61.91078884, DOOK6283600,,
EOR, DOOK6283900,Southern Oklahoma, DOOK6283900, OK,-96.677372,33.396986,,32.7666,-96.7779,43.99154829,50,1.631218977,1,10,0.837262838,10,0.620729345,3.089211161,,NO,-66,NO,-62.91078884, DOOK6283900,,
EOR, DOOK6284400,Southern Oklahoma, DOOK6284400, OK,-96.677372,33.396986,,32.7666,-96.7779,43.99154829,50,1.631218977,1,10,0.837262838,10,0.620729345,3.089211161,,NO,-112,YES,-108.9107888, DOOK6284400,,
EOR, DOUT6752700,Southwestern Wyoming - UT, DOUT6752700, UT,-110.048334,40.952845,,32.7666,-96.7779,925.5748769,1060,#N/A,1,50,4.013087396,50,2.569530778,#N/A,,YES,34,NO,#N/A, DOUT6752700,,
EOR, DOWY6753300,Southwestern Wyoming - WY, DOWY6753300, WY,-108.671818,41.646881,,32.7666,-96.7779,896.5187919,1030,#N/A,1,50,4.013087396,50,2.569530778,#N/A,,YES,100,NO,#N/A, DOWY6753300,,
EOR, DOWY6803800,Southwestern Wyoming - WY, DOWY6803800, WY,-108.671818,41.646881,,32.7666,-96.7779,896.5187919,1030,#N/A,1,50,4.013087396,50,2.569530778,#N/A,,NO,100,NO,#N/A, DOWY6803800,,
EOR, DOWY6806600,Southwestern Wyoming - WY, DOWY6806600, WY,-108.671818,41.646881,,32.7666,-96.7779,896.5187919,1030,#N/A,1,50,4.013087396,50,2.569530778,#N/A,,YES,100,NO,#N/A, DOWY6806600,,
EOR, DOWY6806700,Southwestern Wyoming - WY, DOWY6806700, WY,-108.671818,41.646881,,32.7666,-96.7779,896.5187919,1030,#N/A,1,50,4.013087396,50,2.569530778,#N/A,,NO,-34,YES,#N/A, DOWY6806700,,
EOR, DOWY6806900,Southwestern Wyoming - WY, DOWY6806900, WY,-108.671818,41.646881,,32.7666,-96.7779,896.5187919,1030,#N/A,1,50,4.013087396,50,2.569530778,#N/A,,NO,-11,YES,#N/A, DOWY6806900,,
EOR, DOWY6807200,Southwestern Wyoming - WY, DOWY6807200, WY,-108.671818,41.646881,,32.7666,-96.7779,896.5187919,1030,#N/A,1,50,4.013087396,50,2.569530778,#N/A,,YES,100,YES,#N/A, DOWY6807200,,
EOR, DOWY6808100,Southwestern Wyoming - WY, DOWY6808100, WY,-108.671818,41.646881,,32.7666,-96.7779,896.5187919,1030,#N/A,1,50,4.013087396,50,2.569530778,#N/A,,YES,100,NO,#N/A, DOWY6808100,,
EOR, DOWY6808400,Southwestern Wyoming - WY, DOWY6808400, WY,-108.671818,41.646881,,32.7666,-96.7779,896.5187919,1030,#N/A,1,50,4.013087396,50,2.569530778,#N/A,,NO,-10,NO,#N/A, DOWY6808400,,
EOR, DOWY6808800,Southwestern Wyoming - WY, DOWY6808800, WY,-108.671818,41.646881,,32.7666,-96.7779,896.5187919,1030,#N/A,1,50,4.013087396,50,2.569530778,#N/A,,YES,100,NO,#N/A, DOWY6808800,,
EOR, DOWY6810400,Southwestern Wyoming - WY, DOWY6810400, WY,-108.671818,41.646881,,32.7666,-96.7779,896.5187919,1030,#N/A,1,50,4.013087396,50,2.569530778,#N/A,,NO,-60,NO,#N/A, DOWY6810400,,
EOR, DOWY6810700,Southwestern Wyoming - WY, DOWY6810700, WY,-108.671818,41.646881,,32.7666,-96.7779,896.5187919,1030,#N/A,1,50,4.013087396,50,2.569530778,#N/A,,YES,-52,YES,#N/A, DOWY6810700,,
EOR, DOWY6810800,Southwestern Wyoming - WY, DOWY6810800, WY,-108.671818,41.646881,,32.7666,-96.7779,896.5187919,1030,#N/A,1,50,4.013087396,50,2.569530778,#N/A,,YES,-37,YES,#N/A, DOWY6810800,,
EOR, DOWY6811200,Southwestern Wyoming - WY, DOWY6811200, WY,-108.671818,41.646881,,32.7666,-96.7779,896.5187919,1030,#N/A,1,50,4.013087396,50,2.569530778,#N/A,,NO,-146,NO,#N/A, DOWY6811200,,
EOR, DOMI7192700,Superior, DOMI7192700, MI,-88.973825,46.90974,,32.7666,-96.7779,1061.14946,1220,#N/A,1,50,4.013087396,50,2.569530778,#N/A,,NO,100,YES,#N/A, DOMI7192700,,
EOR, DOCO6847200,Uinta-Piceance Basin - CO, DOCO6847200, CO,-108.119137,39.362563,,32.7666,-96.7779,780.1790307,900,27.1821711,1,50,4.013087396,50,2.569530778,33.76478927,,YES,-95,YES,-61.23521073, DOCO6847200,,
EOR, DOUT6840100,Uinta-Piceance Basin - UT, DOUT6840100, UT,-110.316313,39.754847,,32.7666,-96.7779,895.0118085,1030,#N/A,1,50,4.013087396,50,2.569530778,#N/A,,NO,-31,NO,#N/A, DOUT6840100,,
EOR, DOUT6840600,Uinta-Piceance Basin - UT, DOUT6840600, UT,-110.316313,39.754847,,32.7666,-96.7779,895.0118085,1030,#N/A,1,50,4.013087396,50,2.569530778,#N/A,,NO,-42,YES,#N/A, DOUT6840600,,
EOR, DOUT6840900,Uinta-Piceance Basin - UT, DOUT6840900, UT,-110.316313,39.754847,,32.7666,-96.7779,895.0118085,1030,#N/A,1,50,4.013087396,50,2.569530778,#N/A,,NO,-82,NO,#N/A, DOUT6840900,,
EOR, DOUT6841100,Uinta-Piceance Basin - UT, DOUT6841100, UT,-110.316313,39.754847,,32.7666,-96.7779,895.0118085,1030,#N/A,1,50,4.013087396,50,2.569530778,#N/A,,NO,-133,YES,#N/A, DOUT6841100,,
EOR, DOUT6841200,Uinta-Piceance Basin - UT, DOUT6841200, UT,-110.316313,39.754847,,32.7666,-96.7779,895.0118085,1030,#N/A,1,50,4.013087396,50,2.569530778,#N/A,,NO,100,NO,#N/A, DOUT6841200,,
EOR, DONV7298600,Western Great Basin, DONV7298600, NV,-116.653318,39.312191,,32.7666,-96.7779,1197.08206,1380,#N/A,1,50,4.013087396,50,2.569530778,#N/A,,NO,100,NO,#N/A, DONV7298600,,
EOR, DOLA6035000,Western Gulf - LA, DOLA6035000, LA,-91.687071,30.356334,,32.7666,-96.7779,343.1887573,390,12.45789361,1,40,2.973726631,40,2.136463793,17.56808403,,YES,-57,YES,-39.43191597, DOLA6035000,,
EOR, DOLA6035100,Western Gulf - LA, DOLA6035100, LA,-91.687071,30.356334,,32.7666,-96.7779,343.1887573,390,12.45789361,1,40,2.973726631,40,2.136463793,17.56808403,,NO,-40,YES,-22.43191597, DOLA6035100,,
EOR, DOLA6036000,Western Gulf - LA, DOLA6036000, LA,-91.687071,30.356334,,32.7666,-96.7779,343.1887573,390,12.45789361,1,40,2.973726631,40,2.136463793,17.56808403,,YES,-7,YES,10.56808403, DOLA6036000,,
EOR, DOLA6036100,Western Gulf - LA, DOLA6036100, LA,-91.687071,30.356334,,32.7666,-96.7779,343.1887573,390,12.45789361,1,40,2.973726631,40,2.136463793,17.56808403,,YES,58,YES,75.56808403, DOLA6036100,,
EOR, DOLA6036200,Western Gulf - LA, DOLA6036200, LA,-91.687071,30.356334,,32.7666,-96.7779,343.1887573,390,12.45789361,1,40,2.973726631,40,2.136463793,17.56808403,,NO,28,YES,45.56808403, DOLA6036200,,
EOR, DOLA6036900,Western Gulf - LA, DOLA6036900, LA,-91.687071,30.356334,,32.7666,-96.7779,343.1887573,390,12.45789361,1,40,2.973726631,40,2.136463793,17.56808403,,NO,-68,YES,-50.43191597, DOLA6036900,,
EOR, DOLA6038700,Western Gulf - LA, DOLA6038700, LA,-91.687071,30.356334,,32.7666,-96.7779,343.1887573,390,12.45789361,1,40,2.973726631,40,2.136463793,17.56808403,,YES,44,YES,61.56808403, DOLA6038700,,
EOR, DOLA6039100,Western Gulf - LA, DOLA6039100, LA,-91.687071,30.356334,,32.7666,-96.7779,343.1887573,390,12.45789361,1,40,2.973726631,40,2.136463793,17.56808403,,YES,48,YES,65.56808403, DOLA6039100,,
EOR, DOLA6039200,Western Gulf - LA, DOLA6039200, LA,-91.687071,30.356334,,32.7666,-96.7779,343.1887573,390,12.45789361,1,40,2.973726631,40,2.136463793,17.56808403,,YES,100,YES,117.568084, DOLA6039200,,
EOR, DOLA6039400,Western Gulf - LA, DOLA6039400, LA,-91.687071,30.356334,,32.7666,-96.7779,343.1887573,390,12.45789361,1,40,2.973726631,40,2.136463793,17.56808403,,NO,50,YES,67.56808403, DOLA6039400,,
EOR, DOLA6039500,Western Gulf - LA, DOLA6039500, LA,-91.687071,30.356334,,32.7666,-96.7779,343.1887573,390,12.45789361,1,40,2.973726631,40,2.136463793,17.56808403,,YES,95,YES,112.568084, DOLA6039500,,
EOR, DOLA6040700,Western Gulf - LA, DOLA6040700, LA,-91.687071,30.356334,,32.7666,-96.7779,343.1887573,390,12.45789361,1,40,2.973726631,40,2.136463793,17.56808403,,NO,-81,YES,-63.43191597, DOLA6040700,,
EOR, DOLA6040900,Western Gulf - LA, DOLA6040900, LA,-91.687071,30.356334,,32.7666,-96.7779,343.1887573,390,12.45789361,1,40,2.973726631,40,2.136463793,17.56808403,,NO,-43,YES,-25.43191597, DOLA6040900,,
EOR, DOLA6041000,Western Gulf - LA, DOLA6041000, LA,-91.687071,30.356334,,32.7666,-96.7779,343.1887573,390,12.45789361,1,40,2.973726631,40,2.136463793,17.56808403,,NO,-1,YES,16.56808403, DOLA6041000,,
EOR, DOLA6045800,Western Gulf - LA, DOLA6045800, LA,-91.687071,30.356334,,32.7666,-96.7779,343.1887573,390,12.45789361,1,40,2.973726631,40,2.136463793,17.56808403,,NO,-7,YES,10.56808403, DOLA6045800,,
EOR, DOLA6046200,Western Gulf - LA, DOLA6046200, LA,-91.687071,30.356334,,32.7666,-96.7779,343.1887573,390,12.45789361,1,40,2.973726631,40,2.136463793,17.56808403,,NO,-43,YES,-25.43191597, DOLA6046200,,
EOR, DOLA6047200,Western Gulf - LA, DOLA6047200, LA,-91.687071,30.356334,,32.7666,-96.7779,343.1887573,390,12.45789361,1,40,2.973726631,40,2.136463793,17.56808403,,NO,-28,YES,-10.43191597, DOLA6047200,,
EOR, DOLA6049900,Western Gulf - LA, DOLA6049900, LA,-91.687071,30.356334,,32.7666,-96.7779,343.1887573,390,12.45789361,1,40,2.973726631,40,2.136463793,17.56808403,,YES,-15,YES,2.56808403, DOLA6049900,,
EOR, DOLA6050800,Western Gulf - LA, DOLA6050800, LA,-91.687071,30.356334,,32.7666,-96.7779,343.1887573,390,12.45789361,1,40,2.973726631,40,2.136463793,17.56808403,,NO,-34,YES,-16.43191597, DOLA6050800,,
EOR, DOLA6052200,Western Gulf - LA, DOLA6052200, LA,-91.687071,30.356334,,32.7666,-96.7779,343.1887573,390,12.45789361,1,40,2.973726631,40,2.136463793,17.56808403,,NO,-21,YES,-3.43191597, DOLA6052200,,
EOR, DOLA6054400,Western Gulf - LA, DOLA6054400, LA,-91.687071,30.356334,,32.7666,-96.7779,343.1887573,390,12.45789361,1,40,2.973726631,40,2.136463793,17.56808403,,YES,78,YES,95.56808403, DOLA6054400,,
EOR, DOLA6059500,Western Gulf - LA, DOLA6059500, LA,-91.687071,30.356334,,32.7666,-96.7779,343.1887573,390,12.45789361,1,40,2.973726631,40,2.136463793,17.56808403,,NO,-54,YES,-36.43191597, DOLA6059500,,
EOR, DOLA6059800,Western Gulf - LA, DOLA6059800, LA,-91.687071,30.356334,,32.7666,-96.7779,343.1887573,390,12.45789361,1,40,2.973726631,40,2.136463793,17.56808403,,NO,6,YES,23.56808403, DOLA6059800,,
EOR, DOLA6069700,Western Gulf - LA, DOLA6069700, LA,-91.687071,30.356334,,32.7666,-96.7779,343.1887573,390,12.45789361,1,40,2.973726631,40,2.136463793,17.56808403,,YES,-22,YES,-4.43191597, DOLA6069700,,
EOR, DOLA6070800,Western Gulf - LA, DOLA6070800, LA,-91.687071,30.356334,,32.7666,-96.7779,343.1887573,390,12.45789361,1,40,2.973726631,40,2.136463793,17.56808403,,YES,46,YES,63.56808403, DOLA6070800,,
EOR, DOLA6076300,Western Gulf - LA, DOLA6076300, LA,-91.687071,30.356334,,32.7666,-96.7779,343.1887573,390,12.45789361,1,40,2.973726631,40,2.136463793,17.56808403,,YES,-28,YES,-10.43191597, DOLA6076300,,
EOR, DOLA6077300,Western Gulf - LA, DOLA6077300, LA,-91.687071,30.356334,,32.7666,-96.7779,343.1887573,390,12.45789361,1,40,2.973726631,40,2.136463793,17.56808403,,NO,81,NO,98.56808403, DOLA6077300,,
EOR, DOLA6085400,Western Gulf - LA, DOLA6085400, LA,-91.687071,30.356334,,32.7666,-96.7779,343.1887573,390,12.45789361,1,40,2.973726631,40,2.136463793,17.56808403,,YES,-33,YES,-15.43191597, DOLA6085400,,
EOR, DOLA6090500,Western Gulf - LA, DOLA6090500, LA,-91.687071,30.356334,,32.7666,-96.7779,343.1887573,390,12.45789361,1,40,2.973726631,40,2.136463793,17.56808403,,NO,49,YES,66.56808403, DOLA6090500,,
EOR, DOLA6090800,Western Gulf - LA, DOLA6090800, LA,-91.687071,30.356334,,32.7666,-96.7779,343.1887573,390,12.45789361,1,40,2.973726631,40,2.136463793,17.56808403,,YES,100,NO,117.568084, DOLA6090800,,
EOR, DOLA6096100,Western Gulf - LA, DOLA6096100, LA,-91.687071,30.356334,,32.7666,-96.7779,343.1887573,390,12.45789361,1,40,2.973726631,40,2.136463793,17.56808403,,NO,-44,YES,-26.43191597, DOLA6096100,,
EOR, DOLA6112100,Western Gulf - LA, DOLA6112100, LA,-91.687071,30.356334,,32.7666,-96.7779,343.1887573,390,12.45789361,1,40,2.973726631,40,2.136463793,17.56808403,,YES,70,NO,87.56808403, DOLA6112100,,
EOR, DOLA6124400,Western Gulf - LA, DOLA6124400, LA,-91.687071,30.356334,,32.7666,-96.7779,343.1887573,390,12.45789361,1,40,2.973726631,40,2.136463793,17.56808403,,NO,100,NO,117.568084, DOLA6124400,,
EOR, DOLA6126900,Western Gulf - LA, DOLA6126900, LA,-91.687071,30.356334,,32.7666,-96.7779,343.1887573,390,12.45789361,1,40,2.973726631,40,2.136463793,17.56808403,,YES,100,NO,117.568084, DOLA6126900,,
EOR, DOLA6129300,Western Gulf - LA, DOLA6129300, LA,-91.687071,30.356334,,32.7666,-96.7779,343.1887573,390,12.45789361,1,40,2.973726631,40,2.136463793,17.56808403,,YES,100,NO,117.568084, DOLA6129300,,
EOR, DOLA6133500,Western Gulf - LA, DOLA6133500, LA,-91.687071,30.356334,,32.7666,-96.7779,343.1887573,390,12.45789361,1,40,2.973726631,40,2.136463793,17.56808403,,NO,100,NO,117.568084, DOLA6133500,,
EOR, DOLA6138200,Western Gulf - LA, DOLA6138200, LA,-91.687071,30.356334,,32.7666,-96.7779,343.1887573,390,12.45789361,1,40,2.973726631,40,2.136463793,17.56808403,,YES,100,NO,117.568084, DOLA6138200,,
EOR, DOLA6142000,Western Gulf - LA, DOLA6142000, LA,-91.687071,30.356334,,32.7666,-96.7779,343.1887573,390,12.45789361,1,40,2.973726631,40,2.136463793,17.56808403,,YES,-14,YES,3.56808403, DOLA6142000,,
EOR, DOLA7184000,Western Gulf - LA, DOLA7184000, LA,-91.687071,30.356334,,32.7666,-96.7779,343.1887573,390,12.45789361,1,40,2.973726631,40,2.136463793,17.56808403,,YES,100,YES,117.568084, DOLA7184000,,
EOR, DOTX6035300,Western Gulf - TX, DOTX6035300, TX,-97.253175,29.14989,,32.7666,-96.7779,251.751482,290,9.469731408,1,30,2.280819455,30,1.674525676,13.42507654,,NO,-87,YES,-73.57492346, DOTX6035300,,
EOR, DOTX6036500,Western Gulf - TX, DOTX6036500, TX,-97.253175,29.14989,,32.7666,-96.7779,251.751482,290,9.469731408,1,30,2.280819455,30,1.674525676,13.42507654,,NO,-98,NO,-84.57492346, DOTX6036500,,
EOR, DOTX6040400,Western Gulf - TX, DOTX6040400, TX,-97.253175,29.14989,,32.7666,-96.7779,251.751482,290,9.469731408,1,30,2.280819455,30,1.674525676,13.42507654,,YES,-16,YES,-2.574923461, DOTX6040400,,
EOR, DOTX6041400,Western Gulf - TX, DOTX6041400, TX,-97.253175,29.14989,,32.7666,-96.7779,251.751482,290,9.469731408,1,30,2.280819455,30,1.674525676,13.42507654,,YES,-44,YES,-30.57492346, DOTX6041400,,
EOR, DOTX6041800,Western Gulf - TX, DOTX6041800, TX,-97.253175,29.14989,,32.7666,-96.7779,251.751482,290,9.469731408,1,30,2.280819455,30,1.674525676,13.42507654,,NO,-99,YES,-85.57492346, DOTX6041800,,
EOR, DOTX6042900,Western Gulf - TX, DOTX6042900, TX,-97.253175,29.14989,,32.7666,-96.7779,251.751482,290,9.469731408,1,30,2.280819455,30,1.674525676,13.42507654,,YES,-4,NO,9.425076539, DOTX6042900,,
EOR, DOTX6043000,Western Gulf - TX, DOTX6043000, TX,-97.253175,29.14989,,32.7666,-96.7779,251.751482,290,9.469731408,1,30,2.280819455,30,1.674525676,13.42507654,,NO,-56,YES,-42.57492346, DOTX6043000,,
EOR, DOTX6043600,Western Gulf - TX, DOTX6043600, TX,-97.253175,29.14989,,32.7666,-96.7779,251.751482,290,9.469731408,1,30,2.280819455,30,1.674525676,13.42507654,,NO,100,NO,113.4250765, DOTX6043600,,
EOR, DOTX6043700,Western Gulf - TX, DOTX6043700, TX,-97.253175,29.14989,,32.7666,-96.7779,251.751482,290,9.469731408,1,30,2.280819455,30,1.674525676,13.42507654,,NO,-106,YES,-92.57492346, DOTX6043700,,
EOR, DOTX6043800,Western Gulf - TX, DOTX6043800, TX,-97.253175,29.14989,,32.7666,-96.7779,251.751482,290,9.469731408,1,30,2.280819455,30,1.674525676,13.42507654,,NO,3,NO,16.42507654, DOTX6043800,,
EOR, DOTX6043900,Western Gulf - TX, DOTX6043900, TX,-97.253175,29.14989,,32.7666,-96.7779,251.751482,290,9.469731408,1,30,2.280819455,30,1.674525676,13.42507654,,YES,100,NO,113.4250765, DOTX6043900,,
EOR, DOTX6044300,Western Gulf - TX, DOTX6044300, TX,-97.253175,29.14989,,32.7666,-96.7779,251.751482,290,9.469731408,1,30,2.280819455,30,1.674525676,13.42507654,,NO,-18,YES,-4.574923461, DOTX6044300,,
EOR, DOTX6046500,Western Gulf - TX, DOTX6046500, TX,-97.253175,29.14989,,32.7666,-96.7779,251.751482,290,9.469731408,1,30,2.280819455,30,1.674525676,13.42507654,,YES,100,YES,113.4250765, DOTX6046500,,
EOR, DOTX6046700,Western Gulf - TX, DOTX6046700, TX,-97.253175,29.14989,,32.7666,-96.7779,251.751482,290,9.469731408,1,30,2.280819455,30,1.674525676,13.42507654,,YES,100,NO,113.4250765, DOTX6046700,,
EOR, DOTX6049300,Western Gulf - TX, DOTX6049300, TX,-97.253175,29.14989,,32.7666,-96.7779,251.751482,290,9.469731408,1,30,2.280819455,30,1.674525676,13.42507654,,YES,100,YES,113.4250765, DOTX6049300,,
EOR, DOTX6049700,Western Gulf - TX, DOTX6049700, TX,-97.253175,29.14989,,32.7666,-96.7779,251.751482,290,9.469731408,1,30,2.280819455,30,1.674525676,13.42507654,,NO,-45,NO,-31.57492346, DOTX6049700,,
EOR, DOTX6050500,Western Gulf - TX, DOTX6050500, TX,-97.253175,29.14989,,32.7666,-96.7779,251.751482,290,9.469731408,1,30,2.280819455,30,1.674525676,13.42507654,,NO,44,YES,57.42507654, DOTX6050500,,
EOR, DOTX6053400,Western Gulf - TX, DOTX6053400, TX,-97.253175,29.14989,,32.7666,-96.7779,251.751482,290,9.469731408,1,30,2.280819455,30,1.674525676,13.42507654,,YES,57,YES,70.42507654, DOTX6053400,,
EOR, DOTX6053800,Western Gulf - TX, DOTX6053800, TX,-97.253175,29.14989,,32.7666,-96.7779,251.751482,290,9.469731408,1,30,2.280819455,30,1.674525676,13.42507654,,NO,-49,YES,-35.57492346, DOTX6053800,,
EOR, DOTX6054700,Western Gulf - TX, DOTX6054700, TX,-97.253175,29.14989,,32.7666,-96.7779,251.751482,290,9.469731408,1,30,2.280819455,30,1.674525676,13.42507654,,NO,-22,YES,-8.574923461, DOTX6054700,,
EOR, DOTX6054800,Western Gulf - TX, DOTX6054800, TX,-97.253175,29.14989,,32.7666,-96.7779,251.751482,290,9.469731408,1,30,2.280819455,30,1.674525676,13.42507654,,YES,76,NO,89.42507654, DOTX6054800,,
EOR, DOTX6054900,Western Gulf - TX, DOTX6054900, TX,-97.253175,29.14989,,32.7666,-96.7779,251.751482,290,9.469731408,1,30,2.280819455,30,1.674525676,13.42507654,,YES,-61,YES,-47.57492346, DOTX6054900,,
EOR, DOTX6055300,Western Gulf - TX, DOTX6055300, TX,-97.253175,29.14989,,32.7666,-96.7779,251.751482,290,9.469731408,1,30,2.280819455,30,1.674525676,13.42507654,,NO,-72,YES,-58.57492346, DOTX6055300,,
EOR, DOTX6055600,Western Gulf - TX, DOTX6055600, TX,-97.253175,29.14989,,32.7666,-96.7779,251.751482,290,9.469731408,1,30,2.280819455,30,1.674525676,13.42507654,,YES,-29,YES,-15.57492346, DOTX6055600,,
EOR, DOTX6056000,Western Gulf - TX, DOTX6056000, TX,-97.253175,29.14989,,32.7666,-96.7779,251.751482,290,9.469731408,1,30,2.280819455,30,1.674525676,13.42507654,,YES,-24,NO,-10.57492346, DOTX6056000,,
EOR, DOTX6056600,Western Gulf - TX, DOTX6056600, TX,-97.253175,29.14989,,32.7666,-96.7779,251.751482,290,9.469731408,1,30,2.280819455,30,1.674525676,13.42507654,,NO,-41,NO,-27.57492346, DOTX6056600,,
EOR, DOTX6057100,Western Gulf - TX, DOTX6057100, TX,-97.253175,29.14989,,32.7666,-96.7779,251.751482,290,9.469731408,1,30,2.280819455,30,1.674525676,13.42507654,,NO,-59,YES,-45.57492346, DOTX6057100,,
EOR, DOTX6057800,Western Gulf - TX, DOTX6057800, TX,-97.253175,29.14989,,32.7666,-96.7779,251.751482,290,9.469731408,1,30,2.280819455,30,1.674525676,13.42507654,,NO,-75,YES,-61.57492346, DOTX6057800,,
EOR, DOTX6058000,Western Gulf - TX, DOTX6058000, TX,-97.253175,29.14989,,32.7666,-96.7779,251.751482,290,9.469731408,1,30,2.280819455,30,1.674525676,13.42507654,,YES,4,YES,17.42507654, DOTX6058000,,
EOR, DOTX6058200,Western Gulf - TX, DOTX6058200, TX,-97.253175,29.14989,,32.7666,-96.7779,251.751482,290,9.469731408,1,30,2.280819455,30,1.674525676,13.42507654,,NO,-78,YES,-64.57492346, DOTX6058200,,
EOR, DOTX6058400,Western Gulf - TX, DOTX6058400, TX,-97.253175,29.14989,,32.7666,-96.7779,251.751482,290,9.469731408,1,30,2.280819455,30,1.674525676,13.42507654,,NO,28,NO,41.42507654, DOTX6058400,,
EOR, DOTX6058600,Western Gulf - TX, DOTX6058600, TX,-97.253175,29.14989,,32.7666,-96.7779,251.751482,290,9.469731408,1,30,2.280819455,30,1.674525676,13.42507654,,YES,47,NO,60.42507654, DOTX6058600,,
EOR, DOTX6059900,Western Gulf - TX, DOTX6059900, TX,-97.253175,29.14989,,32.7666,-96.7779,251.751482,290,9.469731408,1,30,2.280819455,30,1.674525676,13.42507654,,NO,-73,NO,-59.57492346, DOTX6059900,,
EOR, DOTX6060300,Western Gulf - TX, DOTX6060300, TX,-97.253175,29.14989,,32.7666,-96.7779,251.751482,290,9.469731408,1,30,2.280819455,30,1.674525676,13.42507654,,YES,100,YES,113.4250765, DOTX6060300,,
EOR, DOTX6060400,Western Gulf - TX, DOTX6060400, TX,-97.253175,29.14989,,32.7666,-96.7779,251.751482,290,9.469731408,1,30,2.280819455,30,1.674525676,13.42507654,,YES,-15,YES,-1.574923461, DOTX6060400,,
EOR, DOTX6060500,Western Gulf - TX, DOTX6060500, TX,-97.253175,29.14989,,32.7666,-96.7779,251.751482,290,9.469731408,1,30,2.280819455,30,1.674525676,13.42507654,,NO,-55,YES,-41.57492346, DOTX6060500,,
EOR, DOTX6060700,Western Gulf - TX, DOTX6060700, TX,-97.253175,29.14989,,32.7666,-96.7779,251.751482,290,9.469731408,1,30,2.280819455,30,1.674525676,13.42507654,,NO,-81,YES,-67.57492346, DOTX6060700,,
EOR, DOTX6062400,Western Gulf - TX, DOTX6062400, TX,-97.253175,29.14989,,32.7666,-96.7779,251.751482,290,9.469731408,1,30,2.280819455,30,1.674525676,13.42507654,,NO,100,NO,113.4250765, DOTX6062400,,
EOR, DOTX6063900,Western Gulf - TX, DOTX6063900, TX,-97.253175,29.14989,,32.7666,-96.7779,251.751482,290,9.469731408,1,30,2.280819455,30,1.674525676,13.42507654,,NO,-73,YES,-59.57492346, DOTX6063900,,
EOR, DOTX6064500,Western Gulf - TX, DOTX6064500, TX,-97.253175,29.14989,,32.7666,-96.7779,251.751482,290,9.469731408,1,30,2.280819455,30,1.674525676,13.42507654,,YES,53,NO,66.42507654, DOTX6064500,,
EOR, DOTX6066800,Western Gulf - TX, DOTX6066800, TX,-97.253175,29.14989,,32.7666,-96.7779,251.751482,290,9.469731408,1,30,2.280819455,30,1.674525676,13.42507654,,YES,-87,YES,-73.57492346, DOTX6066800,,
EOR, DOTX6066900,Western Gulf - TX, DOTX6066900, TX,-97.253175,29.14989,,32.7666,-96.7779,251.751482,290,9.469731408,1,30,2.280819455,30,1.674525676,13.42507654,,NO,-5,NO,8.425076539, DOTX6066900,,
EOR, DOTX6071500,Western Gulf - TX, DOTX6071500, TX,-97.253175,29.14989,,32.7666,-96.7779,251.751482,290,9.469731408,1,30,2.280819455,30,1.674525676,13.42507654,,NO,-46,YES,-32.57492346, DOTX6071500,,
EOR, DOTX6073000,Western Gulf - TX, DOTX6073000, TX,-97.253175,29.14989,,32.7666,-96.7779,251.751482,290,9.469731408,1,30,2.280819455,30,1.674525676,13.42507654,,NO,26,NO,39.42507654, DOTX6073000,,
EOR, DOTX6073600,Western Gulf - TX, DOTX6073600, TX,-97.253175,29.14989,,32.7666,-96.7779,251.751482,290,9.469731408,1,30,2.280819455,30,1.674525676,13.42507654,,NO,-81,YES,-67.57492346, DOTX6073600,,
EOR, DOTX6074300,Western Gulf - TX, DOTX6074300, TX,-97.253175,29.14989,,32.7666,-96.7779,251.751482,290,9.469731408,1,30,2.280819455,30,1.674525676,13.42507654,,YES,16,NO,29.42507654, DOTX6074300,,
EOR, DOTX6074800,Western Gulf - TX, DOTX6074800, TX,-97.253175,29.14989,,32.7666,-96.7779,251.751482,290,9.469731408,1,30,2.280819455,30,1.674525676,13.42507654,,NO,-24,YES,-10.57492346, DOTX6074800,,
EOR, DOTX6078500,Western Gulf - TX, DOTX6078500, TX,-97.253175,29.14989,,32.7666,-96.7779,251.751482,290,9.469731408,1,30,2.280819455,30,1.674525676,13.42507654,,YES,-12,YES,1.425076539, DOTX6078500,,
EOR, DOTX6079300,Western Gulf - TX, DOTX6079300, TX,-97.253175,29.14989,,32.7666,-96.7779,251.751482,290,9.469731408,1,30,2.280819455,30,1.674525676,13.42507654,,NO,-1,NO,12.42507654, DOTX6079300,,
EOR, DOTX6079600,Western Gulf - TX, DOTX6079600, TX,-97.253175,29.14989,,32.7666,-96.7779,251.751482,290,9.469731408,1,30,2.280819455,30,1.674525676,13.42507654,,NO,-83,YES,-69.57492346, DOTX6079600,,
EOR, DOTX6080400,Western Gulf - TX, DOTX6080400, TX,-97.253175,29.14989,,32.7666,-96.7779,251.751482,290,9.469731408,1,30,2.280819455,30,1.674525676,13.42507654,,NO,6,YES,19.42507654, DOTX6080400,,
EOR, DOTX6080600,Western Gulf - TX, DOTX6080600, TX,-97.253175,29.14989,,32.7666,-96.7779,251.751482,290,9.469731408,1,30,2.280819455,30,1.674525676,13.42507654,,YES,18,NO,31.42507654, DOTX6080600,,
EOR, DOTX6080700,Western Gulf - TX, DOTX6080700, TX,-97.253175,29.14989,,32.7666,-96.7779,251.751482,290,9.469731408,1,30,2.280819455,30,1.674525676,13.42507654,,NO,-36,YES,-22.57492346, DOTX6080700,,
EOR, DOTX6081400,Western Gulf - TX, DOTX6081400, TX,-97.253175,29.14989,,32.7666,-96.7779,251.751482,290,9.469731408,1,30,2.280819455,30,1.674525676,13.42507654,,NO,-115,YES,-101.5749235, DOTX6081400,,
EOR, DOTX6081800,Western Gulf - TX, DOTX6081800, TX,-97.253175,29.14989,,32.7666,-96.7779,251.751482,290,9.469731408,1,30,2.280819455,30,1.674525676,13.42507654,,NO,9,NO,22.42507654, DOTX6081800,,
EOR, DOTX6083100,Western Gulf - TX, DOTX6083100, TX,-97.253175,29.14989,,32.7666,-96.7779,251.751482,290,9.469731408,1,30,2.280819455,30,1.674525676,13.42507654,,YES,-8,YES,5.425076539, DOTX6083100,,
EOR, DOTX6083400,Western Gulf - TX, DOTX6083400, TX,-97.253175,29.14989,,32.7666,-96.7779,251.751482,290,9.469731408,1,30,2.280819455,30,1.674525676,13.42507654,,NO,100,YES,113.4250765, DOTX6083400,,
EOR, DOTX6084500,Western Gulf - TX, DOTX6084500, TX,-97.253175,29.14989,,32.7666,-96.7779,251.751482,290,9.469731408,1,30,2.280819455,30,1.674525676,13.42507654,,NO,-106,YES,-92.57492346, DOTX6084500,,
EOR, DOTX6084600,Western Gulf - TX, DOTX6084600, TX,-97.253175,29.14989,,32.7666,-96.7779,251.751482,290,9.469731408,1,30,2.280819455,30,1.674525676,13.42507654,,NO,65,YES,78.42507654, DOTX6084600,,
EOR, DOTX6084700,Western Gulf - TX, DOTX6084700, TX,-97.253175,29.14989,,32.7666,-96.7779,251.751482,290,9.469731408,1,30,2.280819455,30,1.674525676,13.42507654,,YES,100,NO,113.4250765, DOTX6084700,,
EOR, DOTX6084900,Western Gulf - TX, DOTX6084900, TX,-97.253175,29.14989,,32.7666,-96.7779,251.751482,290,9.469731408,1,30,2.280819455,30,1.674525676,13.42507654,,NO,-52,YES,-38.57492346, DOTX6084900,,
EOR, DOTX6086100,Western Gulf - TX, DOTX6086100, TX,-97.253175,29.14989,,32.7666,-96.7779,251.751482,290,9.469731408,1,30,2.280819455,30,1.674525676,13.42507654,,NO,100,NO,113.4250765, DOTX6086100,,
EOR, DOTX6086600,Western Gulf - TX, DOTX6086600, TX,-97.253175,29.14989,,32.7666,-96.7779,251.751482,290,9.469731408,1,30,2.280819455,30,1.674525676,13.42507654,,NO,3,YES,16.42507654, DOTX6086600,,
EOR, DOTX6088300,Western Gulf - TX, DOTX6088300, TX,-97.253175,29.14989,,32.7666,-96.7779,251.751482,290,9.469731408,1,30,2.280819455,30,1.674525676,13.42507654,,NO,98,NO,111.4250765, DOTX6088300,,
EOR, DOTX6089700,Western Gulf - TX, DOTX6089700, TX,-97.253175,29.14989,,32.7666,-96.7779,251.751482,290,9.469731408,1,30,2.280819455,30,1.674525676,13.42507654,,NO,100,NO,113.4250765, DOTX6089700,,
EOR, DOTX6089900,Western Gulf - TX, DOTX6089900, TX,-97.253175,29.14989,,32.7666,-96.7779,251.751482,290,9.469731408,1,30,2.280819455,30,1.674525676,13.42507654,,NO,-98,YES,-84.57492346, DOTX6089900,,
EOR, DOTX6092000,Western Gulf - TX, DOTX6092000, TX,-97.253175,29.14989,,32.7666,-96.7779,251.751482,290,9.469731408,1,30,2.280819455,30,1.674525676,13.42507654,,NO,12,YES,25.42507654, DOTX6092000,,
EOR, DOTX6094100,Western Gulf - TX, DOTX6094100, TX,-97.253175,29.14989,,32.7666,-96.7779,251.751482,290,9.469731408,1,30,2.280819455,30,1.674525676,13.42507654,,NO,-100,YES,-86.57492346, DOTX6094100,,
EOR, DOTX6095500,Western Gulf - TX, DOTX6095500, TX,-97.253175,29.14989,,32.7666,-96.7779,251.751482,290,9.469731408,1,30,2.280819455,30,1.674525676,13.42507654,,NO,38,NO,51.42507654, DOTX6095500,,
EOR, DOTX6097300,Western Gulf - TX, DOTX6097300, TX,-97.253175,29.14989,,32.7666,-96.7779,251.751482,290,9.469731408,1,30,2.280819455,30,1.674525676,13.42507654,,NO,-24,YES,-10.57492346, DOTX6097300,,
EOR, DOTX6097400,Western Gulf - TX, DOTX6097400, TX,-97.253175,29.14989,,32.7666,-96.7779,251.751482,290,9.469731408,1,30,2.280819455,30,1.674525676,13.42507654,,NO,-55,YES,-41.57492346, DOTX6097400,,
EOR, DOTX6097500,Western Gulf - TX, DOTX6097500, TX,-97.253175,29.14989,,32.7666,-96.7779,251.751482,290,9.469731408,1,30,2.280819455,30,1.674525676,13.42507654,,NO,-31,YES,-17.57492346, DOTX6097500,,
EOR, DOTX6097700,Western Gulf - TX, DOTX6097700, TX,-97.253175,29.14989,,32.7666,-96.7779,251.751482,290,9.469731408,1,30,2.280819455,30,1.674525676,13.42507654,,NO,81,NO,94.42507654, DOTX6097700,,
EOR, DOTX6100300,Western Gulf - TX, DOTX6100300, TX,-97.253175,29.14989,,32.7666,-96.7779,251.751482,290,9.469731408,1,30,2.280819455,30,1.674525676,13.42507654,,NO,-81,YES,-67.57492346, DOTX6100300,,
EOR, DOTX6100400,Western Gulf - TX, DOTX6100400, TX,-97.253175,29.14989,,32.7666,-96.7779,251.751482,290,9.469731408,1,30,2.280819455,30,1.674525676,13.42507654,,YES,-49,NO,-35.57492346, DOTX6100400,,
EOR, DOTX6101900,Western Gulf - TX, DOTX6101900, TX,-97.253175,29.14989,,32.7666,-96.7779,251.751482,290,9.469731408,1,30,2.280819455,30,1.674525676,13.42507654,,NO,100,YES,113.4250765, DOTX6101900,,
EOR, DOTX6102200,Western Gulf - TX, DOTX6102200, TX,-97.253175,29.14989,,32.7666,-96.7779,251.751482,290,9.469731408,1,30,2.280819455,30,1.674525676,13.42507654,,YES,4,YES,17.42507654, DOTX6102200,,
EOR, DOTX6102300,Western Gulf - TX, DOTX6102300, TX,-97.253175,29.14989,,32.7666,-96.7779,251.751482,290,9.469731408,1,30,2.280819455,30,1.674525676,13.42507654,,NO,18,YES,31.42507654, DOTX6102300,,
EOR, DOTX6102900,Western Gulf - TX, DOTX6102900, TX,-97.253175,29.14989,,32.7666,-96.7779,251.751482,290,9.469731408,1,30,2.280819455,30,1.674525676,13.42507654,,NO,100,NO,113.4250765, DOTX6102900,,
EOR, DOTX6103300,Western Gulf - TX, DOTX6103300, TX,-97.253175,29.14989,,32.7666,-96.7779,251.751482,290,9.469731408,1,30,2.280819455,30,1.674525676,13.42507654,,YES,100,NO,113.4250765, DOTX6103300,,
EOR, DOTX6106500,Western Gulf - TX, DOTX6106500, TX,-97.253175,29.14989,,32.7666,-96.7779,251.751482,290,9.469731408,1,30,2.280819455,30,1.674525676,13.42507654,,YES,-12,NO,1.425076539, DOTX6106500,,
EOR, DOTX6106600,Western Gulf - TX, DOTX6106600, TX,-97.253175,29.14989,,32.7666,-96.7779,251.751482,290,9.469731408,1,30,2.280819455,30,1.674525676,13.42507654,,YES,100,NO,113.4250765, DOTX6106600,,
EOR, DOTX6107600,Western Gulf - TX, DOTX6107600, TX,-97.253175,29.14989,,32.7666,-96.7779,251.751482,290,9.469731408,1,30,2.280819455,30,1.674525676,13.42507654,,NO,-29,YES,-15.57492346, DOTX6107600,,
EOR, DOTX6107700,Western Gulf - TX, DOTX6107700, TX,-97.253175,29.14989,,32.7666,-96.7779,251.751482,290,9.469731408,1,30,2.280819455,30,1.674525676,13.42507654,,NO,-46,YES,-32.57492346, DOTX6107700,,
EOR, DOTX6108500,Western Gulf - TX, DOTX6108500, TX,-97.253175,29.14989,,32.7666,-96.7779,251.751482,290,9.469731408,1,30,2.280819455,30,1.674525676,13.42507654,,YES,33,YES,46.42507654, DOTX6108500,,
EOR, DOTX6109300,Western Gulf - TX, DOTX6109300, TX,-97.253175,29.14989,,32.7666,-96.7779,251.751482,290,9.469731408,1,30,2.280819455,30,1.674525676,13.42507654,,YES,100,YES,113.4250765, DOTX6109300,,
EOR, DOTX6110300,Western Gulf - TX, DOTX6110300, TX,-97.253175,29.14989,,32.7666,-96.7779,251.751482,290,9.469731408,1,30,2.280819455,30,1.674525676,13.42507654,,NO,-50,YES,-36.57492346, DOTX6110300,,
EOR, DOTX6112500,Western Gulf - TX, DOTX6112500, TX,-97.253175,29.14989,,32.7666,-96.7779,251.751482,290,9.469731408,1,30,2.280819455,30,1.674525676,13.42507654,,NO,64,NO,77.42507654, DOTX6112500,,
EOR, DOTX6112600,Western Gulf - TX, DOTX6112600, TX,-97.253175,29.14989,,32.7666,-96.7779,251.751482,290,9.469731408,1,30,2.280819455,30,1.674525676,13.42507654,,NO,-28,NO,-14.57492346, DOTX6112600,,
EOR, DOTX6114600,Western Gulf - TX, DOTX6114600, TX,-97.253175,29.14989,,32.7666,-96.7779,251.751482,290,9.469731408,1,30,2.280819455,30,1.674525676,13.42507654,,NO,100,NO,113.4250765, DOTX6114600,,
EOR, DOTX6116200,Western Gulf - TX, DOTX6116200, TX,-97.253175,29.14989,,32.7666,-96.7779,251.751482,290,9.469731408,1,30,2.280819455,30,1.674525676,13.42507654,,NO,-1,NO,12.42507654, DOTX6116200,,
EOR, DOTX6116800,Western Gulf - TX, DOTX6116800, TX,-97.253175,29.14989,,32.7666,-96.7779,251.751482,290,9.469731408,1,30,2.280819455,30,1.674525676,13.42507654,,YES,100,NO,113.4250765, DOTX6116800,,
EOR, DOTX6117000,Western Gulf - TX, DOTX6117000, TX,-97.253175,29.14989,,32.7666,-96.7779,251.751482,290,9.469731408,1,30,2.280819455,30,1.674525676,13.42507654,,YES,100,NO,113.4250765, DOTX6117000,,
EOR, DOTX6119500,Western Gulf - TX, DOTX6119500, TX,-97.253175,29.14989,,32.7666,-96.7779,251.751482,290,9.469731408,1,30,2.280819455,30,1.674525676,13.42507654,,YES,100,NO,113.4250765, DOTX6119500,,
EOR, DOTX6120000,Western Gulf - TX, DOTX6120000, TX,-97.253175,29.14989,,32.7666,-96.7779,251.751482,290,9.469731408,1,30,2.280819455,30,1.674525676,13.42507654,,NO,100,YES,113.4250765, DOTX6120000,,
EOR, DOTX6121900,Western Gulf - TX, DOTX6121900, TX,-97.253175,29.14989,,32.7666,-96.7779,251.751482,290,9.469731408,1,30,2.280819455,30,1.674525676,13.42507654,,YES,100,NO,113.4250765, DOTX6121900,,
EOR, DOTX6122500,Western Gulf - TX, DOTX6122500, TX,-97.253175,29.14989,,32.7666,-96.7779,251.751482,290,9.469731408,1,30,2.280819455,30,1.674525676,13.42507654,,NO,100,NO,113.4250765, DOTX6122500,,
EOR, DOTX6122600,Western Gulf - TX, DOTX6122600, TX,-97.253175,29.14989,,32.7666,-96.7779,251.751482,290,9.469731408,1,30,2.280819455,30,1.674525676,13.42507654,,NO,100,NO,113.4250765, DOTX6122600,,
EOR, DOTX6124100,Western Gulf - TX, DOTX6124100, TX,-97.253175,29.14989,,32.7666,-96.7779,251.751482,290,9.469731408,1,30,2.280819455,30,1.674525676,13.42507654,,NO,-26,YES,-12.57492346, DOTX6124100,,
EOR, DOTX6124900,Western Gulf - TX, DOTX6124900, TX,-97.253175,29.14989,,32.7666,-96.7779,251.751482,290,9.469731408,1,30,2.280819455,30,1.674525676,13.42507654,,NO,-59,NO,-45.57492346, DOTX6124900,,
EOR, DOTX6125000,Western Gulf - TX, DOTX6125000, TX,-97.253175,29.14989,,32.7666,-96.7779,251.751482,290,9.469731408,1,30,2.280819455,30,1.674525676,13.42507654,,NO,100,NO,113.4250765, DOTX6125000,,
EOR, DOTX6125300,Western Gulf - TX, DOTX6125300, TX,-97.253175,29.14989,,32.7666,-96.7779,251.751482,290,9.469731408,1,30,2.280819455,30,1.674525676,13.42507654,,YES,100,NO,113.4250765, DOTX6125300,,
EOR, DOTX6125500,Western Gulf - TX, DOTX6125500, TX,-97.253175,29.14989,,32.7666,-96.7779,251.751482,290,9.469731408,1,30,2.280819455,30,1.674525676,13.42507654,,NO,78,NO,91.42507654, DOTX6125500,,
EOR, DOTX6128500,Western Gulf - TX, DOTX6128500, TX,-97.253175,29.14989,,32.7666,-96.7779,251.751482,290,9.469731408,1,30,2.280819455,30,1.674525676,13.42507654,,YES,100,NO,113.4250765, DOTX6128500,,
EOR, DOTX6130300,Western Gulf - TX, DOTX6130300, TX,-97.253175,29.14989,,32.7666,-96.7779,251.751482,290,9.469731408,1,30,2.280819455,30,1.674525676,13.42507654,,YES,33,YES,46.42507654, DOTX6130300,,
EOR, DOTX6130500,Western Gulf - TX, DOTX6130500, TX,-97.253175,29.14989,,32.7666,-96.7779,251.751482,290,9.469731408,1,30,2.280819455,30,1.674525676,13.42507654,,NO,100,NO,113.4250765, DOTX6130500,,
EOR, DOTX6131100,Western Gulf - TX, DOTX6131100, TX,-97.253175,29.14989,,32.7666,-96.7779,251.751482,290,9.469731408,1,30,2.280819455,30,1.674525676,13.42507654,,NO,-59,YES,-45.57492346, DOTX6131100,,
EOR, DOTX6131200,Western Gulf - TX, DOTX6131200, TX,-97.253175,29.14989,,32.7666,-96.7779,251.751482,290,9.469731408,1,30,2.280819455,30,1.674525676,13.42507654,,YES,100,NO,113.4250765, DOTX6131200,,
EOR, DOTX6131800,Western Gulf - TX, DOTX6131800, TX,-97.253175,29.14989,,32.7666,-96.7779,251.751482,290,9.469731408,1,30,2.280819455,30,1.674525676,13.42507654,,NO,100,NO,113.4250765, DOTX6131800,,
EOR, DOTX6132100,Western Gulf - TX, DOTX6132100, TX,-97.253175,29.14989,,32.7666,-96.7779,251.751482,290,9.469731408,1,30,2.280819455,30,1.674525676,13.42507654,,YES,50,NO,63.42507654, DOTX6132100,,
EOR, DOTX6132300,Western Gulf - TX, DOTX6132300, TX,-97.253175,29.14989,,32.7666,-96.7779,251.751482,290,9.469731408,1,30,2.280819455,30,1.674525676,13.42507654,,NO,6,NO,19.42507654, DOTX6132300,,
EOR, DOTX6132900,Western Gulf - TX, DOTX6132900, TX,-97.253175,29.14989,,32.7666,-96.7779,251.751482,290,9.469731408,1,30,2.280819455,30,1.674525676,13.42507654,,NO,0,NO,13.42507654, DOTX6132900,,
EOR, DOTX6135100,Western Gulf - TX, DOTX6135100, TX,-97.253175,29.14989,,32.7666,-96.7779,251.751482,290,9.469731408,1,30,2.280819455,30,1.674525676,13.42507654,,NO,100,YES,113.4250765, DOTX6135100,,
EOR, DOTX6135800,Western Gulf - TX, DOTX6135800, TX,-97.253175,29.14989,,32.7666,-96.7779,251.751482,290,9.469731408,1,30,2.280819455,30,1.674525676,13.42507654,,NO,-60,NO,-46.57492346, DOTX6135800,,
EOR, DOTX6137300,Western Gulf - TX, DOTX6137300, TX,-97.253175,29.14989,,32.7666,-96.7779,251.751482,290,9.469731408,1,30,2.280819455,30,1.674525676,13.42507654,,NO,100,NO,113.4250765, DOTX6137300,,
EOR, DOTX6139800,Western Gulf - TX, DOTX6139800, TX,-97.253175,29.14989,,32.7666,-96.7779,251.751482,290,9.469731408,1,30,2.280819455,30,1.674525676,13.42507654,,NO,-94,YES,-80.57492346, DOTX6139800,,
EOR, DOTX6141200,Western Gulf - TX, DOTX6141200, TX,-97.253175,29.14989,,32.7666,-96.7779,251.751482,290,9.469731408,1,30,2.280819455,30,1.674525676,13.42507654,,YES,100,NO,113.4250765, DOTX6141200,,
EOR, DOTX6142100,Western Gulf - TX, DOTX6142100, TX,-97.253175,29.14989,,32.7666,-96.7779,251.751482,290,9.469731408,1,30,2.280819455,30,1.674525676,13.42507654,,NO,100,NO,113.4250765, DOTX6142100,,
EOR, DOTX6148200,Western Gulf - TX, DOTX6148200, TX,-97.253175,29.14989,,32.7666,-96.7779,251.751482,290,9.469731408,1,30,2.280819455,30,1.674525676,13.42507654,,NO,100,NO,113.4250765, DOTX6148200,,
EOR, DOTX6149500,Western Gulf - TX, DOTX6149500, TX,-97.253175,29.14989,,32.7666,-96.7779,251.751482,290,9.469731408,1,30,2.280819455,30,1.674525676,13.42507654,,NO,-18,NO,-4.574923461, DOTX6149500,,
EOR, DOMT6481500,Williston Basin - MT, DOMT6481500, MT,-105.135614,47.690216,,32.7666,-96.7779,1121.056659,1290,#N/A,1,50,4.013087396,50,2.569530778,#N/A,,NO,-126,YES,#N/A, DOMT6481500,,
EOR, DOMT6481600,Williston Basin - MT, DOMT6481600, MT,-105.135614,47.690216,,32.7666,-96.7779,1121.056659,1290,#N/A,1,50,4.013087396,50,2.569530778,#N/A,,NO,8,YES,#N/A, DOMT6481600,,
EOR, DOMT6481700,Williston Basin - MT, DOMT6481700, MT,-105.135614,47.690216,,32.7666,-96.7779,1121.056659,1290,#N/A,1,50,4.013087396,50,2.569530778,#N/A,,NO,100,NO,#N/A, DOMT6481700,,
EOR, DOMT6481800,Williston Basin - MT, DOMT6481800, MT,-105.135614,47.690216,,32.7666,-96.7779,1121.056659,1290,#N/A,1,50,4.013087396,50,2.569530778,#N/A,,NO,100,YES,#N/A, DOMT6481800,,
EOR, DOMT6481900,Williston Basin - MT, DOMT6481900, MT,-105.135614,47.690216,,32.7666,-96.7779,1121.056659,1290,#N/A,1,50,4.013087396,50,2.569530778,#N/A,,NO,100,YES,#N/A, DOMT6481900,,
EOR, DOMT6483200,Williston Basin - MT, DOMT6483200, MT,-105.135614,47.690216,,32.7666,-96.7779,1121.056659,1290,#N/A,1,50,4.013087396,50,2.569530778,#N/A,,NO,10,YES,#N/A, DOMT6483200,,
EOR, DOMT6485200,Williston Basin - MT, DOMT6485200, MT,-105.135614,47.690216,,32.7666,-96.7779,1121.056659,1290,#N/A,1,50,4.013087396,50,2.569530778,#N/A,,NO,100,NO,#N/A, DOMT6485200,,
EOR, DOMT6486000,Williston Basin - MT, DOMT6486000, MT,-105.135614,47.690216,,32.7666,-96.7779,1121.056659,1290,#N/A,1,50,4.013087396,50,2.569530778,#N/A,,NO,-50,YES,#N/A, DOMT6486000,,
EOR, DOMT6490200,Williston Basin - MT, DOMT6490200, MT,-105.135614,47.690216,,32.7666,-96.7779,1121.056659,1290,#N/A,1,50,4.013087396,50,2.569530778,#N/A,,YES,-30,YES,#N/A, DOMT6490200,,
EOR, DOMT6491800,Williston Basin - MT, DOMT6491800, MT,-105.135614,47.690216,,32.7666,-96.7779,1121.056659,1290,#N/A,1,50,4.013087396,50,2.569530778,#N/A,,NO,100,NO,#N/A, DOMT6491800,,
EOR, DOMT6491900,Williston Basin - MT, DOMT6491900, MT,-105.135614,47.690216,,32.7666,-96.7779,1121.056659,1290,#N/A,1,50,4.013087396,50,2.569530778,#N/A,,YES,65,YES,#N/A, DOMT6491900,,
EOR, DOMT6492400,Williston Basin - MT, DOMT6492400, MT,-105.135614,47.690216,,32.7666,-96.7779,1121.056659,1290,#N/A,1,50,4.013087396,50,2.569530778,#N/A,,NO,100,NO,#N/A, DOMT6492400,,
EOR, DOMT6493400,Williston Basin - MT, DOMT6493400, MT,-105.135614,47.690216,,32.7666,-96.7779,1121.056659,1290,#N/A,1,50,4.013087396,50,2.569530778,#N/A,,NO,94,NO,#N/A, DOMT6493400,,
EOR, DOMT6498300,Williston Basin - MT, DOMT6498300, MT,-105.135614,47.690216,,32.7666,-96.7779,1121.056659,1290,#N/A,1,50,4.013087396,50,2.569530778,#N/A,,NO,40,NO,#N/A, DOMT6498300,,
EOR, DOMT6503600,Williston Basin - MT, DOMT6503600, MT,-105.135614,47.690216,,32.7666,-96.7779,1121.056659,1290,#N/A,1,50,4.013087396,50,2.569530778,#N/A,,YES,84,NO,#N/A, DOMT6503600,,
EOR, DOMT6506000,Williston Basin - MT, DOMT6506000, MT,-105.135614,47.690216,,32.7666,-96.7779,1121.056659,1290,#N/A,1,50,4.013087396,50,2.569530778,#N/A,,NO,100,NO,#N/A, DOMT6506000,,
EOR, DOND6480600,Williston Basin - ND, DOND6480600, ND,-101.880459,47.526298,,32.7666,-96.7779,1055.370044,1210,#N/A,1,50,4.013087396,50,2.569530778,#N/A,,NO,-19,YES,#N/A, DOND6480600,,
EOR, DOND6480900,Williston Basin - ND, DOND6480900, ND,-101.880459,47.526298,,32.7666,-96.7779,1055.370044,1210,#N/A,1,50,4.013087396,50,2.569530778,#N/A,,NO,-70,YES,#N/A, DOND6480900,,
EOR, DOND6481200,Williston Basin - ND, DOND6481200, ND,-101.880459,47.526298,,32.7666,-96.7779,1055.370044,1210,#N/A,1,50,4.013087396,50,2.569530778,#N/A,,NO,-60,YES,#N/A, DOND6481200,,
EOR, DOND6482300,Williston Basin - ND, DOND6482300, ND,-101.880459,47.526298,,32.7666,-96.7779,1055.370044,1210,#N/A,1,50,4.013087396,50,2.569530778,#N/A,,NO,-26,YES,#N/A, DOND6482300,,
EOR, DOND6482600,Williston Basin - ND, DOND6482600, ND,-101.880459,47.526298,,32.7666,-96.7779,1055.370044,1210,#N/A,1,50,4.013087396,50,2.569530778,#N/A,,NO,-20,YES,#N/A, DOND6482600,,
EOR, DOND6482700,Williston Basin - ND, DOND6482700, ND,-101.880459,47.526298,,32.7666,-96.7779,1055.370044,1210,#N/A,1,50,4.013087396,50,2.569530778,#N/A,,NO,15,YES,#N/A, DOND6482700,,
EOR, DOND6482800,Williston Basin - ND, DOND6482800, ND,-101.880459,47.526298,,32.7666,-96.7779,1055.370044,1210,#N/A,1,50,4.013087396,50,2.569530778,#N/A,,YES,100,NO,#N/A, DOND6482800,,
EOR, DOND6483400,Williston Basin - ND, DOND6483400, ND,-101.880459,47.526298,,32.7666,-96.7779,1055.370044,1210,#N/A,1,50,4.013087396,50,2.569530778,#N/A,,NO,84,YES,#N/A, DOND6483400,,
EOR, DOND6483800,Williston Basin - ND, DOND6483800, ND,-101.880459,47.526298,,32.7666,-96.7779,1055.370044,1210,#N/A,1,50,4.013087396,50,2.569530778,#N/A,,NO,100,NO,#N/A, DOND6483800,,
EOR, DOND6484100,Williston Basin - ND, DOND6484100, ND,-101.880459,47.526298,,32.7666,-96.7779,1055.370044,1210,#N/A,1,50,4.013087396,50,2.569530778,#N/A,,NO,-60,YES,#N/A, DOND6484100,,
EOR, DOND6484300,Williston Basin - ND, DOND6484300, ND,-101.880459,47.526298,,32.7666,-96.7779,1055.370044,1210,#N/A,1,50,4.013087396,50,2.569530778,#N/A,,YES,100,NO,#N/A, DOND6484300,,
EOR, DOND6485300,Williston Basin - ND, DOND6485300, ND,-101.880459,47.526298,,32.7666,-96.7779,1055.370044,1210,#N/A,1,50,4.013087396,50,2.569530778,#N/A,,NO,100,NO,#N/A, DOND6485300,,
EOR, DOND6485400,Williston Basin - ND, DOND6485400, ND,-101.880459,47.526298,,32.7666,-96.7779,1055.370044,1210,#N/A,1,50,4.013087396,50,2.569530778,#N/A,,NO,18,NO,#N/A, DOND6485400,,
EOR, DOND6486600,Williston Basin - ND, DOND6486600, ND,-101.880459,47.526298,,32.7666,-96.7779,1055.370044,1210,#N/A,1,50,4.013087396,50,2.569530778,#N/A,,YES,63,NO,#N/A, DOND6486600,,
EOR, DOND6487000,Williston Basin - ND, DOND6487000, ND,-101.880459,47.526298,,32.7666,-96.7779,1055.370044,1210,#N/A,1,50,4.013087396,50,2.569530778,#N/A,,YES,100,NO,#N/A, DOND6487000,,
EOR, DOND6487300,Williston Basin - ND, DOND6487300, ND,-101.880459,47.526298,,32.7666,-96.7779,1055.370044,1210,#N/A,1,50,4.013087396,50,2.569530778,#N/A,,NO,100,NO,#N/A, DOND6487300,,
EOR, DOND6487400,Williston Basin - ND, DOND6487400, ND,-101.880459,47.526298,,32.7666,-96.7779,1055.370044,1210,#N/A,1,50,4.013087396,50,2.569530778,#N/A,,NO,-50,YES,#N/A, DOND6487400,,
EOR, DOND6488200,Williston Basin - ND, DOND6488200, ND,-101.880459,47.526298,,32.7666,-96.7779,1055.370044,1210,#N/A,1,50,4.013087396,50,2.569530778,#N/A,,YES,100,NO,#N/A, DOND6488200,,
EOR, DOND6488900,Williston Basin - ND, DOND6488900, ND,-101.880459,47.526298,,32.7666,-96.7779,1055.370044,1210,#N/A,1,50,4.013087396,50,2.569530778,#N/A,,NO,100,NO,#N/A, DOND6488900,,
EOR, DOND6489300,Williston Basin - ND, DOND6489300, ND,-101.880459,47.526298,,32.7666,-96.7779,1055.370044,1210,#N/A,1,50,4.013087396,50,2.569530778,#N/A,,NO,-24,YES,#N/A, DOND6489300,,
EOR, DOND6489400,Williston Basin - ND, DOND6489400, ND,-101.880459,47.526298,,32.7666,-96.7779,1055.370044,1210,#N/A,1,50,4.013087396,50,2.569530778,#N/A,,NO,-71,YES,#N/A, DOND6489400,,
EOR, DOND6490900,Williston Basin - ND, DOND6490900, ND,-101.880459,47.526298,,32.7666,-96.7779,1055.370044,1210,#N/A,1,50,4.013087396,50,2.569530778,#N/A,,NO,64,NO,#N/A, DOND6490900,,
EOR, DOND6492300,Williston Basin - ND, DOND6492300, ND,-101.880459,47.526298,,32.7666,-96.7779,1055.370044,1210,#N/A,1,50,4.013087396,50,2.569530778,#N/A,,NO,100,NO,#N/A, DOND6492300,,
EOR, DOND6492700,Williston Basin - ND, DOND6492700, ND,-101.880459,47.526298,,32.7666,-96.7779,1055.370044,1210,#N/A,1,50,4.013087396,50,2.569530778,#N/A,,NO,28,NO,#N/A, DOND6492700,,
EOR, DOND6492800,Williston Basin - ND, DOND6492800, ND,-101.880459,47.526298,,32.7666,-96.7779,1055.370044,1210,#N/A,1,50,4.013087396,50,2.569530778,#N/A,,NO,55,NO,#N/A, DOND6492800,,
EOR, DOND6494300,Williston Basin - ND, DOND6494300, ND,-101.880459,47.526298,,32.7666,-96.7779,1055.370044,1210,#N/A,1,50,4.013087396,50,2.569530778,#N/A,,NO,100,NO,#N/A, DOND6494300,,
EOR, DOND6494900,Williston Basin - ND, DOND6494900, ND,-101.880459,47.526298,,32.7666,-96.7779,1055.370044,1210,#N/A,1,50,4.013087396,50,2.569530778,#N/A,,YES,100,NO,#N/A, DOND6494900,,
EOR, DOND6496000,Williston Basin - ND, DOND6496000, ND,-101.880459,47.526298,,32.7666,-96.7779,1055.370044,1210,#N/A,1,50,4.013087396,50,2.569530778,#N/A,,YES,100,NO,#N/A, DOND6496000,,
EOR, DOND6499300,Williston Basin - ND, DOND6499300, ND,-101.880459,47.526298,,32.7666,-96.7779,1055.370044,1210,#N/A,1,50,4.013087396,50,2.569530778,#N/A,,YES,100,NO,#N/A, DOND6499300,,
EOR, DOND6500000,Williston Basin - ND, DOND6500000, ND,-101.880459,47.526298,,32.7666,-96.7779,1055.370044,1210,#N/A,1,50,4.013087396,50,2.569530778,#N/A,,YES,100,NO,#N/A, DOND6500000,,
EOR, DOND6500300,Williston Basin - ND, DOND6500300, ND,-101.880459,47.526298,,32.7666,-96.7779,1055.370044,1210,#N/A,1,50,4.013087396,50,2.569530778,#N/A,,YES,100,YES,#N/A, DOND6500300,,
EOR, DOND6502000,Williston Basin - ND, DOND6502000, ND,-101.880459,47.526298,,32.7666,-96.7779,1055.370044,1210,#N/A,1,50,4.013087396,50,2.569530778,#N/A,,NO,100,NO,#N/A, DOND6502000,,
EOR, DOND6503100,Williston Basin - ND, DOND6503100, ND,-101.880459,47.526298,,32.7666,-96.7779,1055.370044,1210,#N/A,1,50,4.013087396,50,2.569530778,#N/A,,NO,-5,YES,#N/A, DOND6503100,,
EOR, DOND6504700,Williston Basin - ND, DOND6504700, ND,-101.880459,47.526298,,32.7666,-96.7779,1055.370044,1210,#N/A,1,50,4.013087396,50,2.569530778,#N/A,,NO,-64,YES,#N/A, DOND6504700,,
EOR, DOND6508600,Williston Basin - ND, DOND6508600, ND,-101.880459,47.526298,,32.7666,-96.7779,1055.370044,1210,#N/A,1,50,4.013087396,50,2.569530778,#N/A,,NO,-16,NO,#N/A, DOND6508600,,
EOR, DOND6512200,Williston Basin - ND, DOND6512200, ND,-101.880459,47.526298,,32.7666,-96.7779,1055.370044,1210,#N/A,1,50,4.013087396,50,2.569530778,#N/A,,NO,-24,YES,#N/A, DOND6512200,,
EOR, DOND6513300,Williston Basin - ND, DOND6513300, ND,-101.880459,47.526298,,32.7666,-96.7779,1055.370044,1210,#N/A,1,50,4.013087396,50,2.569530778,#N/A,,NO,-19,YES,#N/A, DOND6513300,,
EOR, DOND6514700,Williston Basin - ND, DOND6514700, ND,-101.880459,47.526298,,32.7666,-96.7779,1055.370044,1210,#N/A,1,50,4.013087396,50,2.569530778,#N/A,,NO,38,NO,#N/A, DOND6514700,,
EOR, DOND6518100,Williston Basin - ND, DOND6518100, ND,-101.880459,47.526298,,32.7666,-96.7779,1055.370044,1210,#N/A,1,50,4.013087396,50,2.569530778,#N/A,,YES,100,NO,#N/A, DOND6518100,,
EOR, DOND6523400,Williston Basin - ND, DOND6523400, ND,-101.880459,47.526298,,32.7666,-96.7779,1055.370044,1210,#N/A,1,50,4.013087396,50,2.569530778,#N/A,,YES,84,NO,#N/A, DOND6523400,,
EOR, DOND7229500,Williston Basin - ND, DOND7229500, ND,-101.880459,47.526298,,32.7666,-96.7779,1055.370044,1210,#N/A,1,50,4.013087396,50,2.569530778,#N/A,,NO,100,YES,#N/A, DOND7229500,,
EOR, DOSD6483900,Williston Basin - SD, DOSD6483900, SD,-102.786016,45.592194,,32.7666,-96.7779,943.1212087,1080,#N/A,1,50,4.013087396,50,2.569530778,#N/A,,NO,100,YES,#N/A, DOSD6483900,,
EOR, DOSD7362300,Williston Basin - SD, DOSD7362300, SD,-102.786016,45.592194,,32.7666,-96.7779,943.1212087,1080,#N/A,1,50,4.013087396,50,2.569530778,#N/A,,NO,100,NO,#N/A, DOSD7362300,,
EOR, DOWY6799600,Wind River Basin, DOWY6799600, WY,-108.10941,43.071799,,32.7666,-96.7779,941.8315955,1080,#N/A,1,50,4.013087396,50,2.569530778,#N/A,,NO,-56,YES,#N/A, DOWY6799600,,
EOR, DOWY6801600,Wind River Basin, DOWY6801600, WY,-108.10941,43.071799,,32.7666,-96.7779,941.8315955,1080,#N/A,1,50,4.013087396,50,2.569530778,#N/A,,NO,2,NO,#N/A, DOWY6801600,,
EOR, DOWY6801700,Wind River Basin, DOWY6801700, WY,-108.10941,43.071799,,32.7666,-96.7779,941.8315955,1080,#N/A,1,50,4.013087396,50,2.569530778,#N/A,,NO,76,NO,#N/A, DOWY6801700,,
EOR, DOWY6801800,Wind River Basin, DOWY6801800, WY,-108.10941,43.071799,,32.7666,-96.7779,941.8315955,1080,#N/A,1,50,4.013087396,50,2.569530778,#N/A,,NO,100,NO,#N/A, DOWY6801800,,
EOR, DOWY6801900,Wind River Basin, DOWY6801900, WY,-108.10941,43.071799,,32.7666,-96.7779,941.8315955,1080,#N/A,1,50,4.013087396,50,2.569530778,#N/A,,NO,28,NO,#N/A, DOWY6801900,,
EOR, DOWY6802000,Wind River Basin, DOWY6802000, WY,-108.10941,43.071799,,32.7666,-96.7779,941.8315955,1080,#N/A,1,50,4.013087396,50,2.569530778,#N/A,,NO,100,NO,#N/A, DOWY6802000,,
EOR, DOWY6802100,Wind River Basin, DOWY6802100, WY,-108.10941,43.071799,,32.7666,-96.7779,941.8315955,1080,#N/A,1,50,4.013087396,50,2.569530778,#N/A,,NO,100,YES,#N/A, DOWY6802100,,
EOR, DOWY6802500,Wind River Basin, DOWY6802500, WY,-108.10941,43.071799,,32.7666,-96.7779,941.8315955,1080,#N/A,1,50,4.013087396,50,2.569530778,#N/A,,YES,100,NO,#N/A, DOWY6802500,,
EOR, DOWY6803200,Wind River Basin, DOWY6803200, WY,-108.10941,43.071799,,32.7666,-96.7779,941.8315955,1080,#N/A,1,50,4.013087396,50,2.569530778,#N/A,,NO,-58,YES,#N/A, DOWY6803200,,
EOR, DOWY6803300,Wind River Basin, DOWY6803300, WY,-108.10941,43.071799,,32.7666,-96.7779,941.8315955,1080,#N/A,1,50,4.013087396,50,2.569530778,#N/A,,YES,43,NO,#N/A, DOWY6803300,,
EOR, DOWY6803400,Wind River Basin, DOWY6803400, WY,-108.10941,43.071799,,32.7666,-96.7779,941.8315955,1080,#N/A,1,50,4.013087396,50,2.569530778,#N/A,,YES,100,NO,#N/A, DOWY6803400,,
EOR, DOWY6804200,Wind River Basin, DOWY6804200, WY,-108.10941,43.071799,,32.7666,-96.7779,941.8315955,1080,#N/A,1,50,4.013087396,50,2.569530778,#N/A,,YES,100,NO,#N/A, DOWY6804200,,
EOR, DOWY6804300,Wind River Basin, DOWY6804300, WY,-108.10941,43.071799,,32.7666,-96.7779,941.8315955,1080,#N/A,1,50,4.013087396,50,2.569530778,#N/A,,NO,-26,NO,#N/A, DOWY6804300,,
EOR, DOWY6804400,Wind River Basin, DOWY6804400, WY,-108.10941,43.071799,,32.7666,-96.7779,941.8315955,1080,#N/A,1,50,4.013087396,50,2.569530778,#N/A,,NO,100,NO,#N/A, DOWY6804400,,
EOR, DOUT6752800,ID - WY Thrust Belt - Greater Green River Basin - UT, DOUT6752800, UT,-111.403232,41.078347,,32.7666,-96.7779,990.0719276,1140,#N/A,1,50,4.013087396,50,2.569530778,#N/A,,YES,-73,YES,#N/A, DOUT6752800,,
EOR, DOUT6753000,ID - WY Thrust Belt - Greater Green River Basin - UT, DOUT6753000, UT,-111.403232,41.078347,,32.7666,-96.7779,990.0719276,1140,#N/A,1,50,4.013087396,50,2.569530778,#N/A,,NO,-38,NO,#N/A, DOUT6753000,,
EOR, DOWY6753100,ID - WY Thrust Belt - Greater Green River Basin - WY, DOWY6753100, WY,-109.560592,41.944102,,32.7666,-96.7779,945.1382853,1090,#N/A,1,50,4.013087396,50,2.569530778,#N/A,,NO,-67,YES,#N/A, DOWY6753100,,
EOR, DOCO6359500,Anadarko Basin - CO, DOCO6359500, CO,-102.265907,37.523736,,32.7666,-96.7779,452.1769037,520,16.16783411,1,50,4.013087396,50,2.569530778,22.75045229,,NO,-106,NO,-83.24954771, DOCO6359500,,
EOR, DOCO6379600,Anadarko Basin - CO, DOCO6379600, CO,-102.265907,37.523736,,32.7666,-96.7779,452.1769037,520,16.16783411,1,50,4.013087396,50,2.569530778,22.75045229,,NO,31,NO,53.75045229, DOCO6379600,,
EOR, DOAL6000800,Black Warrior Basin - AL, DOAL6000800, AL,-87.575393,33.799664,,32.7666,-96.7779,536.7172892,620,19.08381848,1,50,4.013087396,50,2.569530778,25.66643665,,NO,100,NO,125.6664367, DOAL6000800,,
EOR, DOCO6811800,Denver Basin - CO, DOCO6811800, CO,-103.648792,39.78414,,32.7666,-96.7779,617.9635869,710,21.72552709,1,50,4.013087396,50,2.569530778,28.30814526,,NO,-49,YES,-20.69185474, DOCO6811800,,
EOR, DOCO6811900,Denver Basin - CO, DOCO6811900, CO,-103.648792,39.78414,,32.7666,-96.7779,617.9635869,710,21.72552709,1,50,4.013087396,50,2.569530778,28.30814526,,YES,27,NO,55.30814526, DOCO6811900,,
EOR, DOCO6812300,Denver Basin - CO, DOCO6812300, CO,-103.648792,39.78414,,32.7666,-96.7779,617.9635869,710,21.72552709,1,50,4.013087396,50,2.569530778,28.30814526,,NO,100,NO,128.3081453, DOCO6812300,,
EOR, DOCO6813800,Denver Basin - CO, DOCO6813800, CO,-103.648792,39.78414,,32.7666,-96.7779,617.9635869,710,21.72552709,1,50,4.013087396,50,2.569530778,28.30814526,,NO,-3,NO,25.30814526, DOCO6813800,,
EOR, DOCO6816100,Denver Basin - CO, DOCO6816100, CO,-103.648792,39.78414,,32.7666,-96.7779,617.9635869,710,21.72552709,1,50,4.013087396,50,2.569530778,28.30814526,,YES,100,NO,128.3081453, DOCO6816100,,
EOR, DOCO6816700,Denver Basin - CO, DOCO6816700, CO,-103.648792,39.78414,,32.7666,-96.7779,617.9635869,710,21.72552709,1,50,4.013087396,50,2.569530778,28.30814526,,YES,-3,NO,25.30814526, DOCO6816700,,
EOR, DOCO6817600,Denver Basin - CO, DOCO6817600, CO,-103.648792,39.78414,,32.7666,-96.7779,617.9635869,710,21.72552709,1,50,4.013087396,50,2.569530778,28.30814526,,NO,100,NO,128.3081453, DOCO6817600,,
EOR, DOCO6818100,Denver Basin - CO, DOCO6818100, CO,-103.648792,39.78414,,32.7666,-96.7779,617.9635869,710,21.72552709,1,50,4.013087396,50,2.569530778,28.30814526,,NO,74,NO,102.3081453, DOCO6818100,,
EOR, DOCO6820100,Denver Basin - CO, DOCO6820100, CO,-103.648792,39.78414,,32.7666,-96.7779,617.9635869,710,21.72552709,1,50,4.013087396,50,2.569530778,28.30814526,,YES,100,NO,128.3081453, DOCO6820100,,
EOR, DOCO6820600,Denver Basin - CO, DOCO6820600, CO,-103.648792,39.78414,,32.7666,-96.7779,617.9635869,710,21.72552709,1,50,4.013087396,50,2.569530778,28.30814526,,NO,100,NO,128.3081453, DOCO6820600,,
EOR, DOCO6822300,Denver Basin - CO, DOCO6822300, CO,-103.648792,39.78414,,32.7666,-96.7779,617.9635869,710,21.72552709,1,50,4.013087396,50,2.569530778,28.30814526,,YES,53,NO,81.30814526, DOCO6822300,,
EOR, DOCO6824400,Denver Basin - CO, DOCO6824400, CO,-103.648792,39.78414,,32.7666,-96.7779,617.9635869,710,21.72552709,1,50,4.013087396,50,2.569530778,28.30814526,,NO,29,NO,57.30814526, DOCO6824400,,
EOR, DOCO6831200,Denver Basin - CO, DOCO6831200, CO,-103.648792,39.78414,,32.7666,-96.7779,617.9635869,710,21.72552709,1,50,4.013087396,50,2.569530778,28.30814526,,YES,100,NO,128.3081453, DOCO6831200,,
EOR, DOCO6832300,Denver Basin - CO, DOCO6832300, CO,-103.648792,39.78414,,32.7666,-96.7779,617.9635869,710,21.72552709,1,50,4.013087396,50,2.569530778,28.30814526,,NO,100,NO,128.3081453, DOCO6832300,,
EOR, DOCO6832700,Denver Basin - CO, DOCO6832700, CO,-103.648792,39.78414,,32.7666,-96.7779,617.9635869,710,21.72552709,1,50,4.013087396,50,2.569530778,28.30814526,,YES,100,NO,128.3081453, DOCO6832700,,
EOR, DOCO6833700,Denver Basin - CO, DOCO6833700, CO,-103.648792,39.78414,,32.7666,-96.7779,617.9635869,710,21.72552709,1,50,4.013087396,50,2.569530778,28.30814526,,NO,-98,YES,-69.69185474, DOCO6833700,,
EOR, DOCO6834400,Denver Basin - CO, DOCO6834400, CO,-103.648792,39.78414,,32.7666,-96.7779,617.9635869,710,21.72552709,1,50,4.013087396,50,2.569530778,28.30814526,,NO,100,YES,128.3081453, DOCO6834400,,
EOR, DOCO6834800,Denver Basin - CO, DOCO6834800, CO,-103.648792,39.78414,,32.7666,-96.7779,617.9635869,710,21.72552709,1,50,4.013087396,50,2.569530778,28.30814526,,NO,100,NO,128.3081453, DOCO6834800,,
EOR, DOCO6837700,Denver Basin - CO, DOCO6837700, CO,-103.648792,39.78414,,32.7666,-96.7779,617.9635869,710,21.72552709,1,50,4.013087396,50,2.569530778,28.30814526,,NO,100,NO,128.3081453, DOCO6837700,,
EOR, DOAL6007600,TX-LA-MS Salt Basins - AL, DOAL6007600, AL,-87.979407,31.031561,,32.7666,-96.7779,530.2600676,610,18.82397829,1,50,4.013087396,50,2.569530778,25.40659646,,YES,-12,YES,13.40659646, DOAL6007600,,
EOR, DOAL6009200,TX-LA-MS Salt Basins - AL, DOAL6009200, AL,-87.979407,31.031561,,32.7666,-96.7779,530.2600676,610,18.82397829,1,50,4.013087396,50,2.569530778,25.40659646,,YES,99,YES,124.4065965, DOAL6009200,,
EOR, DOAL6020400,TX-LA-MS Salt Basins - AL, DOAL6020400, AL,-87.979407,31.031561,,32.7666,-96.7779,530.2600676,610,18.82397829,1,50,4.013087396,50,2.569530778,25.40659646,,YES,-1,YES,24.40659646, DOAL6020400,,
EOR, DOAL6021000,TX-LA-MS Salt Basins - AL, DOAL6021000, AL,-87.979407,31.031561,,32.7666,-96.7779,530.2600676,610,18.82397829,1,50,4.013087396,50,2.569530778,25.40659646,,NO,-59,YES,-33.59340354, DOAL6021000,,
EOR, DOAL6023400,TX-LA-MS Salt Basins - AL, DOAL6023400, AL,-87.979407,31.031561,,32.7666,-96.7779,530.2600676,610,18.82397829,1,50,4.013087396,50,2.569530778,25.40659646,,NO,-62,YES,-36.59340354, DOAL6023400,,
EOR, DOAL6024100,TX-LA-MS Salt Basins - AL, DOAL6024100, AL,-87.979407,31.031561,,32.7666,-96.7779,530.2600676,610,18.82397829,1,50,4.013087396,50,2.569530778,25.40659646,,NO,-22,YES,3.406596461, DOAL6024100,,
EOR, DOAL6026600,TX-LA-MS Salt Basins - AL, DOAL6026600, AL,-87.979407,31.031561,,32.7666,-96.7779,530.2600676,610,18.82397829,1,50,4.013087396,50,2.569530778,25.40659646,,YES,100,NO,125.4065965, DOAL6026600,,
EOR, DOAL6029800,TX-LA-MS Salt Basins - AL, DOAL6029800, AL,-87.979407,31.031561,,32.7666,-96.7779,530.2600676,610,18.82397829,1,50,4.013087396,50,2.569530778,25.40659646,,NO,-49,YES,-23.59340354, DOAL6029800,,
EOR, DOAL6030300,TX-LA-MS Salt Basins - AL, DOAL6030300, AL,-87.979407,31.031561,,32.7666,-96.7779,530.2600676,610,18.82397829,1,50,4.013087396,50,2.569530778,25.40659646,,YES,100,NO,125.4065965, DOAL6030300,,
EOR, DOAL6030700,TX-LA-MS Salt Basins - AL, DOAL6030700, AL,-87.979407,31.031561,,32.7666,-96.7779,530.2600676,610,18.82397829,1,50,4.013087396,50,2.569530778,25.40659646,,YES,-38,YES,-12.59340354, DOAL6030700,,
EOR, DOAL6033400,TX-LA-MS Salt Basins - AL, DOAL6033400, AL,-87.979407,31.031561,,32.7666,-96.7779,530.2600676,610,18.82397829,1,50,4.013087396,50,2.569530778,25.40659646,,NO,40,NO,65.40659646, DOAL6033400,,
EOR, DOAL6875100,TX-LA-MS Salt Basins - AL, DOAL6875100, AL,-87.979407,31.031561,,32.7666,-96.7779,530.2600676,610,18.82397829,1,50,4.013087396,50,2.569530778,25.40659646,,NO,100,NO,125.4065965, DOAL6875100,,
EOR, DOAR6152100,TX-LA-MS Salt Basins - AR, DOAR6152100, AR,-92.631445,33.210107,,32.7666,-96.7779,242.5036435,280,9.195455651,1,30,2.280819455,30,1.674525676,13.15080078,,NO,5,NO,18.15080078, DOAR6152100,,
EOR, DOAR6152700,TX-LA-MS Salt Basins - AR, DOAR6152700, AR,-92.631445,33.210107,,32.7666,-96.7779,242.5036435,280,9.195455651,1,30,2.280819455,30,1.674525676,13.15080078,,NO,-123,NO,-109.8491992, DOAR6152700,,
EOR, DOAR6152800,TX-LA-MS Salt Basins - AR, DOAR6152800, AR,-92.631445,33.210107,,32.7666,-96.7779,242.5036435,280,9.195455651,1,30,2.280819455,30,1.674525676,13.15080078,,NO,-157,YES,-143.8491992, DOAR6152800,,
EOR, DOAR6153000,TX-LA-MS Salt Basins - AR, DOAR6153000, AR,-92.631445,33.210107,,32.7666,-96.7779,242.5036435,280,9.195455651,1,30,2.280819455,30,1.674525676,13.15080078,,NO,-206,YES,-192.8491992, DOAR6153000,,
EOR, DOAR6153600,TX-LA-MS Salt Basins - AR, DOAR6153600, AR,-92.631445,33.210107,,32.7666,-96.7779,242.5036435,280,9.195455651,1,30,2.280819455,30,1.674525676,13.15080078,,YES,-63,YES,-49.84919922, DOAR6153600,,
EOR, DOAR6154800,TX-LA-MS Salt Basins - AR, DOAR6154800, AR,-92.631445,33.210107,,32.7666,-96.7779,242.5036435,280,9.195455651,1,30,2.280819455,30,1.674525676,13.15080078,,NO,53,YES,66.15080078, DOAR6154800,,
EOR, DOAR6155400,TX-LA-MS Salt Basins - AR, DOAR6155400, AR,-92.631445,33.210107,,32.7666,-96.7779,242.5036435,280,9.195455651,1,30,2.280819455,30,1.674525676,13.15080078,,NO,-44,YES,-30.84919922, DOAR6155400,,
EOR, DOAR6155600,TX-LA-MS Salt Basins - AR, DOAR6155600, AR,-92.631445,33.210107,,32.7666,-96.7779,242.5036435,280,9.195455651,1,30,2.280819455,30,1.674525676,13.15080078,,NO,-62,YES,-48.84919922, DOAR6155600,,
EOR, DOAR6157000,TX-LA-MS Salt Basins - AR, DOAR6157000, AR,-92.631445,33.210107,,32.7666,-96.7779,242.5036435,280,9.195455651,1,30,2.280819455,30,1.674525676,13.15080078,,NO,91,NO,104.1508008, DOAR6157000,,
EOR, DOAR6157900,TX-LA-MS Salt Basins - AR, DOAR6157900, AR,-92.631445,33.210107,,32.7666,-96.7779,242.5036435,280,9.195455651,1,30,2.280819455,30,1.674525676,13.15080078,,NO,-68,YES,-54.84919922, DOAR6157900,,
EOR, DOAR6158000,TX-LA-MS Salt Basins - AR, DOAR6158000, AR,-92.631445,33.210107,,32.7666,-96.7779,242.5036435,280,9.195455651,1,30,2.280819455,30,1.674525676,13.15080078,,NO,68,NO,81.15080078, DOAR6158000,,
EOR, DOAR6158600,TX-LA-MS Salt Basins - AR, DOAR6158600, AR,-92.631445,33.210107,,32.7666,-96.7779,242.5036435,280,9.195455651,1,30,2.280819455,30,1.674525676,13.15080078,,NO,-67,YES,-53.84919922, DOAR6158600,,
EOR, DOAR6159000,TX-LA-MS Salt Basins - AR, DOAR6159000, AR,-92.631445,33.210107,,32.7666,-96.7779,242.5036435,280,9.195455651,1,30,2.280819455,30,1.674525676,13.15080078,,NO,46,NO,59.15080078, DOAR6159000,,
EOR, DOAR6161500,TX-LA-MS Salt Basins - AR, DOAR6161500, AR,-92.631445,33.210107,,32.7666,-96.7779,242.5036435,280,9.195455651,1,30,2.280819455,30,1.674525676,13.15080078,,NO,-64,YES,-50.84919922, DOAR6161500,,
EOR, DOAR6161600,TX-LA-MS Salt Basins - AR, DOAR6161600, AR,-92.631445,33.210107,,32.7666,-96.7779,242.5036435,280,9.195455651,1,30,2.280819455,30,1.674525676,13.15080078,,YES,-5,NO,8.150800782, DOAR6161600,,
EOR, DOAR6163400,TX-LA-MS Salt Basins - AR, DOAR6163400, AR,-92.631445,33.210107,,32.7666,-96.7779,242.5036435,280,9.195455651,1,30,2.280819455,30,1.674525676,13.15080078,,NO,68,NO,81.15080078, DOAR6163400,,
EOR, DOAR6165800,TX-LA-MS Salt Basins - AR, DOAR6165800, AR,-92.631445,33.210107,,32.7666,-96.7779,242.5036435,280,9.195455651,1,30,2.280819455,30,1.674525676,13.15080078,,NO,28,NO,41.15080078, DOAR6165800,,
EOR, DOAR6166400,TX-LA-MS Salt Basins - AR, DOAR6166400, AR,-92.631445,33.210107,,32.7666,-96.7779,242.5036435,280,9.195455651,1,30,2.280819455,30,1.674525676,13.15080078,,YES,100,NO,113.1508008, DOAR6166400,,
EOR, DOAR6168100,TX-LA-MS Salt Basins - AR, DOAR6168100, AR,-92.631445,33.210107,,32.7666,-96.7779,242.5036435,280,9.195455651,1,30,2.280819455,30,1.674525676,13.15080078,,YES,100,NO,113.1508008, DOAR6168100,,
EOR, DOAR6169000,TX-LA-MS Salt Basins - AR, DOAR6169000, AR,-92.631445,33.210107,,32.7666,-96.7779,242.5036435,280,9.195455651,1,30,2.280819455,30,1.674525676,13.15080078,,NO,-5,NO,8.150800782, DOAR6169000,,
EOR, DOAR6169400,TX-LA-MS Salt Basins - AR, DOAR6169400, AR,-92.631445,33.210107,,32.7666,-96.7779,242.5036435,280,9.195455651,1,30,2.280819455,30,1.674525676,13.15080078,,YES,63,NO,76.15080078, DOAR6169400,,
EOR, DOAR6171700,TX-LA-MS Salt Basins - AR, DOAR6171700, AR,-92.631445,33.210107,,32.7666,-96.7779,242.5036435,280,9.195455651,1,30,2.280819455,30,1.674525676,13.15080078,,NO,-27,NO,-13.84919922, DOAR6171700,,
EOR, DOAR6172100,TX-LA-MS Salt Basins - AR, DOAR6172100, AR,-92.631445,33.210107,,32.7666,-96.7779,242.5036435,280,9.195455651,1,30,2.280819455,30,1.674525676,13.15080078,,NO,100,NO,113.1508008, DOAR6172100,,
EOR, DOAR6177500,TX-LA-MS Salt Basins - AR, DOAR6177500, AR,-92.631445,33.210107,,32.7666,-96.7779,242.5036435,280,9.195455651,1,30,2.280819455,30,1.674525676,13.15080078,,NO,100,NO,113.1508008, DOAR6177500,,
EOR, DOAR6178500,TX-LA-MS Salt Basins - AR, DOAR6178500, AR,-92.631445,33.210107,,32.7666,-96.7779,242.5036435,280,9.195455651,1,30,2.280819455,30,1.674525676,13.15080078,,NO,-46,NO,-32.84919922, DOAR6178500,,
EOR, DOAR6178600,TX-LA-MS Salt Basins - AR, DOAR6178600, AR,-92.631445,33.210107,,32.7666,-96.7779,242.5036435,280,9.195455651,1,30,2.280819455,30,1.674525676,13.15080078,,NO,83,NO,96.15080078, DOAR6178600,,
EOR, DOAR6180500,TX-LA-MS Salt Basins - AR, DOAR6180500, AR,-92.631445,33.210107,,32.7666,-96.7779,242.5036435,280,9.195455651,1,30,2.280819455,30,1.674525676,13.15080078,,NO,86,NO,99.15080078, DOAR6180500,,
EOR, DOCA6884500,SE Oregon Basins - CA, DOCA6884500, CA,-120.891427,41.45145,,32.7666,-96.7779,1453.065004,1670,#N/A,1,50,4.013087396,50,2.569530778,#N/A,,NO,100,YES,#N/A, DOCA6884500,,
EOR, DOCO6746200,Las Animas Arch, DOCO6746200, CO,-102.420846,39.295384,,32.7666,-96.7779,550.7014872,630,19.31478754,1,50,4.013087396,50,2.569530778,25.89740571,,YES,100,NO,125.8974057, DOCO6746200,,
EOR, DOCO6746300,Las Animas Arch, DOCO6746300, CO,-102.420846,39.295384,,32.7666,-96.7779,550.7014872,630,19.31478754,1,50,4.013087396,50,2.569530778,25.89740571,,NO,-29,YES,-3.102594289, DOCO6746300,,
EOR, DOCO6746500,Las Animas Arch, DOCO6746500, CO,-102.420846,39.295384,,32.7666,-96.7779,550.7014872,630,19.31478754,1,50,4.013087396,50,2.569530778,25.89740571,,NO,100,NO,125.8974057, DOCO6746500,,
EOR, DOCO6748600,Las Animas Arch, DOCO6748600, CO,-102.420846,39.295384,,32.7666,-96.7779,550.7014872,630,19.31478754,1,50,4.013087396,50,2.569530778,25.89740571,,YES,100,NO,125.8974057, DOCO6748600,,
EOR, DOCA6870700,Los Angeles Basin, DOCA6870700, CA,-118.144392,33.538782,,32.7666,-96.7779,1236.313801,1420,#N/A,1,50,4.013087396,50,2.569530778,#N/A,,NO,-71,YES,#N/A, DOCA6870700,,
EOR, DOCA6871800,Los Angeles Basin, DOCA6871800, CA,-118.144392,33.538782,,32.7666,-96.7779,1236.313801,1420,#N/A,1,50,4.013087396,50,2.569530778,#N/A,,NO,-81,YES,#N/A, DOCA6871800,,
EOR, DOCA6871900,Los Angeles Basin, DOCA6871900, CA,-118.144392,33.538782,,32.7666,-96.7779,1236.313801,1420,#N/A,1,50,4.013087396,50,2.569530778,#N/A,,NO,-46,NO,#N/A, DOCA6871900,,
EOR, DOCA6872100,Los Angeles Basin, DOCA6872100, CA,-118.144392,33.538782,,32.7666,-96.7779,1236.313801,1420,#N/A,1,50,4.013087396,50,2.569530778,#N/A,,NO,-27,YES,#N/A, DOCA6872100,,
EOR, DOCA6872200,Los Angeles Basin, DOCA6872200, CA,-118.144392,33.538782,,32.7666,-96.7779,1236.313801,1420,#N/A,1,50,4.013087396,50,2.569530778,#N/A,,YES,100,YES,#N/A, DOCA6872200,,
EOR, DOCA6872800,Los Angeles Basin, DOCA6872800, CA,-118.144392,33.538782,,32.7666,-96.7779,1236.313801,1420,#N/A,1,50,4.013087396,50,2.569530778,#N/A,,NO,-54,YES,#N/A, DOCA6872800,,
EOR, DOCA6873100,Los Angeles Basin, DOCA6873100, CA,-118.144392,33.538782,,32.7666,-96.7779,1236.313801,1420,#N/A,1,50,4.013087396,50,2.569530778,#N/A,,YES,-69,YES,#N/A, DOCA6873100,,
EOR, DOCA6873200,Los Angeles Basin, DOCA6873200, CA,-118.144392,33.538782,,32.7666,-96.7779,1236.313801,1420,#N/A,1,50,4.013087396,50,2.569530778,#N/A,,YES,100,NO,#N/A, DOCA6873200,,
EOR, DOCA6873500,Los Angeles Basin, DOCA6873500, CA,-118.144392,33.538782,,32.7666,-96.7779,1236.313801,1420,#N/A,1,50,4.013087396,50,2.569530778,#N/A,,YES,89,NO,#N/A, DOCA6873500,,
EOR, DOCA6873600,Los Angeles Basin, DOCA6873600, CA,-118.144392,33.538782,,32.7666,-96.7779,1236.313801,1420,#N/A,1,50,4.013087396,50,2.569530778,#N/A,,YES,27,NO,#N/A, DOCA6873600,,
EOR, DOCA6873700,Los Angeles Basin, DOCA6873700, CA,-118.144392,33.538782,,32.7666,-96.7779,1236.313801,1420,#N/A,1,50,4.013087396,50,2.569530778,#N/A,,NO,-107,YES,#N/A, DOCA6873700,,
EOR, DOCA6873900,Los Angeles Basin, DOCA6873900, CA,-118.144392,33.538782,,32.7666,-96.7779,1236.313801,1420,#N/A,1,50,4.013087396,50,2.569530778,#N/A,,NO,-89,YES,#N/A, DOCA6873900,,
EOR, DOCA6874400,Los Angeles Basin, DOCA6874400, CA,-118.144392,33.538782,,32.7666,-96.7779,1236.313801,1420,#N/A,1,50,4.013087396,50,2.569530778,#N/A,,NO,-49,YES,#N/A, DOCA6874400,,
EOR, DOAZ6847000,Paradox Basin - AZ, DOAZ6847000, AZ,-109.322333,36.767976,,32.7666,-96.7779,763.8825027,880,26.69136185,1,50,4.013087396,50,2.569530778,33.27398002,,NO,100,NO,133.27398, DOAZ6847000,,
EOR, DOCO6844400,Paradox Basin - CO, DOCO6844400, CO,-108.511422,37.751791,,32.7666,-96.7779,746.2566765,860,26.21498817,1,50,4.013087396,50,2.569530778,32.79760634,,YES,-83,YES,-50.20239366, DOCO6844400,,
EOR, DOCO6845400,Paradox Basin - CO, DOCO6845400, CO,-108.511422,37.751791,,32.7666,-96.7779,746.2566765,860,26.21498817,1,50,4.013087396,50,2.569530778,32.79760634,,NO,13,NO,45.79760634, DOCO6845400,,
EOR, DOCA6851000,San Joaquin Basin, DOCA6851000, CA,-119.990192,36.333804,,32.7666,-96.7779,1341.843969,1540,#N/A,1,50,4.013087396,50,2.569530778,#N/A,,YES,11,YES,#N/A, DOCA6851000,,
EOR, DOCA6851200,San Joaquin Basin, DOCA6851200, CA,-119.990192,36.333804,,32.7666,-96.7779,1341.843969,1540,#N/A,1,50,4.013087396,50,2.569530778,#N/A,,NO,-86,YES,#N/A, DOCA6851200,,
EOR, DOCA6851700,San Joaquin Basin, DOCA6851700, CA,-119.990192,36.333804,,32.7666,-96.7779,1341.843969,1540,#N/A,1,50,4.013087396,50,2.569530778,#N/A,,YES,-171,YES,#N/A, DOCA6851700,,
EOR, DOCA6852700,San Joaquin Basin, DOCA6852700, CA,-119.990192,36.333804,,32.7666,-96.7779,1341.843969,1540,#N/A,1,50,4.013087396,50,2.569530778,#N/A,,NO,-174,YES,#N/A, DOCA6852700,,
EOR, DOCA6853300,San Joaquin Basin, DOCA6853300, CA,-119.990192,36.333804,,32.7666,-96.7779,1341.843969,1540,#N/A,1,50,4.013087396,50,2.569530778,#N/A,,NO,-22,YES,#N/A, DOCA6853300,,
EOR, DOCA6853500,San Joaquin Basin, DOCA6853500, CA,-119.990192,36.333804,,32.7666,-96.7779,1341.843969,1540,#N/A,1,50,4.013087396,50,2.569530778,#N/A,,NO,-130,YES,#N/A, DOCA6853500,,
EOR, DOCA6854900,San Joaquin Basin, DOCA6854900, CA,-119.990192,36.333804,,32.7666,-96.7779,1341.843969,1540,#N/A,1,50,4.013087396,50,2.569530778,#N/A,,NO,-171,YES,#N/A, DOCA6854900,,
EOR, DOCA6855400,San Joaquin Basin, DOCA6855400, CA,-119.990192,36.333804,,32.7666,-96.7779,1341.843969,1540,#N/A,1,50,4.013087396,50,2.569530778,#N/A,,NO,-101,YES,#N/A, DOCA6855400,,
EOR, DOCA6855500,San Joaquin Basin, DOCA6855500, CA,-119.990192,36.333804,,32.7666,-96.7779,1341.843969,1540,#N/A,1,50,4.013087396,50,2.569530778,#N/A,,NO,-83,YES,#N/A, DOCA6855500,,
EOR, DOCA6855800,San Joaquin Basin, DOCA6855800, CA,-119.990192,36.333804,,32.7666,-96.7779,1341.843969,1540,#N/A,1,50,4.013087396,50,2.569530778,#N/A,,NO,2,YES,#N/A, DOCA6855800,,
EOR, DOCA6856000,San Joaquin Basin, DOCA6856000, CA,-119.990192,36.333804,,32.7666,-96.7779,1341.843969,1540,#N/A,1,50,4.013087396,50,2.569530778,#N/A,,NO,-47,YES,#N/A, DOCA6856000,,
EOR, DOCA6856100,San Joaquin Basin, DOCA6856100, CA,-119.990192,36.333804,,32.7666,-96.7779,1341.843969,1540,#N/A,1,50,4.013087396,50,2.569530778,#N/A,,NO,-52,YES,#N/A, DOCA6856100,,
EOR, DOCA6856700,San Joaquin Basin, DOCA6856700, CA,-119.990192,36.333804,,32.7666,-96.7779,1341.843969,1540,#N/A,1,50,4.013087396,50,2.569530778,#N/A,,YES,66,YES,#N/A, DOCA6856700,,
EOR, DOCA6857300,San Joaquin Basin, DOCA6857300, CA,-119.990192,36.333804,,32.7666,-96.7779,1341.843969,1540,#N/A,1,50,4.013087396,50,2.569530778,#N/A,,NO,-57,YES,#N/A, DOCA6857300,,
EOR, DOCA6857400,San Joaquin Basin, DOCA6857400, CA,-119.990192,36.333804,,32.7666,-96.7779,1341.843969,1540,#N/A,1,50,4.013087396,50,2.569530778,#N/A,,NO,13,YES,#N/A, DOCA6857400,,
EOR, DOCA6859100,San Joaquin Basin, DOCA6859100, CA,-119.990192,36.333804,,32.7666,-96.7779,1341.843969,1540,#N/A,1,50,4.013087396,50,2.569530778,#N/A,,YES,50,NO,#N/A, DOCA6859100,,
EOR, DOCA6859200,San Joaquin Basin, DOCA6859200, CA,-119.990192,36.333804,,32.7666,-96.7779,1341.843969,1540,#N/A,1,50,4.013087396,50,2.569530778,#N/A,,NO,-168,YES,#N/A, DOCA6859200,,
EOR, DOCA6860200,San Joaquin Basin, DOCA6860200, CA,-119.990192,36.333804,,32.7666,-96.7779,1341.843969,1540,#N/A,1,50,4.013087396,50,2.569530778,#N/A,,YES,100,NO,#N/A, DOCA6860200,,
EOR, DOCA6860900,San Joaquin Basin, DOCA6860900, CA,-119.990192,36.333804,,32.7666,-96.7779,1341.843969,1540,#N/A,1,50,4.013087396,50,2.569530778,#N/A,,NO,-4,YES,#N/A, DOCA6860900,,
EOR, DOCA6861100,San Joaquin Basin, DOCA6861100, CA,-119.990192,36.333804,,32.7666,-96.7779,1341.843969,1540,#N/A,1,50,4.013087396,50,2.569530778,#N/A,,YES,77,YES,#N/A, DOCA6861100,,
EOR, DOCA6861600,San Joaquin Basin, DOCA6861600, CA,-119.990192,36.333804,,32.7666,-96.7779,1341.843969,1540,#N/A,1,50,4.013087396,50,2.569530778,#N/A,,NO,-30,YES,#N/A, DOCA6861600,,
EOR, DOCA6861800,San Joaquin Basin, DOCA6861800, CA,-119.990192,36.333804,,32.7666,-96.7779,1341.843969,1540,#N/A,1,50,4.013087396,50,2.569530778,#N/A,,NO,-22,NO,#N/A, DOCA6861800,,
EOR, DOCA6862100,San Joaquin Basin, DOCA6862100, CA,-119.990192,36.333804,,32.7666,-96.7779,1341.843969,1540,#N/A,1,50,4.013087396,50,2.569530778,#N/A,,YES,-2,YES,#N/A, DOCA6862100,,
EOR, DOCA6862600,San Joaquin Basin, DOCA6862600, CA,-119.990192,36.333804,,32.7666,-96.7779,1341.843969,1540,#N/A,1,50,4.013087396,50,2.569530778,#N/A,,YES,-3,NO,#N/A, DOCA6862600,,
EOR, DOCA6862700,San Joaquin Basin, DOCA6862700, CA,-119.990192,36.333804,,32.7666,-96.7779,1341.843969,1540,#N/A,1,50,4.013087396,50,2.569530778,#N/A,,NO,-134,NO,#N/A, DOCA6862700,,
EOR, DOCA6862800,San Joaquin Basin, DOCA6862800, CA,-119.990192,36.333804,,32.7666,-96.7779,1341.843969,1540,#N/A,1,50,4.013087396,50,2.569530778,#N/A,,NO,-76,YES,#N/A, DOCA6862800,,
EOR, DOCO6842000,San Juan Basin - CO, DOCO6842000, CO,-107.440015,37.140803,,32.7666,-96.7779,675.3834141,780,23.84755531,1,50,4.013087396,50,2.569530778,30.43017349,,YES,42,NO,72.43017349, DOCO6842000,,
EOR, DOCO6842100,San Juan Basin - CO, DOCO6842100, CO,-107.440015,37.140803,,32.7666,-96.7779,675.3834141,780,23.84755531,1,50,4.013087396,50,2.569530778,30.43017349,,NO,100,NO,130.4301735, DOCO6842100,,
EOR, DOCO6807300,Southwestern Wyoming - CO, DOCO6807300, CO,-107.905034,40.729195,,32.7666,-96.7779,825.6061285,950,28.81339008,1,50,4.013087396,50,2.569530778,35.39600825,,NO,-162,YES,-126.6039917, DOCO6807300,,
EOR, DOCO6807600,Southwestern Wyoming - CO, DOCO6807600, CO,-107.905034,40.729195,,32.7666,-96.7779,825.6061285,950,28.81339008,1,50,4.013087396,50,2.569530778,35.39600825,,YES,100,NO,135.3960083, DOCO6807600,,
EOR, DOCO6807700,Southwestern Wyoming - CO, DOCO6807700, CO,-107.905034,40.729195,,32.7666,-96.7779,825.6061285,950,28.81339008,1,50,4.013087396,50,2.569530778,35.39600825,,YES,-44,YES,-8.603991748, DOCO6807700,,
EOR, DOCO6807900,Southwestern Wyoming - CO, DOCO6807900, CO,-107.905034,40.729195,,32.7666,-96.7779,825.6061285,950,28.81339008,1,50,4.013087396,50,2.569530778,35.39600825,,NO,-36,NO,-0.603991748, DOCO6807900,,
EOR, DOCA6864800,Ventura Basin, DOCA6864800, CA,-119.228184,34.329051,,32.7666,-96.7779,1296.08678,1490,#N/A,1,50,4.013087396,50,2.569530778,#N/A,,NO,-75,YES,#N/A, DOCA6864800,,
EOR, DOCA6865100,Ventura Basin, DOCA6865100, CA,-119.228184,34.329051,,32.7666,-96.7779,1296.08678,1490,#N/A,1,50,4.013087396,50,2.569530778,#N/A,,NO,-50,YES,#N/A, DOCA6865100,,
EOR, DOCA6865400,Ventura Basin, DOCA6865400, CA,-119.228184,34.329051,,32.7666,-96.7779,1296.08678,1490,#N/A,1,50,4.013087396,50,2.569530778,#N/A,,NO,-158,YES,#N/A, DOCA6865400,,
EOR, DOCA6865700,Ventura Basin, DOCA6865700, CA,-119.228184,34.329051,,32.7666,-96.7779,1296.08678,1490,#N/A,1,50,4.013087396,50,2.569530778,#N/A,,NO,100,NO,#N/A, DOCA6865700,,
EOR, DOCA6866600,Ventura Basin, DOCA6866600, CA,-119.228184,34.329051,,32.7666,-96.7779,1296.08678,1490,#N/A,1,50,4.013087396,50,2.569530778,#N/A,,NO,-22,YES,#N/A, DOCA6866600,,
EOR, DOCA6866900,Ventura Basin, DOCA6866900, CA,-119.228184,34.329051,,32.7666,-96.7779,1296.08678,1490,#N/A,1,50,4.013087396,50,2.569530778,#N/A,,YES,-50,YES,#N/A, DOCA6866900,,
EOR, DOCA6867100,Ventura Basin, DOCA6867100, CA,-119.228184,34.329051,,32.7666,-96.7779,1296.08678,1490,#N/A,1,50,4.013087396,50,2.569530778,#N/A,,YES,100,NO,#N/A, DOCA6867100,,
EOR, DOCA6867400,Ventura Basin, DOCA6867400, CA,-119.228184,34.329051,,32.7666,-96.7779,1296.08678,1490,#N/A,1,50,4.013087396,50,2.569530778,#N/A,,NO,-75,YES,#N/A, DOCA6867400,,
EOR, DOCA6867600,Ventura Basin, DOCA6867600, CA,-119.228184,34.329051,,32.7666,-96.7779,1296.08678,1490,#N/A,1,50,4.013087396,50,2.569530778,#N/A,,NO,-38,YES,#N/A, DOCA6867600,,
EOR, DOCA6867800,Ventura Basin, DOCA6867800, CA,-119.228184,34.329051,,32.7666,-96.7779,1296.08678,1490,#N/A,1,50,4.013087396,50,2.569530778,#N/A,,YES,60,NO,#N/A, DOCA6867800,,
EOR, DOCA6868600,Ventura Basin, DOCA6868600, CA,-119.228184,34.329051,,32.7666,-96.7779,1296.08678,1490,#N/A,1,50,4.013087396,50,2.569530778,#N/A,,YES,100,NO,#N/A, DOCA6868600,,
EOR, DOCA6868700,Ventura Basin, DOCA6868700, CA,-119.228184,34.329051,,32.7666,-96.7779,1296.08678,1490,#N/A,1,50,4.013087396,50,2.569530778,#N/A,,NO,74,NO,#N/A, DOCA6868700,,
EOR, DOCA6869700,Ventura Basin, DOCA6869700, CA,-119.228184,34.329051,,32.7666,-96.7779,1296.08678,1490,#N/A,1,50,4.013087396,50,2.569530778,#N/A,,NO,77,NO,#N/A, DOCA6869700,,
